pdb_code,MHC,peptide,peptide_length,Major_anchors,Secondary_anchors
1A1M.pdb,HLA-B*53:01,TPYDINQML,9,"2,9","9,1,2"
1A1N.pdb,HLA-B*35:01,VPLRPMTY,8,"2,8","8,2"
1A1O.pdb,HLA-B*53:01,KPIVQYDNF,9,"2,9","9,2"
1A9B.pdb,HLA-B*35:01,LPPLDITPY,9,"2,9","9,1,2"
1A9E.pdb,HLA-B*35:01,LPPLDITPY,9,"2,9","9,1,2"
1AGB.pdb,HLA-B*08:01,GGRKKYKL,8,"2,8","8,1,5,2"
1AGC.pdb,HLA-B*08:01,GGKKKYQL,8,"2,8","8,1,5,2"
1AGD.pdb,HLA-B*08:01,GGKKKYKL,8,"2,8","8,1,5,2"
1AGE.pdb,HLA-B*08:01,GGKKKYRL,8,"2,8","8,1,5,2"
1AGF.pdb,HLA-B*08:01,GGKKRYKL,8,"2,8","8,1,5,2"
1AKJ.pdb,HLA-A*02:01,ILKEPVHGV,9,"2,9","9,1,2"
1AO7.pdb,HLA-A*02:01,LLFGYPVYV,9,"2,9","9,2"
1B0G.pdb,HLA-A*02:01,ALWGFFPVL,9,"2,9","9,1,2"
1BD2.pdb,HLA-A*02:01,LLFGYPVYV,9,"2,9","9,2"
1BII.pdb,H2-Dd,RGPGRAFVTI,10,"2,10","10,3,1,5,2"
1BQH.pdb,H2-Kb,RGYVYQGL,8,"2,8","8,2"
1BZ9.pdb,H2-Db,FAPGVFPYM,9,"2,9","3,9,6,1,2"
1CE6.pdb,H2-Db,FAPGNYPAL,9,"2,9","3,9,5,2"
1CG9.pdb,HLA-B*35:01,LPPLDITPY,9,"2,9","9,1,2"
1DDH.pdb,H2-Dd,RGPGRAFVTI,10,"2,10","10,3,5,2"
1DUY.pdb,HLA-A*02:01,LFGYPVYV,8,"1,8","8,1"
1DUZ.pdb,HLA-A*02:01,LLFGYPVYV,9,"2,9","9,2"
1E27.pdb,HLA-B*51:01,LPPVVAKEI,9,"2,9","3,9,2"
1E28.pdb,HLA-B*51:01,TAFTIPSI,8,"2,8","8,2,1"
1ED3.pdb,Rano-A1*b,ILFPSSERLISNR,13,"2,13","10,3,13,2"
1EEY.pdb,HLA-A*02:01,ILSALVGIV,9,"2,9","9,2"
1EEZ.pdb,HLA-A*02:01,ILSALVGIL,9,"2,9","9,2"
1EFX.pdb,HLA-C*03:04,GAVDPLLAL,9,"2,9","3,9,1,5,2"
1FFN.pdb,H2-Db,KAVYNFATM,9,"2,9","3,9,1,5,2"
1FFO.pdb,H2-Db,AAVYNFATM,9,"2,9","3,9,1,5,2"
1FFP.pdb,H2-Db,SAVYNFATM,9,"2,9","3,9,1,5,2"
1FG2.pdb,H2-Db,KAVYNFATC,9,"2,9","3,9,1,5,2"
1FO0.pdb,H2-Kb,INFDFNTI,8,"2,8","8,1,5,2"
1FZJ.pdb,H2-Kb,RGYVYQGL,8,"2,8","8,2,1"
1FZK.pdb,H2-Kb,FAPGNYPAL,9,"2,9","9,2,1"
1FZM.pdb,H2-Kb,RGYVYQGL,8,"2,8","8,2,1"
1FZO.pdb,H2-Kb,FAPGNYPAL,9,"2,9","9,2,1"
1G6R.pdb,H2-Kb,SIYRYYGL,8,"2,8","8,1,2"
1G7P.pdb,H2-Kb,SRDHSRTPM,9,"2,9","9,6,1,2"
1G7Q.pdb,H2-Kb,SAPDTRPA,8,"2,8","8,3,2,1"
1HHG.pdb,HLA-A*02:01,TLTSCNTSV,9,"2,9","9,1,2"
1HHH.pdb,HLA-A*02:01,FLPSDFFPSV,10,"2,10","10,7,2"
1HHI.pdb,HLA-A*02:01,GILGFVFTL,9,"2,9","9,1,2"
1HHJ.pdb,HLA-A*02:01,ILKEPVHGV,9,"2,9","9,2"
1HHK.pdb,HLA-A*02:01,LLFGYPVYV,9,"2,9","9,2"
1HOC.pdb,H2-Db,ASNENMETM,9,"2,9","9,1,5,2"
1HSA.pdb,HLA-B*27:05,ARAAAAAAA,9,"2,9","9,2,1"
1I1F.pdb,HLA-A*02:01,FLKEPVHGV,9,"2,9","9,2"
1I1Y.pdb,HLA-A*02:01,YLKEPVHGV,9,"2,9","9,2"
1I4F.pdb,HLA-A*02:01,GVYDGREHTV,10,"2,10","10,1,2"
1I7R.pdb,HLA-A*02:01,FAPGFFPYL,9,"2,9","9,2"
1I7T.pdb,HLA-A*02:01,ALWGVFPVL,9,"2,9","9,1,2"
1I7U.pdb,HLA-A*02:01,ALWGFVPVL,9,"2,9","9,1,2"
1IM3.pdb,HLA-A*02:01,LLFGYPVYV,9,"2,9","9,2"
1IM9.pdb,HLA-C*04:01,QYDDAVYKL,9,"2,9","3,9,1,7,2"
1INQ.pdb,H2-Db,SSVVGVWYL,9,"2,9","3,9,1,2"
1JF1.pdb,HLA-A*02:01,ELAGIGILTV,10,"2,10","10,2"
1JGD.pdb,HLA-B*27:09,RRLLRGHNQY,10,"2,10","10,2"
1JGE.pdb,HLA-B*27:05,GRFAAAIAK,9,"2,9","9,1,2"
1JHT.pdb,HLA-A*02:01,ALGIGILTV,9,"2,9","9,1,2"
1JPF.pdb,H2-Db,SGVENPGGYCL,11,"2,11","3,1,5,11,2"
1JPG.pdb,H2-Db,FQPQNGQFI,9,"2,9","3,9,5,2"
1JTR.pdb,H2-Kb,EQYKFYSV,8,"2,8","8,1,2"
1JUF.pdb,H2-Db,SSVIGVWYL,9,"2,9","3,9,1,2"
1K5N.pdb,HLA-B*27:09,GRFAAAIAK,9,"2,9","9,1,2"
1K8D.pdb,H2-Q7,ILMEHIHKL,9,"2,9","3,9,7,2"
1KJ2.pdb,H2-Kb,KVITFIDL,8,"2,8","8,5,2"
1KJ3.pdb,H2-Kb,KVITFIDL,8,"2,8","8,5,2"
1KJM.pdb,Rano-A1*b,AQFSASASR,9,"2,9","9,1,2"
1KJV.pdb,Rano-A1*b,NPRAMQALL,9,"2,9","9,1,2"
1KPR.pdb,HLA-E*01:03,VMAPRTVLL,9,"2,9","9,6,1,2"
1KPU.pdb,H2-Kb,RGYVYQGL,8,"2,8","8,2"
1KPV.pdb,H2-Kb,FAPGNYPAL,9,"2,9","9,2,1"
1KTL.pdb,HLA-E*01:03,VTAPRTLLL,9,"2,9","9,6,1,7,2"
1L6Q.pdb,H2-Kd,LYLVCGERG,9,"2,9","3,9,1,7,2"
1LD9.pdb,H2-Ld,YPNVNIHNF,9,"2,9","9,3,1,2"
1LEG.pdb,H2-Kb,EQYKFYSV,8,"2,8","8,1,2"
1LEK.pdb,H2-Kb,EQYKFYSV,8,"2,8","8,1,2"
1LK2.pdb,H2-Kb,GNYSFYAL,8,"2,8","8,3,1,2"
1LP9.pdb,HLA-A*02:01,ALWGFFPVL,9,"2,9","9,1,2"
1M05.pdb,HLA-B*08:01,FLRGRAYGL,9,"2,9","9,1,2"
1M6O.pdb,HLA-B*44:02,EEFGRAFSF,9,"2,9","9,1,2"
1MHE.pdb,HLA-E*01:01,VMAPRTVLL,9,"2,9","9,6,1,7,2"
1MI5.pdb,HLA-B*08:01,FLRGRAYGL,9,"2,9","9,2"
1MWA.pdb,H2-Kb,EQYKFYSV,8,"2,8","8,1,2"
1N2R.pdb,HLA-B*44:03,EEFGRAFSF,9,"2,9","9,1,2"
1N3N.pdb,H2-Db,SALQNAASIA,10,"2,10","10,3,1,5,2"
1N59.pdb,H2-Kb,AVYNFATM,8,"2,8","8,1,5,2"
1N5A.pdb,H2-Db,KAVYNFATM,9,"2,9","3,9,1,5,2"
1NAM.pdb,H2-Kb,RGYVYQGL,8,"2,8","8,1,5,2"
1NAN.pdb,H2-Kb,INFDFNTI,8,"2,8","8,1,2"
1OF2.pdb,HLA-B*27:09,RRKWRRWHL,9,"2,9","9,2"
1OGA.pdb,HLA-A*02:01,GILGFVFTL,9,"2,9","9,1,2"
1OGT.pdb,HLA-B*27:05,RRKWRRWHL,9,"2,9","9,2"
1OSZ.pdb,H2-Kb,RGYLYQGL,8,"2,8","8,3,1,5,2"
1P1Z.pdb,H2-Kb,SIINFEKL,8,"2,8","8,1,5,2"
1P4L.pdb,H2-Kb,SIINFEKL,8,"2,8","8,1,2"
1P7Q.pdb,HLA-A*02:01,ILKEPVHGV,9,"2,9","9,6,1,2"
1Q94.pdb,HLA-A*11:01,AIFQSSMTK,9,"2,9","9,1,2"
1QEW.pdb,HLA-A*02:01,FLWGPRALV,9,"2,9","9,2"
1QLF.pdb,H2-Db,FAPSNYPAL,9,"2,9","3,9,5,2"
1QO3.pdb,H2-Dd,RGPGRAFVTI,10,"2,10","10,3,5,2"
1QQD.pdb,HLA-C*04:01,QYDDAVYKL,9,"2,9","9,1,7,2"
1QR1.pdb,HLA-A*02:01,IISAVVGIL,9,"2,9","9,2"
1QRN.pdb,HLA-A*02:01,LLFGYAVYV,9,"2,9","9,2"
1QSE.pdb,HLA-A*02:01,LLFGYPRYV,9,"2,9","9,1,2"
1QSF.pdb,HLA-A*02:01,LLFGYPVAV,9,"2,9","9,2"
1QVO.pdb,HLA-A*11:01,QVPLRPMTYK,10,"2,10","10,1,7,2"
1RJY.pdb,H2-Kb,SSIEFARL,8,"2,8","8,1,5,2"
1RJZ.pdb,H2-Kb,SEIEFARL,8,"2,8","8,1,5,2"
1RK0.pdb,H2-Kb,SSIEFARL,8,"2,8","8,3,1,5,2"
1RK1.pdb,H2-Kb,SEIEFARL,8,"2,8","8,1,5,2"
1S7Q.pdb,H2-Kb,AVYNFATM,8,"2,8","8,3,1,5,2"
1S7R.pdb,H2-Kb,KAVYNLATM,9,"3,9","4,3,9,6,2"
1S7S.pdb,H2-Kb,ALYNFATM,8,"2,8","8,3,1,5,2"
1S7T.pdb,H2-Kb,AVFNFATM,8,"2,8","8,3,1,5,2"
1S7U.pdb,H2-Db,KAVYNFATM,9,"2,9","3,9,1,5,2"
1S7V.pdb,H2-Db,KAVYNLATM,9,"2,9","3,9,1,5,2"
1S7W.pdb,H2-Db,KALYNFATM,9,"2,9","3,9,1,5,2"
1S7X.pdb,H2-Db,KAVFNFATM,9,"2,9","3,9,1,5,2"
1S8D.pdb,HLA-A*02:01,SLANTVATL,9,"2,9","9,1,2"
1S9W.pdb,HLA-A*02:01,SLLMWITQC,9,"2,9","3,9,6,1,2"
1S9X.pdb,HLA-A*02:01,SLLMWITQA,9,"2,9","3,9,6,1,2"
1S9Y.pdb,HLA-A*02:01,SLLMWITQS,9,"2,9","3,9,6,1,2"
1SYS.pdb,HLA-B*44:03,EEPTVIKKY,9,"2,9","9,1,7,2"
1SYV.pdb,HLA-B*44:05,EEFGRAFSF,9,"2,9","9,1,2"
1T0M.pdb,H2-Kb,SSIEFARL,8,"2,8","8,1,5,2"
1T0N.pdb,H2-Kb,SSIEFARL,8,"2,8","8,1,5,2"
1T1W.pdb,HLA-A*02:01,SLFNTIAVL,9,"2,9","9,1,2"
1T1X.pdb,HLA-A*02:01,SLYLTVATL,9,"2,9","9,1,2"
1T1Y.pdb,HLA-A*02:01,SLYNVVATL,9,"2,9","9,1,2"
1T1Z.pdb,HLA-A*02:01,ALYNTAAAL,9,"2,9","9,1,2"
1T20.pdb,HLA-A*02:01,SLYNTIATL,9,"2,9","9,1,2"
1T21.pdb,HLA-A*02:01,SLYNTVATL,9,"2,9","9,1,2"
1T22.pdb,HLA-A*02:01,SLYNTVATL,9,"2,9","9,1,2"
1TVB.pdb,HLA-A*02:01,ITDQVPFSV,9,"2,9","9,2"
1TVH.pdb,HLA-A*02:01,IMDQVPFSV,9,"2,9","9,2"
1UXS.pdb,HLA-B*27:05,RRRWRRLTV,9,"2,9","9,2"
1VAC.pdb,H2-Kb,SIINFEKL,8,"2,8","8,1,5,2"
1VAD.pdb,H2-Kb,SRDHSRTPM,9,"2,9","9,6,1,2"
1VGK.pdb,H2-Kd,SYVNTNMGL,9,"2,9","3,9,1,5,2"
1W0V.pdb,HLA-B*27:05,RRLPIFSRL,9,"2,9","9,2"
1W0W.pdb,HLA-B*27:09,RRLPIFSRL,9,"2,9","9,2"
1W72.pdb,HLA-A*01:01,EADPTGHSY,9,"2,9","9,2,1"
1WBX.pdb,H2-Db,SQLKNNAKEI,10,"2,10","10,3,1,5,2"
1WBY.pdb,H2-Db,SSLENFRAYV,10,"2,10","10,3,1,5,2"
1WBZ.pdb,H2-Kb,SSYRRPVGI,9,"2,9","9,2,1"
1X7Q.pdb,HLA-A*11:01,KTFPPTEPK,9,"2,9","9,1,2"
1XH3.pdb,HLA-B*35:01,LPAVVGLSPGEQEY,14,"2,14","1,14,2"
1XR9.pdb,HLA-B*15:01,ILGPPGSVY,9,"2,9","9,1,2"
1YDP.pdb,HLA-G*01:04,RIIPRHLQL,9,"2,9","3,9,6,7,2"
1YN6.pdb,H2-Db,SSLENFRAYV,10,"2,10","10,3,1,5,2"
1YN7.pdb,H2-Db,SSLENFAAYV,10,"2,10","10,3,1,5,2"
1ZHB.pdb,H2-Db,KALYNYAPI,9,"2,9","3,9,1,5,2"
1ZHK.pdb,HLA-B*35:01,LPEPLPQGQLTAY,13,"2,13","1,13,2"
1ZHL.pdb,HLA-B*35:08,LPEPLPQGQLTAY,13,"2,13","1,13,2"
1ZSD.pdb,HLA-B*35:01,EPLPQGQLTAY,11,"2,11","1,11,2"
1ZT1.pdb,H2-Kk,FEANGNLI,8,"2,8","8,2"
1ZT7.pdb,H2-Kk,SEFLLEKRI,9,"2,9","9,1,7,2"
1ZVS.pdb,Mafa-A1*001:01:01,TTPESANL,8,"2,8","8,3,1,2"
2A83.pdb,HLA-B*27:05,RRRWHRWRL,9,"2,9","9,2"
2AK4.pdb,HLA-B*35:08,LPEPLPQGQLTAY,13,"2,13","1,13,2"
2AV1.pdb,HLA-A*02:01,LLFGYPVYV,9,"2,9","9,2"
2AV7.pdb,HLA-A*02:01,LLFGYPVYV,9,"2,9","9,2"
2AXF.pdb,HLA-B*35:08,APQPAPENAY,10,"2,10","10,1,2"
2AXG.pdb,HLA-B*35:01,APQPAPENAY,10,"2,10","10,1,2"
2BCK.pdb,HLA-A*24:02,VYGFVRACL,9,"2,9","9,5,2"
2BNQ.pdb,HLA-A*02:01,SLLMWITQV,9,"2,9","9,1,2"
2BNR.pdb,HLA-A*02:01,SLLMWITQC,9,"2,9","9,1,2"
2BSR.pdb,HLA-B*27:05,RRIYDLIEL,9,"2,9","9,2"
2BSS.pdb,HLA-B*27:05,KRWIILGLNK,10,"2,10","10,2"
2BST.pdb,HLA-B*27:05,SRYWAIRTR,9,"2,9","9,1,2"
2BVO.pdb,HLA-B*57:03,KAFSPEVIPMF,11,"2,11","11,2"
2BVP.pdb,HLA-B*57:03,ISPRTLDAW,9,"2,9","2,3,9"
2BVQ.pdb,HLA-B*57:03,KAFSPEVI,8,"2,8","8,2"
2C7U.pdb,HLA-A*02:01,SLFNTIAVL,9,"2,9","9,1,2"
2CIK.pdb,HLA-B*35:01,KPIVVLHGY,9,"2,9","9,2"
2CKB.pdb,H2-Kb,EQYKFYSV,8,"2,8","8,5,2"
2CLR.pdb,HLA-A*02:01,MLLSVPLLLG,10,"2,9","9,2"
2CLV.pdb,H2-Kb,SQYYYNSL,8,"2,8","8,3,1,2"
2CLZ.pdb,H2-Kb,INFDFNTI,8,"2,8","8,3,1,5,2"
2D31.pdb,HLA-G*01:01,RIIPRHLQL,9,"2,9","9,3,6,2"
2DYP.pdb,HLA-G*01:01,RIIPRHLQL,9,"2,9","3,9,6,7,2"
2ESV.pdb,HLA-E*01:01,VMAPRTLIL,9,"2,9","9,6,1,7,2"
2F53.pdb,HLA-A*02:01,SLLMWITQC,9,"2,9","9,1,2"
2F54.pdb,HLA-A*02:01,SLLMWITQC,9,"2,9","9,1,2"
2F74.pdb,H2-Db,KAVYNFATM,9,"2,9","3,9,1,5,2"
2FO4.pdb,H2-Kb,SAPDFRPL,8,"2,8","8,1,5,2"
2FWO.pdb,H2-Kd,TYQRTRALV,9,"2,9","9,1,5,2"
2FZ3.pdb,HLA-B*35:08,HPVGEADYFEY,11,"2,11","1,11,2"
2GIT.pdb,HLA-A*02:01,LLFGKPVYV,9,"2,9","9,2"
2GJ6.pdb,HLA-A*02:01,LLFGKPVYV,9,"2,9","9,2"
2GT9.pdb,HLA-A*02:01,EAAGIGILTV,10,"2,10","10,2"
2GTW.pdb,HLA-A*02:01,LAGIGILTV,9,"1,9","9,6,1"
2GTZ.pdb,HLA-A*02:01,ALGIGILTV,9,"2,9","9,6,1,2"
2GUO.pdb,HLA-A*02:01,AAGIGILTV,9,"2,9","9,6,1,2"
2H6P.pdb,HLA-B*35:01,KPIVVLHGY,9,"2,9","9,2"
2HJK.pdb,HLA-B*57:06,KGFNPEVIPMF,11,"2,11","11,2"
2HJL.pdb,HLA-B*57:06,KAFNPEIIPMF,11,"2,11","11,2"
2HN7.pdb,HLA-A*11:01,AIMPARFYPK,10,"2,10","10,3,1,2"
2J8U.pdb,HLA-A*02:01,ALWGFFPVL,9,"2,9","9,1,2"
2JCC.pdb,HLA-A*02:01,ALWGFFPVL,9,"2,9","9,2"
2MHA.pdb,H2-Kb,RGYVYQGL,8,"2,8","8,2"
2NW3.pdb,HLA-B*35:08,EPLPQGQLTAY,11,"2,11","1,11,2"
2NX5.pdb,HLA-B*35:01,EPLPQGQLTAY,11,"2,11","1,11,2"
2OL3.pdb,H2-Kb,SQYYYNSL,8,"2,8","8,1,2"
2P5E.pdb,HLA-A*02:01,SLLMWITQC,9,"2,9","9,1,2"
2P5W.pdb,HLA-A*02:01,SLLMWITQC,9,"2,9","9,1,2"
2PYE.pdb,HLA-A*02:01,SLLMWITQC,9,"2,9","9,1,2"
2RFX.pdb,HLA-B*57:01,LSSPVTKSF,9,"2,9","7,9,2"
2UWE.pdb,HLA-A*02:01,ALWGFFPVL,9,"2,9","9,1,2"
2V2W.pdb,HLA-A*02:01,SLYNTVATL,9,"2,9","9,1,2"
2V2X.pdb,HLA-A*02:01,SLFNTVATL,9,"2,9","9,1,2"
2VAA.pdb,H2-Kb,RGYVYQGL,8,"2,8","5,8,2"
2VAB.pdb,H2-Kb,FAPGNYPAL,9,"2,9","9,2"
2VLJ.pdb,HLA-A*02:01,GILGFVFTL,9,"2,9","9,1,2"
2VLK.pdb,HLA-A*02:01,GILGFVFTL,9,"2,9","9,1,2"
2VLL.pdb,HLA-A*02:01,GILGFVFTL,9,"2,9","9,1,2"
2VLR.pdb,HLA-A*02:01,GILGFVFTL,9,"2,9","9,1,2"
2X4O.pdb,HLA-A*02:01,KLTPLCVTL,9,"2,9","9,2"
2X4R.pdb,HLA-A*02:01,NLVPMVATV,9,"2,9","9,2"
2X4S.pdb,HLA-A*02:01,AMDSNTLEL,9,"2,9","9,1,2"
2X4U.pdb,HLA-A*02:01,ILKEPVHGV,9,"2,9","9,2"
2XFX.pdb,BoLA-6*013:01,VGYPKVKEEML,11,"2,11","10,1,5,11,2"
2XPG.pdb,HLA-A*03:01,KLIETYFSK,9,"2,9","9,1,2"
2YEZ.pdb,Gaga-BF2*021:01:01,TNPESKVFYL,10,"2,10","10,3,2"
2YF5.pdb,Gaga-BF2*021:01:01,TAGQSNYDRL,10,"2,10","8,10,1,2"
2YF6.pdb,Gaga-BF2*021:01:01,TAGQEDYDRL,10,"2,10","8,10,1,2"
2YPK.pdb,HLA-B*57:01,KAFSPEVIPMF,11,"2,11","11,2"
2YPL.pdb,HLA-B*57:06,KAFSPEVIPMF,11,"2,11","11,2"
3AM8.pdb,HLA-E*01:01,VMGPRTLIL,9,"2,9","9,6,1,7,2"
3BEV.pdb,Gaga-BF2*021:01:01,GHAEEYGAETL,11,"2,11","9,1,11,2"
3BEW.pdb,Gaga-BF2*021:01:01,REVDEQLLSV,10,"2,10","8,10,2"
3BGM.pdb,HLA-A*02:01,RQASLSISV,9,"2,9","9,2"
3BH8.pdb,HLA-A*02:01,RQASIELPSM,10,"2,10","10,7,2"
3BH9.pdb,HLA-A*02:01,RTYSGPMNKV,10,"2,10","10,2"
3BHB.pdb,HLA-A*02:01,KMDSFLDMQL,10,"2,10","10,2"
3BO8.pdb,HLA-A*01:01,EADPTGHSY,9,"2,9","9,2,1"
3BP4.pdb,HLA-B*27:05,IRAAPPPLF,9,"2,9","9,1,2"
3BP7.pdb,HLA-B*27:09,IRAAPPPLF,9,"2,9","9,1,2"
3BUY.pdb,H2-Db,LSLRNPILV,9,"2,9","3,9,1,5,2"
3BVN.pdb,HLA-B*14:02,RRRWRRLTV,9,"2,9","9,2"
3BW9.pdb,HLA-B*35:08,CPSQEPMSIYVY,12,"2,12","1,12,2"
3BWA.pdb,HLA-B*35:08,FPTKDVAL,8,"2,8","8,1,5,2"
3BXN.pdb,HLA-B*14:02,IRAAPPPLF,9,"2,9","9,2"
3BZE.pdb,HLA-E*01:01,VMAPRTLFL,9,"2,9","9,6,1,7,2"
3BZF.pdb,HLA-E*01:01,VMAPRALLL,9,"2,9","9,1,7,2"
3C8K.pdb,H2-Kb,SIINFEKL,8,"2,8","8,1,5,2"
3C9N.pdb,HLA-B*15:01,VQQESSFVM,9,"2,9","9,1,2"
3CC5.pdb,H2-Db,KVPRNQDWL,9,"2,9","3,9,1,5,2"
3CCH.pdb,H2-Db,EGSRNQDWL,9,"2,9","5,9,2"
3CDG.pdb,HLA-E*01:01,VMAPRTLFL,9,"2,9","9,6,1,7,2"
3CH1.pdb,H2-Db,EGPRNQDWL,9,"2,9","3,9,1,5,2"
3CII.pdb,HLA-E*01:01,VMAPRTLFL,9,"2,9","9,6,1,7,2"
3CPL.pdb,H2-Db,ASNENAETM,9,"2,9","9,1,5,2"
3CVH.pdb,H2-Kb,SIINFEKL,8,"2,8","8,1,5,2"
3CZF.pdb,HLA-B*27:09,RRRWHRWRL,9,"2,9","9,2"
3D25.pdb,HLA-A*02:01,VLHDDLLEA,9,"2,9","9,6,1,2"
3D3V.pdb,HLA-A*02:01,LLFGFPVYV,9,"2,9","9,2"
3DMM.pdb,H2-Dd,RGPGRAFVTI,10,"2,10","10,3,1,5,2"
3DX6.pdb,HLA-B*44:02,EENLLDFVRF,10,"2,10","10,1,2"
3DX7.pdb,HLA-B*44:03,EENLLDFVRF,10,"2,10","10,1,2"
3DX8.pdb,HLA-B*44:05,EENLLDFVRF,10,"2,10","10,1,2"
3DXA.pdb,HLA-B*44:05,EENLLDFVRF,10,"2,10","10,1,2"
3E6F.pdb,H2-Dd,IGPGRAFYA,9,"2,9","3,9,1,5,2"
3E6H.pdb,H2-Dd,IGPGRAFYTI,10,"2,10","10,3,1,5,2"
3ECB.pdb,H2-Dd,RGPGRAFVTI,10,"2,10","10,3,1,5,2"
3FFC.pdb,HLA-B*08:01,FLRGRAYGL,9,"2,9","9,2"
3FOL.pdb,H2-Kb,VNDIFERI,8,"2,8","8,5,2"
3FOM.pdb,H2-Kb,IQQSIERI,8,"2,8","8,5,2"
3FON.pdb,H2-Kb,VNDIFEAI,8,"2,8","8,5,2"
3FQR.pdb,HLA-A*02:01,YLDSGIHSGA,10,"2,10","10,2"
3FQT.pdb,HLA-A*02:01,GLLGSPVRA,9,"2,9","9,1,2"
3FQU.pdb,HLA-A*02:01,GLLGSPVRA,9,"2,9","9,1,2"
3FQW.pdb,HLA-A*02:01,RVASPTSGV,9,"2,9","9,2"
3FQX.pdb,HLA-A*02:01,RVASPTSGV,9,"2,9","9,2"
3FT3.pdb,HLA-A*02:01,VLHDDLLEA,9,"2,9","9,6,1,2"
3FT4.pdb,HLA-A*02:01,VLRDDLLEA,9,"2,9","9,6,1,2"
3FTG.pdb,H2-Db,ASAENMETM,9,"2,9","9,1,5,2"
3GIV.pdb,HLA-A*02:01,SLFNTVATLY,10,"2,9","9,1,2"
3GJF.pdb,HLA-A*02:01,SLLMWITQV,9,"2,9","9,1,2"
3GJG.pdb,HLA-A*02:01,SLLMWITQV,9,"2,9","9,1,2"
3GSN.pdb,HLA-A*02:01,NLVPMVATV,9,"2,9","9,2"
3GSO.pdb,HLA-A*02:01,NLVPMVATV,9,"2,9","9,2"
3GSQ.pdb,HLA-A*02:01,NLVPSVATV,9,"2,9","9,2"
3GSR.pdb,HLA-A*02:01,NLVPVVATV,9,"2,9","9,1,2"
3GSU.pdb,HLA-A*02:01,NLVPTVATV,9,"2,9","9,1,2"
3GSV.pdb,HLA-A*02:01,NLVPQVATV,9,"2,9","9,1,2"
3GSW.pdb,HLA-A*02:01,NLVPMVAAV,9,"2,9","9,6,2"
3H7B.pdb,HLA-A*02:01,MLWGYLQYV,9,"2,9","9,2"
3H9H.pdb,HLA-A*02:01,MLWGYLQYV,9,"2,9","9,2"
3H9S.pdb,HLA-A*02:01,MLWGYLQYV,9,"2,9","9,2"
3HAE.pdb,HLA-A*02:01,SLLMWITQV,9,"2,9","9,1,2"
3HG1.pdb,HLA-A*02:01,ELAGIGILTV,10,"2,10","10,1,2"
3HPJ.pdb,HLA-A*02:01,RMFPNAPYL,9,"2,9","9,2"
3I6G.pdb,HLA-A*02:01,GLMWLSYFV,9,"2,9","9,1,2"
3I6K.pdb,HLA-A*02:01,TLACFVLAAV,10,"2,10","10,1,2"
3I6L.pdb,HLA-A*24:02,QFKDNVILL,9,"2,9","9,2"
3IXA.pdb,HLA-A*02:01,LLFGYPVYV,9,"2,9","9,2"
3JTS.pdb,Mamu-A1*002:01:01:01,GSENLKSLY,9,"2,9","9,1,5,2"
3JTT.pdb,Mamu-A1*002:01:01:01,YTSGPGIRY,9,"2,9","9,1,2"
3KLA.pdb,HLA-A*02:01,SLLMWITQL,9,"2,9","9,6,1,2"
3KPL.pdb,HLA-B*44:02,EEYLQAFTY,9,"2,9","9,1,2"
3KPM.pdb,HLA-B*44:02,EEYLKAWTF,9,"2,9","9,1,2"
3KPN.pdb,HLA-B*44:03,EEYLQAFTY,9,"2,9","9,1,2"
3KPO.pdb,HLA-B*44:03,EEYLKAWTF,9,"2,9","9,1,2"
3KPP.pdb,HLA-B*44:05,EEYLQAFTY,9,"2,9","9,1,2"
3KPQ.pdb,HLA-B*44:05,EEYLKAWTF,9,"2,9","9,1,2"
3KPS.pdb,HLA-B*44:05,EEYLQAFTY,9,"2,9","9,3,1,2"
3KXF.pdb,HLA-B*35:08,LPEPLPQGQLTAY,13,"2,13","1,13,2"
3KYN.pdb,HLA-G*01:04,KGPPAALTL,9,"2,9","9,1,7,2"
3KYO.pdb,HLA-G*01:04,KLPAQFYIL,9,"2,9","9,2"
3L3D.pdb,HLA-B*44:02,EEAGRAFSF,9,"2,9","9,1,2"
3L3G.pdb,HLA-B*44:02,EEFGAAFSF,9,"2,9","9,1,2"
3L3H.pdb,H2-Db,SSLENARAYV,10,"2,10","10,3,1,5,2"
3L3J.pdb,HLA-B*44:02,EEAGAAFSF,9,"2,9","9,1,2"
3L3K.pdb,HLA-B*44:02,EEFGAAASF,9,"2,9","9,1,2"
3LKN.pdb,HLA-B*35:01,LPFERATIM,9,"2,9","9,1,2"
3LKO.pdb,HLA-B*35:01,LPFDRTTIM,9,"2,9","9,1,2"
3LKP.pdb,HLA-B*35:01,LPFDKSTIM,9,"2,9","9,1,2"
3LKQ.pdb,HLA-B*35:01,LPFDKTTIM,9,"2,9","9,1,2"
3LKR.pdb,HLA-B*35:01,LPFERATVM,9,"2,9","9,1,2"
3LKS.pdb,HLA-B*35:01,LPFEKSTVM,9,"2,9","9,1,2"
3LN5.pdb,HLA-B*41:04,HEEAVSVDRVL,11,"2,11","1,11,2"
3LV3.pdb,HLA-B*27:05,SRRWRRWNR,9,"2,9","9,1,2"
3MGO.pdb,HLA-A*02:01,RLYQNPTTYI,10,"2,10","10,2"
3MGT.pdb,HLA-A*02:01,KLYQNPTTYI,10,"2,10","10,2"
3MR9.pdb,HLA-A*02:01,NLVPAVATV,9,"2,9","9,1,2"
3MRB.pdb,HLA-A*02:01,NLVPMVHTV,9,"2,9","9,6,2"
3MRC.pdb,HLA-A*02:01,NLVPMCATV,9,"2,9","9,2"
3MRD.pdb,HLA-A*02:01,NLVPMGATV,9,"2,9","9,5,2"
3MRE.pdb,HLA-A*02:01,GLCTLVAML,9,"2,9","9,1,2"
3MRF.pdb,HLA-A*02:01,GLCPLVAML,9,"2,9","9,1,2"
3MRG.pdb,HLA-A*02:01,CINGVCWTV,9,"2,9","9,6,1,2"
3MRH.pdb,HLA-A*02:01,CISGVCWTV,9,"2,9","9,1,2"
3MRI.pdb,HLA-A*02:01,CINMWCWTV,9,"2,9","9,1,2"
3MRJ.pdb,HLA-A*02:01,CINGMCWTV,9,"2,9","9,1,2"
3MRK.pdb,HLA-A*02:01,PLFQVPEPV,9,"2,9","9,1,2"
3MRL.pdb,HLA-A*02:01,CINGVVWTV,9,"2,9","9,1,2"
3MRM.pdb,HLA-A*02:01,KLVALGINAV,10,"2,10","10,7,2"
3MRN.pdb,HLA-A*02:01,LLFNILGGWV,10,"2,10","10,2"
3MRO.pdb,HLA-A*02:01,ELAGWGILTV,10,"2,10","10,7,2"
3MRP.pdb,HLA-A*02:01,ELAGLGINTV,10,"2,10","10,7,2"
3MRQ.pdb,HLA-A*02:01,ELAGLGINTV,10,"2,10","10,7,2"
3MRR.pdb,HLA-A*02:01,LLAGIGTVPI,10,"2,10","10,2"
3MV7.pdb,HLA-B*35:01,HPVGEADYFEY,11,"2,11","1,11,2"
3MV8.pdb,HLA-B*35:01,HPVGEADYFEY,11,"2,11","1,11,2"
3MV9.pdb,HLA-B*35:01,HPVGEADYFEY,11,"2,11","1,11,2"
3MYJ.pdb,HLA-A*02:01,YMFPNAPYL,9,"2,9","9,2"
3NFJ.pdb,HLA-A*24:02,RYPLTFGWCF,10,"2,10","10,2"
3NFN.pdb,HLA-A*24:02,RYPLTFGWCF,10,"2,10","10,2"
3O4L.pdb,HLA-A*02:01,GLCTLVAML,9,"2,9","9,1,2"
3OX8.pdb,HLA-A*02:03,FLPSDFFPSV,10,"2,10","10,2"
3OXR.pdb,HLA-A*02:06,FLPSDFFPSV,10,"2,10","10,7,2"
3OXS.pdb,HLA-A*02:07,FLPSDFFPSV,10,"2,10","10,7,2"
3P4M.pdb,H2-Kb,YTVKYPNL,8,"2,8","8,6,5,2"
3P4N.pdb,H2-Kb,YTVKFPNM,8,"2,8","8,6,5,2"
3P4O.pdb,H2-Kb,YTAKYPNL,8,"2,8","8,5,2"
3P9L.pdb,H2-Kb,SIINFEKL,8,"2,8","8,1,5,2"
3P9M.pdb,H2-Kb,SIIGFEKL,8,"2,8","8,1,5,2"
3PAB.pdb,H2-Kb,EIINFEKL,8,"2,8","8,5,2"
3PQY.pdb,H2-Db,SSLENFRAYV,10,"2,10","10,3,1,5,2"
3PWJ.pdb,HLA-A*02:01,LLYGFVNYV,9,"2,9","9,2"
3PWL.pdb,HLA-A*02:01,LGYGFVNYI,9,"2,9","9,2"
3PWN.pdb,HLA-A*02:01,LLYGFVNYI,9,"2,9","9,2"
3PWP.pdb,HLA-A*02:01,LGYGFVNYI,9,"2,9","9,2"
3PWU.pdb,BoLA-2*018:01,IPAYGVLTI,9,"2,9","9,6,2"
3PWV.pdb,BoLA-2*018:01,IPAYGVLTI,9,"2,9","9,1,7,2"
3QDG.pdb,HLA-A*02:01,ELAGIGILTV,10,"2,10","10,2"
3QDJ.pdb,HLA-A*02:01,AAGIGILTV,9,"2,9","9,6,1,2"
3QDM.pdb,HLA-A*02:01,ELAGIGILTV,10,"2,10","10,2"
3QEQ.pdb,HLA-A*02:01,AAGIGILTV,9,"2,9","9,1,2"
3QFD.pdb,HLA-A*02:01,AAGIGILTV,9,"2,9","9,6,1,2"
3QFJ.pdb,HLA-A*02:01,LLFGFPVYV,9,"2,9","9,2"
3QQ3.pdb,SLA-1*04:01:01,NSDTVGWSW,9,"2,9","9,2"
3QQ4.pdb,SLA-1*04:01:01,ATAAATEAY,9,"2,9","9,6,1,2"
3QUK.pdb,H2-Db,KAVANFATM,9,"2,9","3,9,1,5,2"
3QUL.pdb,H2-Db,KAVSNFATM,9,"2,9","3,9,1,5,2"
3QZW.pdb,HLA-A*24:02,RYPLTFGWCF,10,"2,10","8,10,2"
3REW.pdb,HLA-A*02:01,CLGGLLTMV,9,"2,9","9,1,2"
3RL1.pdb,HLA-A*03:01,AIFQSSMTK,9,"2,9","9,1,2"
3RL2.pdb,HLA-A*03:01,QVPLRPMTYK,10,"2,10","10,7,2"
3ROO.pdb,H2-Kb,AVYNFATM,8,"2,8","8,3,1,5,2"
3RWC.pdb,Mamu-B*017:01:01:01,IRYPKTFGW,9,"2,9","9,1,2"
3RWD.pdb,Mamu-B*017:01:01:01,IRYPKTFGWLW,11,"2,11","1,11,2"
3RWE.pdb,Mamu-B*017:01:01:01,FQWMGYELW,9,"2,9","9,1,7,2"
3RWF.pdb,Mamu-B*017:01:01:01,QTSQWDDPW,9,"2,9","9,1,2"
3RWG.pdb,Mamu-B*017:01:01:01,MHPAQTSQW,9,"2,9","9,3,1,2"
3RWH.pdb,Mamu-B*017:01:01:01,MRHVLEPF,8,"2,8","8,1,5,2"
3RWI.pdb,Mamu-B*017:01:01:01,GSHLEVQGYW,10,"3,10","10,3,2"
3RWJ.pdb,Mamu-B*017:01:01:01,HLEVQGYW,8,"1,8","8,1"
3SJV.pdb,HLA-B*08:01,FLRGRAYGL,9,"2,9","9,2"
3SKM.pdb,HLA-B*08:01,FLRGRAYVL,9,"2,9","9,1,2"
3SKO.pdb,HLA-B*08:01,FLRGRAYGL,9,"2,9","9,1,2"
3SPV.pdb,HLA-B*08:01,RAKFKQLL,8,"2,8","8,5,2"
3TBS.pdb,H2-Db,KAPANFATM,9,"2,9","3,9,1,5,2"
3TBT.pdb,H2-Db,KAPSNFATM,9,"2,9","3,9,1,5,2"
3TBV.pdb,H2-Db,KGPANFATM,9,"2,9","3,9,1,5,2"
3TBW.pdb,H2-Db,KGPSNFATM,9,"2,9","3,9,1,5,2"
3TBY.pdb,H2-Db,KAPFNFATM,9,"2,9","3,9,1,5,2"
3TID.pdb,H2-Kb,AVYNFATM,8,"2,8","8,3,1,5,2"
3TIE.pdb,H2-Kb,AIVNYANL,8,"2,8","8,1,5,2"
3TO2.pdb,HLA-A*02:01,LACFVLAAV,9,"2,9","9,2"
3UTQ.pdb,HLA-A*02:01,ALWGPDPAAA,10,"2,10","10,1,2"
3UTS.pdb,HLA-A*02:01,ALWGPDPAAA,10,"2,10","10,1,2"
3UTT.pdb,HLA-A*02:01,ALWGPDPAAA,10,"2,10","10,1,2"
3V5D.pdb,HLA-A*02:01,KVAELVHFL,9,"2,9","9,2"
3V5H.pdb,HLA-A*02:01,KVAEIVHFL,9,"2,9","9,2"
3V5K.pdb,HLA-A*02:01,KVAELVWFL,9,"2,9","9,2"
3VCL.pdb,HLA-B*07:02,RPHERNGFTVL,11,"2,11","11,2"
3VFM.pdb,HLA-B*35:08,LPEPLPQGQLTAY,13,"2,13","1,13,2"
3VFN.pdb,HLA-B*35:08,LPEPLPQGQLTAY,13,"2,13","1,13,2"
3VFO.pdb,HLA-B*35:01,LPEPLPQGQLTAY,13,"2,13","1,13,2"
3VFP.pdb,HLA-B*35:08,LPEPLPQGQLTAY,13,"2,13","1,13,2"
3VFR.pdb,HLA-B*35:08,LPEALPQGQLTAY,13,"2,13","1,13,2"
3VFS.pdb,HLA-B*35:08,LPEPAPQGQLTAY,13,"2,13","1,13,2"
3VFT.pdb,HLA-B*35:08,LPEPLAQGQLTAY,13,"2,13","1,13,2"
3VFU.pdb,HLA-B*35:08,LPEPLPAGQLTAY,13,"2,13","1,13,2"
3VFV.pdb,HLA-B*35:08,LPEPLPQGALTAY,13,"2,13","1,13,2"
3VFW.pdb,HLA-B*35:08,LPEPLPQGQATAY,13,"2,13","1,13,2"
3VH8.pdb,HLA-B*57:01,LSSPVTKSF,9,"2,9","9,2"
3VJ6.pdb,H2-T23,AMAPRTLLL,9,"2,7","6,1,7,2"
3VXM.pdb,HLA-A*24:02,RFPLTFGWCF,10,"2,10","10,2"
3VXN.pdb,HLA-A*24:02,RYPLTFGWCF,10,"2,10","10,2"
3VXO.pdb,HLA-A*24:02,RFPLTFGWCF,10,"2,10","8,10,2"
3VXP.pdb,HLA-A*24:02,RYPLTLGWCF,10,"2,10","8,10,2"
3VXR.pdb,HLA-A*24:02,RYPLTFGWCF,10,"2,10","10,2"
3VXS.pdb,HLA-A*24:02,RYPLTLGWCF,10,"2,10","10,2"
3VXU.pdb,HLA-A*24:02,RFPLTFGWCF,10,"2,10","10,2"
3W0W.pdb,HLA-A*24:02,RFPLTFGWCF,10,"2,10","10,2"
3W39.pdb,HLA-B*52:01,TAFTIPSI,8,"2,8","8,1,2"
3WL9.pdb,HLA-A*24:02,NYTPGPGIRF,10,"2,10","10,1,2"
3WLB.pdb,HLA-A*24:02,NYTPGPGTRF,10,"2,10","10,1,2"
3WS3.pdb,H2-Db,YQLENYCGL,9,"2,9","3,9,5,2"
3WS6.pdb,H2-Db,YAIENYLEL,9,"2,9","3,9,5,2"
3WUW.pdb,HLA-B*57:01,LSSPVTKSF,9,"2,9","9,2"
3X11.pdb,HLA-B*57:01,LSSPVTKSF,9,"2,9","7,9,2"
3X12.pdb,HLA-B*57:01,LSSPVTKSF,9,"2,9","9,2"
3X13.pdb,HLA-B*08:01,FLRGRAYGL,9,"2,9","9,1,2"
3X14.pdb,HLA-B*08:01,FLRGRAYGL,9,"2,9","9,1,5,2"
4CVX.pdb,Gaga-BF2*002:01:01,YPYLGPNTL,9,"2,9","9,2"
4CVZ.pdb,Gaga-BF2*021:01:01,YELDEKFDRL,10,"2,10","8,10,2"
4CW1.pdb,Gaga-BF2*014:01:01,SWFRKPMTR,9,"2,9","9,1,2"
4D0B.pdb,Gaga-BF2*021:01:01,TAGQEDYDRL,10,"2,10","8,10,1,2"
4D0C.pdb,Gaga-BF2*021:01:01,TAGQSNYDRL,10,"2,10","8,10,1,2"
4D0D.pdb,Gaga-BF2*002:01:01,VIFPAKSL,8,"2,8","8,2"
4E0R.pdb,Gaga-BF2*004:01:01,IDWFDGKE,8,"2,8","8,5,2"
4E5X.pdb,HLA-A*02:01,LLFGYPVYV,9,"2,9","9,2"
4EUP.pdb,HLA-A*02:01,ALGIGILTV,9,"2,9","9,6,1,2"
4EUQ.pdb,HLA-A*02:01,EAAGIGILTV,10,"2,10","10,7,2"
4F7M.pdb,HLA-A*24:02,LYASPQLEGF,10,"2,10","10,1,2"
4F7T.pdb,HLA-A*24:02,RYGFVANF,8,"2,8","8,5,2"
4FTV.pdb,HLA-A*02:01,LLFGYPVYV,9,"2,9","9,2"
4G42.pdb,Gaga-BF2*004:01:01,IDWFDGKD,8,"2,8","8,5,2"
4G43.pdb,Gaga-BF2*004:01:01,IDWFEGKE,8,"2,8","8,5,2"
4G8G.pdb,HLA-B*27:05,KRWIILGLNK,10,"2,10","10,1,2"
4G8I.pdb,HLA-B*27:05,KRWIIMGLNK,10,"2,10","10,1,2"
4G9D.pdb,HLA-B*27:05,KRWIILGLNK,10,"2,10","10,1,2"
4G9F.pdb,HLA-B*27:05,KRWIIMGLNK,10,"2,10","10,1,2"
4GKN.pdb,HLA-A*02:01,FATGIGIITV,10,"2,10","10,2"
4GKS.pdb,HLA-A*02:01,FLTGIGIITV,10,"2,10","10,2"
4HKJ.pdb,H2-Kb,SIINFEKL,8,"2,8","8,1,5,2"
4HS3.pdb,H2-Kb,AVYNFATM,8,"2,8","8,3,1,5,2"
4HUU.pdb,H2-Db,ASNENIETM,9,"2,9","9,1,5,2"
4HUV.pdb,H2-Db,ASNENWETM,9,"2,9","9,1,5,2"
4HUW.pdb,H2-Db,ASNENTETM,9,"2,9","3,9,1,5,2"
4HUX.pdb,H2-Db,ASNENMETM,9,"2,9","9,1,5,2"
4HV8.pdb,H2-Db,ASNENIETM,9,"2,9","9,1,5,2"
4HWZ.pdb,HLA-A*68:01,AIFQSSMTK,9,"2,9","9,1,2"
4HX1.pdb,HLA-A*68:02,SVYDFFVWL,9,"2,9","9,1,2"
4I48.pdb,HLA-A*68:02,TLTSCNTSV,9,"2,9","9,1,2"
4I4W.pdb,HLA-A*02:01,ILAKFLHRL,9,"2,9","9,5,2"
4IHO.pdb,H2-Db,EGPRNQDWL,9,"2,9","3,9,1,5,2"
4JFD.pdb,HLA-A*02:01,ELAAIGILTV,10,"2,10","10,2"
4JFE.pdb,HLA-A*02:01,ELAGIGALTV,10,"2,10","10,2"
4JFF.pdb,HLA-A*02:01,ELAGIGILTV,10,"2,10","10,2"
4JFO.pdb,HLA-A*02:01,ALAGIGILTV,10,"2,10","10,1,2"
4JFP.pdb,HLA-A*02:01,ELAAIGILTV,10,"2,10","10,2"
4JFQ.pdb,HLA-A*02:01,ELAGIGIATV,10,"2,10","10,7,2"
4JQV.pdb,HLA-B*18:01,SELEIKRY,8,"2,8","8,1,5,2"
4JQX.pdb,HLA-B*44:03,EECDSELEIKRY,12,"2,12","10,1,12,2"
4JRX.pdb,HLA-B*35:08,LPEPLPQGQLTAY,13,"2,13","3,1,13,2"
4JRY.pdb,HLA-B*35:08,LPEPLPQGQLTAY,13,"2,13","1,13,2"
4K7F.pdb,HLA-A*02:01,VCWGELMNL,9,"2,9","9,1,2"
4L29.pdb,HLA-A*02:01,YLLMWITQV,9,"2,9","9,2"
4L3C.pdb,HLA-A*02:01,YLLMWITQV,9,"2,9","9,2"
4L3E.pdb,HLA-A*02:01,ELAGIGILTV,10,"2,10","10,2"
4L8B.pdb,H2-Db,ASNEHMETM,9,"2,9","9,1,5,2"
4L8C.pdb,H2-Db,ASDENMETM,9,"2,9","9,1,5,2"
4L8D.pdb,H2-Db,ASNEDMETM,9,"2,9","9,1,5,2"
4LCY.pdb,HLA-B*46:01,FTMRLLSPV,9,"2,9","9,1,2"
4LNR.pdb,HLA-B*35:01,RPQVPLRPMTY,11,"2,11","1,11,2"
4MJ5.pdb,HLA-A*11:01,TIAMELIRMIK,11,"2,11","1,11,2"
4MJ6.pdb,HLA-A*11:01,TMVMELIRMIK,11,"1,11","11,1"
4MJI.pdb,HLA-B*51:01,TAFTIPSI,8,"2,8","8,2,1"
4MNQ.pdb,HLA-A*02:01,ILAKFLHWL,9,"2,9","9,5,2"
4N8V.pdb,HLA-A*11:01,MLIYSMWGK,9,"2,9","9,1,2"
4NNX.pdb,HLA-A*02:01,RQASLSISV,9,"2,9","9,2"
4NNY.pdb,HLA-A*02:01,RQASLSISV,9,"2,9","9,2"
4NO0.pdb,HLA-A*02:01,RQASIELPSMAV,12,"2,12","12,2"
4NO2.pdb,HLA-A*02:01,RQASIELPSMAV,12,"2,12","12,2"
4NO3.pdb,HLA-A*02:01,RQISQDVKL,9,"2,9","9,2"
4NO5.pdb,HLA-A*02:01,RQISQDVKL,9,"2,9","9,2"
4NQV.pdb,HLA-A*01:01,CTELKLSDY,9,"2,9","9,3,6,2"
4NQX.pdb,HLA-A*01:01,CTELKLNDY,9,"2,9","9,6,1,2"
4NSK.pdb,H2-Db,KAPYNFATM,9,"2,9","3,9,1,5,2"
4NT6.pdb,HLA-C*08:01,GILGFVFTL,9,"2,9","9,1,2"
4O2E.pdb,HLA-B*39:01,SHVAVENAL,9,"2,9","9,1,2"
4O2F.pdb,HLA-B*39:01,HVAVENAL,8,"1,8","8,1"
4PG2.pdb,H2-Db,CSLWNGPHL,9,"2,9","3,9,1,5,2"
4PG9.pdb,H2-Kb,FAPGNYPAL,9,"2,9","9,2"
4PGB.pdb,H2-Kb,FAPGNWPAL,9,"2,9","9,2"
4PGD.pdb,H2-Kb,FAPGNYPAF,9,"2,9","9,2"
4PGE.pdb,H2-Kb,FAPGNYPAW,9,"2,9","9,2,1"
4PR5.pdb,HLA-B*35:01,HPVGDADYFEY,11,"2,11","9,11,2"
4PRA.pdb,HLA-B*35:01,HPVGQADYFEY,11,"2,11","1,11,2"
4PRB.pdb,HLA-B*35:08,HPVAEADYFEY,11,"2,11","3,1,11,2"
4PRD.pdb,HLA-B*35:08,HPVGDADYFEY,11,"2,11","3,1,11,2"
4PRE.pdb,HLA-B*35:08,HPVGQADYFEY,11,"2,11","1,11,2"
4PRH.pdb,HLA-B*35:08,HPVGDADYFEY,11,"2,11","3,1,11,2"
4PRI.pdb,HLA-B*35:08,HPVGEADYFEY,11,"2,11","1,11,2"
4PRN.pdb,HLA-B*35:01,HPVAEADYFEY,11,"2,11","1,11,2"
4PRP.pdb,HLA-B*35:01,HPVGQADYFEY,11,"2,11","1,11,2"
4QOK.pdb,HLA-A*02:01,EAAGIGILTV,10,"2,10","10,2"
4QRP.pdb,HLA-B*08:01,HSKKKCDEL,9,"2,9","9,2,1"
4QRQ.pdb,HLA-B*08:01,HSKKKCDEL,9,"2,9","9,1,2"
4QRR.pdb,HLA-B*35:01,IPSINVHHY,9,"2,9","9,1,2"
4QRS.pdb,HLA-B*08:01,ELKRKMIYM,9,"2,9","9,1,2"
4QRT.pdb,HLA-B*08:01,ELNRKMIYM,9,"2,9","9,1,2"
4QRU.pdb,HLA-B*08:01,ELRRKMMYM,9,"2,9","9,1,5,2"
4U1H.pdb,HLA-B*07:02,TPQDLNTML,9,"2,9","9,3,1,2"
4U1I.pdb,HLA-B*81:01,TPQDLNTML,9,"2,9","9,1,2"
4U1J.pdb,HLA-B*42:01,TPQDLNTML,9,"2,9","9,1,2"
4U1K.pdb,HLA-B*07:02,RPQVPLRPM,9,"2,9","9,2"
4U1L.pdb,HLA-B*81:01,RPQVPLRPM,9,"2,9","9,2"
4U1N.pdb,HLA-B*42:02,RPQVPLRPM,9,"2,9","9,2"
4U1S.pdb,HLA-B*81:01,FPRPWLHGL,9,"2,9","9,3,1,2"
4U6Y.pdb,HLA-A*02:01,FLNKDLEVDGHFVTM,15,"2,15","6,2,15"
4WDI.pdb,H2-Kd,LYLVCGERG,9,"2,9","3,9,1,5,2"
4WU5.pdb,HLA-A*24:02,RYPLTFGW,8,"2,8","8,3,5,2"
4WU7.pdb,HLA-A*24:02,RFPLTFGW,8,"2,8","8,3,2"
4WUU.pdb,HLA-A*02:01,RMFPNAPYL,9,"2,9","9,2"
4XXC.pdb,HLA-B*18:01,DELEIKAY,8,"2,8","8,1,5,2"
4Z76.pdb,H2-Kd,LYLVCGERV,9,"2,9","3,9,1,5,2"
4Z77.pdb,H2-Kd,LYLVCGERV,9,"2,9","3,9,1,5,2"
4Z78.pdb,H2-Kd,LYLVCGERGF,10,"2,10","10,3,1,5,2"
4ZEZ.pdb,HLA-A*02:01,KLVALVINAV,10,"2,10","10,6,2"
4ZUS.pdb,Eqca-N*006:02,QAEVLQERLEW,11,"2,11","10,1,11,2"
4ZUT.pdb,Eqca-N*006:02,GSQKLTTGNCNW,12,"2,12","1,12,2"
4ZUU.pdb,Eqca-N*006:02,CTSEEMNAF,9,"2,9","9,1,2"
4ZUV.pdb,Eqca-N*006:02,RVEDVTNTAEYW,12,"2,12","12,2"
4ZUW.pdb,Eqca-N*006:02,GSQKLTTGNCNW,12,"2,12","1,12,2"
5B38.pdb,HLA-B*57:01,LSSPVTKSF,9,"2,9","9,2"
5B39.pdb,HLA-B*57:01,LSSPVTKSF,9,"2,9","7,9,2"
5BRZ.pdb,HLA-A*01:01,EVDPIGHLY,9,"2,9","9,3,1,2"
5BS0.pdb,HLA-A*01:01,ESDPIVAQY,9,"2,9","9,1,2"
5C07.pdb,HLA-A*02:01,YQFGPDFPIA,10,"2,10","10,2"
5C08.pdb,HLA-A*02:01,RQWGPDPAAV,10,"2,10","10,2"
5C09.pdb,HLA-A*02:01,YLGGPDFPTI,10,"2,10","10,2"
5C0A.pdb,HLA-A*02:01,MVWGPDPLYV,10,"2,10","10,2"
5C0B.pdb,HLA-A*02:01,RQFGPDFPTI,10,"2,10","10,2"
5C0C.pdb,HLA-A*02:01,RQFGPDWIVA,10,"2,10","10,2"
5C0D.pdb,HLA-A*02:01,AQWGPDPAAA,10,"2,10","10,1,2"
5C0E.pdb,HLA-A*02:01,YQFGPDFPIA,10,"2,10","10,2"
5C0F.pdb,HLA-A*02:01,RQWGPDPAAV,10,"2,10","10,2"
5C0G.pdb,HLA-A*02:01,YLGGPDFPTI,10,"2,10","10,2"
5C0H.pdb,HLA-A*02:01,YLGGPDFPTI,10,"2,10","10,2"
5C0I.pdb,HLA-A*02:01,RQFGPDFPTI,10,"2,10","10,2"
5C0J.pdb,HLA-A*02:01,RQFGPDWIVA,10,"2,10","10,2"
5CNZ.pdb,Onmy-UBA*18:01,FANFCLMMI,9,"2,9","9,2"
5D2L.pdb,HLA-A*02:01,NLVPMVATV,9,"2,9","9,2"
5D2N.pdb,HLA-A*02:01,NLVPMVATV,9,"2,9","9,6,1,2"
5D9S.pdb,HLA-A*02:01,FVLELEPEWTV,11,"2,11","11,2"
5DDH.pdb,HLA-A*02:01,FVLELEPEWTVK,12,"2,11","11,2"
5DEG.pdb,HLA-B*27:06,RRKWRRWHL,9,"2,9","9,2"
5E00.pdb,HLA-A*02:01,GVWIRTPPA,9,"2,9","9,1,2"
5E8N.pdb,H2-Db,MCLRMTAVM,9,"2,9","3,9,1,5,2"
5E9D.pdb,HLA-A*02:01,ELAGIGILTV,10,"2,10","10,1,7,2"
5ENW.pdb,HLA-A*02:01,GLKEGIPAL,9,"2,9","9,6,1,2"
5EO0.pdb,HLA-B*07:02,RPMTFKGAL,9,"2,9","9,2"
5EO1.pdb,HLA-B*07:02,RPMTYKGAL,9,"2,9","9,2"
5EOT.pdb,HLA-A*02:01,GLLPELPAVGG,11,"2,9","9,6,1,2"
5EU3.pdb,HLA-A*02:01,YLEPGPVTA,9,"2,9","9,2"
5EU4.pdb,HLA-A*02:01,YLAPGPVTA,9,"2,9","9,2"
5EU5.pdb,HLA-A*02:01,YLEPAPVTA,9,"2,9","9,2"
5EU6.pdb,HLA-A*02:01,YLEPGPVTV,9,"2,9","9,2"
5EUO.pdb,HLA-A*02:01,GILGFVFTL,9,"2,9","9,1,2"
5F1I.pdb,DLA-88*508:01,KLFSGELTK,9,"2,9","9,2"
5F7D.pdb,HLA-A*02:01,GLKEGIPALD,10,"2,9","9,6,1,2"
5F9J.pdb,HLA-A*02:01,YLSPIASPL,9,"2,9","9,2"
5FA3.pdb,HLA-A*02:01,GLLPELPAV,9,"2,9","9,6,1,2"
5FA4.pdb,HLA-A*02:01,YLSPIASPLLD,11,"2,9","9,2"
5FDW.pdb,HLA-A*02:01,YLSPIASPLL,10,"2,10","10,2"
5GR7.pdb,H2-Kd,YYSIIPHSI,9,"2,9","9,1,5,2"
5GRD.pdb,HLA-A*11:01,SSCSSCPLSK,10,"2,10","10,6,1,2"
5GSB.pdb,H2-Kd,YYSIIPHSI,9,"2,9","9,1,5,2"
5GSD.pdb,HLA-A*11:01,SSCPLSK,7,"2,7","7,2,1"
5GSR.pdb,H2-Kd,YYSIAPHSI,9,"2,9","9,1,2"
5GSX.pdb,H2-Kd,FYAPEPITSL,10,"2,10","10,6,1,2"
5H5Z.pdb,Onmy-UBA*18:01,FANFCLMMI,9,"2,9","9,2"
5H94.pdb,SLA-1*07:04,KMNTQFTAV,9,"2,9","3,9,5,2"
5HGA.pdb,HLA-A*24:02,RFPLTFGW,8,"2,8","8,3,5,2"
5HGD.pdb,HLA-A*24:02,RFPLTFGWCF,10,"2,10","8,10,2"
5HGH.pdb,HLA-A*24:02,RYPLTFGWCF,10,"2,10","10,2"
5HHM.pdb,HLA-A*02:01,GILGLVFTL,9,"2,9","9,1,2"
5HHN.pdb,HLA-A*02:01,GILGLVFTL,9,"2,9","9,1,2"
5HHO.pdb,HLA-A*02:01,GILEFVFTL,9,"2,9","9,1,2"
5HHP.pdb,HLA-A*02:01,GILEFVFTL,9,"2,9","9,1,2"
5HHQ.pdb,HLA-A*02:01,GIWGFVFTL,9,"2,9","9,1,2"
5HYJ.pdb,HLA-A*02:01,AQWGPDPAAA,10,"2,10","10,1,2"
5IB1.pdb,HLA-B*27:05,RRKWRRWHL,9,"2,9","9,2"
5IB2.pdb,HLA-B*27:05,RRKWRRWHL,9,"2,9","9,2"
5IB3.pdb,HLA-B*27:05,RRKWRRWHL,9,"2,9","9,2"
5IB4.pdb,HLA-B*27:05,RRKWRRWHL,9,"2,9","9,2"
5IB5.pdb,HLA-B*27:09,RRKWRRWHL,9,"2,9","9,2"
5IEH.pdb,HLA-B*40:02,REFSKEPEL,9,"2,9","9,2"
5IEK.pdb,HLA-B*40:02,REFSKEPEL,9,"2,9","9,2"
5IM7.pdb,HLA-B*58:11,QASQEVKNW,9,"2,9","9,2"
5INC.pdb,HLA-B*58:11,QATQEVANW,9,"2,9","9,2"
5IND.pdb,HLA-B*58:11,QASQDVKNW,9,"2,9","9,2"
5IRO.pdb,HLA-A*02:01,LLFGYPVYV,9,"2,9","9,1,2"
5ISZ.pdb,HLA-A*02:01,GILGFVFTL,9,"2,9","9,1,2"
5IUE.pdb,Mamu-B*097:01:01:01,ILRWEQD,7,"3,6","4,3,6"
5IVX.pdb,H2-Dd,RGPGRAFVTI,10,"2,10","10,3,5,2"
5J6G.pdb,H2-Ld,VGITNVDL,8,"2,8","8,3,5,2"
5J6H.pdb,H2-Ld,VGITNVDL,8,"2,8","8,3,1,5,2"
5JHD.pdb,HLA-A*02:01,GILGFVFTL,9,"2,9","9,1,2"
5JWD.pdb,H2-Db,WLVTNGSYL,9,"2,9","3,9,1,5,2"
5JWE.pdb,H2-Db,CSANNSHHYI,10,"2,10","10,1,5,2"
5JZI.pdb,HLA-A*02:01,KLVALGINAV,10,"2,10","10,2"
5KD4.pdb,H2-Dd,IGPGRAFYVI,10,"2,10","10,3,1,5,2"
5KD7.pdb,H2-Dd,IGPGRAFYV,9,"2,9","3,9,1,5,2"
5M00.pdb,H2-Db,KAVANFATM,9,"2,9","3,9,1,5,2"
5M01.pdb,H2-Db,KAPANFATM,9,"2,9","3,9,1,5,2"
5M02.pdb,H2-Db,KAPFNFATM,9,"2,9","3,9,5,2"
5MEO.pdb,HLA-A*02:01,ILGKFLHRL,9,"2,9","9,5,2"
5MEP.pdb,HLA-A*02:01,ILGKFLHWL,9,"2,9","9,1,2"
5MER.pdb,HLA-A*02:01,ILAKFLHEL,9,"2,9","9,1,2"
5MZM.pdb,H2-Db,MCPRMTAVM,9,"2,9","3,9,1,5,2"
5N1Y.pdb,HLA-A*02:01,MVWGPDPLYV,10,"2,10","10,2"
5N6B.pdb,HLA-A*02:01,LLWNGPMAV,9,"2,9","9,2"
5NHT.pdb,HLA-A*02:01,ELAGIGILTV,10,"2,10","10,2"
5NME.pdb,HLA-A*02:01,SLYNTVATL,9,"2,9","9,1,2"
5NMF.pdb,HLA-A*02:01,SLYNTIATL,9,"2,9","9,6,1,2"
5NMG.pdb,HLA-A*02:01,SLFNTIAVL,9,"2,9","9,1,2"
5NMH.pdb,HLA-A*02:01,SLYNTIATL,9,"2,9","9,1,2"
5NMK.pdb,HLA-A*02:01,SLFNTIAVL,9,"2,9","9,1,2"
5NPZ.pdb,SLA-1*14:02,EFEDLTFLA,9,"2,9","9,2"
5NQ0.pdb,SLA-1*14:02,DFEREGYSL,9,"2,9","9,5,2"
5NQ1.pdb,SLA-1*14:02,DFEREGYSL,9,"2,9","9,1,5,2"
5NQ2.pdb,SLA-2*11:04,IAYERMCNI,9,"2,9","9,2,6"
5NQ3.pdb,SLA-1*14:02,EFEDLTFLA,9,"2,9","9,6,1,2"
5NQK.pdb,HLA-A*02:01,ELAGIGILTV,10,"2,10","10,2"
5SWQ.pdb,HLA-A*02:01,CVNGSCFTV,9,"2,9","9,1,2"
5SWS.pdb,H2-Db,ASNENMETM,9,"2,9","9,1,5,2"
5SWZ.pdb,H2-Db,ASNENMETM,9,"2,9","9,1,5,2"
5T6W.pdb,HLA-B*57:01,SSTRGISQLW,10,"3,10","10,3,2"
5T6X.pdb,HLA-B*57:01,TSTTSVASSW,10,"3,10","10,3,2"
5T6Z.pdb,HLA-B*57:01,TSTLQEQIGW,10,"3,10","10,3,2"
5T70.pdb,HLA-B*57:01,TSNLQEQIGW,10,"2,10","10,2,1"
5T7G.pdb,H2-Dd,IGPGRAFYT,9,"2,9","3,9,1,5,2"
5TEZ.pdb,HLA-A*02:01,GILGFVFTL,9,"2,9","9,1,2"
5TIL.pdb,H2-Db,KAPYNFATM,9,"2,9","3,9,5,2"
5TJE.pdb,H2-Db,KAVYNFATM,9,"2,9","3,9,1,5,2"
5TRZ.pdb,H2-Kd,YQSGLSIVM,9,"1,8","8,1,2"
5TXS.pdb,HLA-B*15:01,AQDIYRASY,9,"2,9","9,1,2"
5V5L.pdb,HLA-B*58:01,TSTLQEQIGW,10,"3,10","10,3,2"
5V5M.pdb,HLA-B*57:01,TSTLQEQIGW,10,"3,10","10,3,2"
5VCL.pdb,H2-T23,AMAPRTLLL,9,"2,7","6,1,7,2"
5VGD.pdb,HLA-C*05:01,SAEPVPLQL,9,"2,9","3,9,1,7,2"
5VGE.pdb,HLA-C*07:02,RYRPGTVAL,9,"2,9","9,2"
5VUD.pdb,HLA-B*57:01,LSSPVTKSW,9,"2,9","9,2"
5VUE.pdb,HLA-B*57:01,LTVQVARVW,9,"2,9","9,2"
5VUF.pdb,HLA-B*57:01,LTVQVARVY,9,"2,9","9,2"
5VVP.pdb,HLA-B*57:03,LSSPVTKSW,9,"2,9","9,2"
5VWD.pdb,HLA-B*57:03,LTVQVARVW,9,"2,9","9,2"
5VWF.pdb,HLA-B*57:03,LTVQVARVY,9,"2,9","9,2"
5VWH.pdb,HLA-B*58:01,LSSPVTKSW,9,"2,9","7,9,2"
5VWJ.pdb,HLA-B*58:01,LTVQVARVW,9,"2,9","9,7,2"
5VZ5.pdb,HLA-B*15:01,AQDIYRASYY,10,"2,10","10,6,1,2"
5W1V.pdb,HLA-E*01:01,VMAPRTLIL,9,"2,9","9,6,1,7,2"
5W69.pdb,HLA-C*06:02,ARFNDLRFV,9,"2,9","9,1,7,2"
5WEU.pdb,H2-Dd,RGPGCAFVTI,10,"2,10","10,3,1,2"
5WJL.pdb,HLA-A*11:01,GTSGSPIVNR,10,"2,10","10,1,2"
5WJN.pdb,HLA-A*11:01,GTSGSPIINR,10,"2,10","10,1,2"
5WKF.pdb,HLA-A*11:01,GTSGSPIVNR,10,"2,10","10,1,2"
5WKH.pdb,HLA-A*11:01,GTSGSPIINR,10,"2,10","10,1,2"
5WLG.pdb,H2-Db,SQLLNAKYL,9,"2,9","3,9,1,5,2"
5WLI.pdb,H2-Db,SQLLNAKYL,9,"2,9","3,9,1,5,2"
5WMN.pdb,HLA-B*07:02,SPIVPSFDM,9,"2,9","9,3,1,2"
5WMO.pdb,HLA-B*07:02,RPPIFIRRL,9,"2,9","9,2"
5WMP.pdb,HLA-B*07:02,TPRVTGGGAM,10,"2,10","10,3,1,2"
5WMQ.pdb,HLA-B*08:01,ELRSRYWAI,9,"2,9","9,1,2"
5WMR.pdb,HLA-B*08:01,QIKVRVDMV,9,"2,9","9,1,5,2"
5WSH.pdb,HLA-A*02:01,GVWIRTPTA,9,"2,9","9,1,2"
5WWI.pdb,HLA-A*24:02,LYKKLKREMTF,11,"2,11","11,2"
5WWU.pdb,HLA-A*24:02,LYKKLKREITF,11,"2,11","11,2"
5WXD.pdb,HLA-A*24:02,LYKKLKREMTF,11,"2,11","3,11,2"
5XMF.pdb,FLA-E*18:01,RMANVSTGR,9,"2,9","9,1,2"
5XMM.pdb,FLA-E*18:01,DMANVSTGR,9,"2,9","9,1,2"
5XOS.pdb,HLA-B*35:01,IPLTEEAEL,9,"2,9","9,1,2"
5XOT.pdb,HLA-B*35:01,IPLTEEAEL,9,"2,9","9,2"
5XOV.pdb,HLA-A*24:02,RYPLTFGWCF,10,"2,10","10,2"
5XS3.pdb,HLA-C*06:02,VRSRRCLRL,9,"2,9","9,7,2"
5Y91.pdb,Onmy-UBA*18:01,FANFCLMMI,9,"2,9","9,2"
5YLX.pdb,SLA-1*15:01,TMPPGFELY,9,"2,9","9,1,2"
5YMV.pdb,Gaga-BF2*012:01:01,AVKGVGTMV,9,"2,8","8,1,5,2"
5YMW.pdb,Gaga-BF2*012:01:01,LPACVLEV,8,"2,8","8,5,2"
5YXN.pdb,HLA-A*02:01,KLVALGINAV,10,"2,10","10,7,2"
5YXU.pdb,HLA-A*02:01,KLVALGINAV,10,"2,10","10,7,2"
6A6H.pdb,SLA-2*04:02:01,MTAHIVVPY,9,"2,9","9,1,2"
6AEE.pdb,HLA-G*01:01,RIIPRHLQL,9,"2,9","3,9,6,7,2"
6AMT.pdb,HLA-A*02:01,MMWDRGLGMM,10,"2,10","10,7,2"
6AMU.pdb,HLA-A*02:01,MMWDRGLGMM,10,"2,10","10,9,2"
6AT5.pdb,HLA-B*07:02,APRGPHGGAASGL,13,"2,13","1,13,2"
6AT9.pdb,HLA-A*01:01,AQDIYRASYY,10,"2,10","10,1,5,2"
6AVF.pdb,HLA-B*07:02,APRGPHGGAASGL,13,"2,13","3,1,13,2"
6AVG.pdb,HLA-B*07:02,APRGPHGGAASGL,13,"2,13","1,13,2"
6D29.pdb,HLA-B*57:01,TSMSFVPRPW,10,"2,10","10,2,1"
6D2R.pdb,HLA-B*57:01,GSFDYSGVHLW,11,"2,11","1,11,2"
6D2T.pdb,HLA-B*57:01,LALLTGVRW,9,"2,9","9,2"
6D78.pdb,HLA-A*02:01,AAGIGILTV,9,"1,9","9,1"
6DKP.pdb,HLA-A*02:01,ELAGIGILTV,10,"2,10","10,2"
6EQA.pdb,HLA-A*02:01,AAGIGILTV,9,"1,9","9,1"
6EQB.pdb,HLA-A*02:01,AAGIGILTV,9,"1,9","9,1"
6EWA.pdb,HLA-A*02:01,ILKEPVHGV,9,"2,9","9,1,2"
6EWC.pdb,HLA-A*02:01,RLSSPLHFV,9,"2,9","9,6,2"
6EWO.pdb,HLA-A*02:01,RTFSPTYGL,9,"2,9","9,2"
6G3J.pdb,HLA-A*02:01,MTSAIGILPV,10,"2,10","10,2"
6G3K.pdb,HLA-A*02:01,ITSGIGVLPV,10,"2,10","10,1,2"
6G9Q.pdb,H2-Db,KAPYDYAPI,9,"2,9","3,9,5,2"
6G9R.pdb,H2-Db,KAPYDYAPI,9,"2,9","3,9,1,5,2"
6GB5.pdb,H2-Db,FAPGNYP,7,"2,5","3,1,5,2"
6GB7.pdb,H2-Db,FAPGNYP,7,"2,5","3,1,5,2"
6GGM.pdb,HLA-E*01:03,RFPAKAPLL,9,"2,9","9,1,7,2"
6GH1.pdb,HLA-E*01:03,RLPAKAPLL,9,"2,9","9,7,2"
6GH4.pdb,HLA-E*01:03,RQPAKAPLL,9,"2,9","9,7,2"
6GHN.pdb,HLA-E*01:03,RLPAKAPLF,9,"2,9","9,2"
6GL1.pdb,HLA-E*01:03,RMYSPTSIL,9,"2,9","9,2"
6H6D.pdb,H2-Db,SGPSNTPPEI,10,"2,10","10,3,1,5,2"
6H6H.pdb,H2-Db,SGPSNTPPEI,10,"2,10","10,3,1,5,2"
6ID4.pdb,HLA-A*11:01,AIFQSSMTK,9,"2,9","9,1,2"
6IEX.pdb,HLA-B*40:01,GETALALLLL,10,"2,10","10,1,2"
6IRL.pdb,Gaga-BF2*015:01:01,RREVHTYY,8,"2,8","8,2"
6J1V.pdb,HLA-A*30:03,AIFQSSMTK,9,"2,9","9,1,2"
6J1W.pdb,HLA-A*30:01,AIFQSSMTK,9,"2,9","9,1,2"
6J29.pdb,HLA-A*30:03,QIMYNYPAM,9,"2,9","9,6,2"
6J2A.pdb,HLA-A*30:03,CTELKLSDY,9,"2,9","9,6,1,2"
6JOZ.pdb,HLA-A*11:01,ATIGTAMYK,9,"2,9","9,1,2"
6JQ3.pdb,H2-Kb,SIIVFNLL,8,"2,8","8,1,5,2"
6JTN.pdb,HLA-C*08:02,GADGVGKSAL,10,"2,10","10,3,1,2"
6JTO.pdb,HLA-C*05:01,GADGVGKSAL,10,"2,10","10,3,1,2"
6JTP.pdb,HLA-C*08:02,GADGVGKSA,9,"2,9","9,3,1,2"
6K60.pdb,HLA-G*01:04,RIIPRHLQL,9,"2,9","3,9,6,7,2"
6KWK.pdb,SLA-1*04:01:01,MTAHITVPY,9,"2,9","9,2"
6KWL.pdb,SLA-1*04:01:01,MTAHITVPY,9,"2,9","9,2"
6KWN.pdb,SLA-1*13:01,NSDTVGWSW,9,"2,9","3,9,1,5,2"
6KWO.pdb,SLA-1*13:01,ESDTVGWSW,9,"2,9","9,3,1,2"
6LBE.pdb,Onmy-UBA*18:01,FANFCLMMI,9,"2,9","9,2,1"
6LHF.pdb,Gaga-BF2*015:01:01,RRREQTDY,8,"2,8","8,2"
6LHG.pdb,Gaga-BF2*004:01:01,IDWFDGKE,8,"2,8","8,5,2"
6LHH.pdb,Gaga-BF2*015:01:01,RRREQTDY,8,"2,8","8,2"
6MPP.pdb,HLA-A*01:01,ILDTAGKEEY,10,"2,10","8,10,3,2"
6MT3.pdb,HLA-B*18:01,FEDLRVLSF,9,"2,9","9,1,2"
6MT4.pdb,HLA-B*37:01,FEDLRVSSF,9,"2,9","9,1,5,2"
6MT5.pdb,HLA-B*37:01,FEDLRLLSF,9,"2,9","9,1,5,2"
6MT6.pdb,HLA-B*37:01,FEDLRVLSF,9,"2,9","9,1,5,2"
6MTL.pdb,HLA-B*44:05,FEDLRVLSF,9,"2,9","9,2"
6MTM.pdb,HLA-B*37:01,FEDLRVLSF,9,"2,9","9,5,2"
6NCA.pdb,HLA-A*02:01,YVLDHLIVV,9,"2,9","9,2"
6NF7.pdb,Rano-A1*b,YLRYDSDVGEYR,12,"2,12","3,12,2"
6NPR.pdb,H2-Dd,RGPGRAFVTI,10,"2,10","10,3,5,2"
6O4Y.pdb,HLA-A*02:01,KLVVGAVGV,9,"2,9","9,2"
6O4Z.pdb,HLA-A*02:01,KLVVVAVGV,9,"2,9","9,2"
6O51.pdb,HLA-A*02:01,YLVVVGAVGV,10,"2,10","10,2"
6O53.pdb,HLA-A*02:01,KLVVVGAVGV,10,"2,10","10,2"
6O9B.pdb,HLA-A*03:01,TTAPSLSGK,9,"2,9","9,6,1,2"
6O9C.pdb,HLA-A*03:01,TTAPFLSGK,9,"2,9","9,6,1,2"
6OPD.pdb,HLA-A*02:01,ILNAMIVKI,9,"2,9","9,2"
6P23.pdb,HLA-B*08:01,AAAKKKYCL,9,"3,9","9,3,6"
6P27.pdb,HLA-B*08:01,AAAKKKYCL,9,"3,9","9,3,6"
6P2C.pdb,HLA-B*08:01,AAAKKKYCL,9,"3,9","9,3,6"
6P2F.pdb,HLA-B*08:01,AAAKKGYCL,9,"3,9","9,3"
6P2S.pdb,HLA-B*08:01,AAAKKKYCL,9,"3,9","9,6,3"
6P64.pdb,HLA-A*02:06,KQWLVWLFL,9,"2,9","9,2"
6PA1.pdb,HLA-C*07:02,RYRPGTVAL,9,"2,9","3,2,9"
6PAG.pdb,HLA-C*07:02,RYRPGTVAL,9,"2,9","9,1,2"
6PTB.pdb,HLA-A*02:01,ILNAMIAKI,9,"2,9","9,2"
6PTE.pdb,HLA-A*02:01,ILNAMITKI,9,"2,9","9,1,2"
6PYJ.pdb,HLA-B*27:05,LRNQSVFNF,9,"2,9","9,1,2"
6PYL.pdb,HLA-B*27:03,KRWIILGLNK,10,"2,10","10,2"
6PYV.pdb,HLA-B*27:03,LRNQSVFNF,9,"2,9","9,1,2"
6PYW.pdb,HLA-B*27:05,LRNQSVFNF,9,"2,9","9,1,2"
6PZ5.pdb,HLA-B*27:03,LRNQSVFNF,9,"2,9","9,1,2"
6Q3K.pdb,HLA-A*02:01,NLVPMVATV,9,"2,9","9,1,2"
6Q3S.pdb,HLA-A*02:01,SLLMWITQV,9,"2,9","9,6,1,2"
6R2L.pdb,HLA-A*02:01,SLSKILDTV,9,"2,9","9,1,2"
6RP9.pdb,HLA-A*02:01,SLLMWITQV,9,"2,9","9,1,2"
6RPA.pdb,HLA-A*02:01,SLLMWITQV,9,"2,9","9,1,2"
6RPB.pdb,HLA-A*02:01,SLLMWITQV,9,"2,9","9,1,2"
6RSY.pdb,HLA-A*02:01,RMFPNAPYL,9,"2,9","9,2"
6SS7.pdb,HLA-A*02:01,LLWAGPMAV,9,"2,9","9,2"
6SS8.pdb,HLA-A*02:01,LLWNGPIAV,9,"2,9","9,1,2"
6SS9.pdb,HLA-A*02:01,LLWNGPMHV,9,"2,9","9,2"
6SSA.pdb,HLA-A*02:01,LLWNGPMQV,9,"2,9","9,1,2"
6TMO.pdb,HLA-A*02:01,EAAGIGILTV,10,"2,10","10,2"
6TRN.pdb,HLA-A*02:01,AVYDGREHTV,10,"2,10","10,1,2"
6TRO.pdb,HLA-A*02:01,GVYDGREHTV,10,"2,10","10,1,2"
6UJO.pdb,HLA-A*02:06,KQWLVWLFL,9,"2,9","9,2"
6UJQ.pdb,HLA-A*02:06,KQWLVWLLL,9,"2,9","9,2"
6UK2.pdb,HLA-A*02:06,KQWLVWLLL,9,"2,9","9,2"
6UK4.pdb,HLA-A*02:06,KQWLVWLFL,9,"2,9","9,2"
6ULI.pdb,HLA-C*08:02,GADGVGKSA,9,"2,9","3,9,1,5,2"
6ULK.pdb,HLA-C*08:02,GADGVGKSAL,10,"2,10","10,3,1,2"
6ULN.pdb,HLA-C*08:02,GADGVGKSA,9,"2,9","3,9,1,5,2"
6ULR.pdb,HLA-C*08:02,GADGVGKSA,9,"2,9","3,9,1,5,2"
6UON.pdb,HLA-C*08:02,GADGVGKSAL,10,"2,10","10,3,1,2"
6UZ1.pdb,HLA-A*02:01,LLFGYPVYV,9,"2,9","9,2"
6V2O.pdb,HLA-B*57:01,ASLNLPAVSW,10,"2,10","10,2,1"
6V2P.pdb,HLA-B*57:03,ASLNLPAVSW,10,"2,10","10,2"
6V2Q.pdb,HLA-B*57:03,LSSPVTKSF,9,"2,9","9,2"
6V3J.pdb,HLA-B*57:03,LSSPVTKSF,9,"2,9","9,2"
6VMX.pdb,HLA-B*07:02,RPPIFIRRL,9,"2,9","9,2"
6VR1.pdb,HLA-A*02:01,HMTEVVRRC,9,"2,9","9,2"
6VR5.pdb,HLA-A*02:01,HMTEVVRHC,9,"2,9","9,2"
6VRN.pdb,HLA-A*02:01,HMTEVVRHC,9,"2,9","9,2"
6WZY.pdb,H2-Db,SGPDNGAVAV,10,"2,10","10,3,1,5,2"
6X00.pdb,H2-Db,SGPDNGAVAVL,11,"2,11","3,1,5,11,2"
6Y26.pdb,HLA-B*27:05,GRLNAPIKV,9,"2,9","9,1,2"
6Y28.pdb,HLA-B*27:05,GRLNEPIKV,9,"2,9","9,1,2"
6Y29.pdb,HLA-B*27:09,GRLNEPIKV,9,"2,9","9,1,2"
6Y2A.pdb,HLA-B*27:05,GRLNQPIKV,9,"2,9","9,1,2"
6Y2B.pdb,HLA-B*27:09,GRLNQPIKV,9,"2,9","9,1,2"
7K80.pdb,HLA-A*24:02,RYPLTFGW,8,"2,8","8,3,5,2"
7K81.pdb,HLA-A*24:02,RYPLTFGW,8,"2,8","8,3,5,2"
