,pdb_code,MHC,peptide,peptide_length,anchors,NetMHCpan4.1
990,5XMM.pdb,BoLA-2*012:01,DMANVSTGR,9,"2,9","2, 9"
807,5XMF.pdb,BoLA-2*012:01,RMANVSTGR,9,"2,9","2, 9"
228,3PWV.pdb,BoLA-2*018:01,IPAYGVLTI,9,"2,9","2, 9"
1153,3PWU.pdb,BoLA-2*018:01,IPAYGVLTI,9,"2,9","2, 9"
982,2XFX.pdb,BoLA-6*013:01,VGYPKVKEEML,11,"2,11","2, 11"
488,4ZUU.pdb,Eqca-N*006:01,CTSEEMNAF,9,2,"2, 9"
59,4ZUW.pdb,Eqca-N*006:01,GSQKLTTGNCNW,12,"1,2,12","2, 12"
85,4ZUT.pdb,Eqca-N*006:01,GSQKLTTGNCNW,12,"1,2,12","2, 12"
118,4ZUS.pdb,Eqca-N*006:01,QAEVLQERLEW,11,"2,11","4, 11"
829,4ZUV.pdb,Eqca-N*006:01,RVEDVTNTAEYW,12,"2,12","2, 12"
733,4D0D.pdb,Gaga-BF2*002:01:01,VIFPAKSL,8,"2,8","2, 8"
927,4CVX.pdb,Gaga-BF2*002:01:01,YPYLGPNTL,9,"2,9","2, 9"
166,4G42.pdb,Gaga-BF2*004:01:01,IDWFDGKD,8,"2,5,8","2, 8"
130,4E0R.pdb,Gaga-BF2*004:01:01,IDWFDGKE,8,"2,5,8","2, 8"
612,6LHG.pdb,Gaga-BF2*004:01:01,IDWFDGKE,8,"2,5,8","2, 8"
1016,4G43.pdb,Gaga-BF2*004:01:01,IDWFEGKE,8,"2,5,8","2, 8"
660,5YMV.pdb,Gaga-BF2*012:01:01,AVKGVGTMV,9,"2,5,8","2, 9"
509,5YMW.pdb,Gaga-BF2*012:01:01,LPACVLEV,8,"5,8","2, 8"
643,4CW1.pdb,Gaga-BF2*014:01:01,SWFRKPMTR,9,"2,9","2, 9"
1140,6IRL.pdb,Gaga-BF2*015:01:01,RREVHTYY,8,"2,8","2, 8"
341,6LHF.pdb,Gaga-BF2*015:01:01,RRREQTDY,8,"2,8","2, 8"
775,6LHH.pdb,Gaga-BF2*015:01:01,RRREQTDY,8,"2,8","2, 8"
446,3BEV.pdb,Gaga-BF2*021:01:01,GHAEEYGAETL,11,"1,11","2, 11"
238,3BEW.pdb,Gaga-BF2*021:01:01,REVDEQLLSV,10,"2,10","3, 10"
25,2YF6.pdb,Gaga-BF2*021:01:01,TAGQEDYDRL,10,"1,10","2, 10"
946,4D0B.pdb,Gaga-BF2*021:01:01,TAGQEDYDRL,10,"1,10","2, 10"
217,2YF5.pdb,Gaga-BF2*021:01:01,TAGQSNYDRL,10,"1,10","2, 10"
655,4D0C.pdb,Gaga-BF2*021:01:01,TAGQSNYDRL,10,10,"2, 10"
1103,2YEZ_B.pdb,Gaga-BF2*021:01:01,TNPESKVFYL,10,"2,10","2, 10"
1121,2YEZ_A.pdb,Gaga-BF2*021:01:01,TNPESKVFYL,10,"2,10","2, 10"
597,4CVZ.pdb,Gaga-BF2*021:01:01,YELDEKFDRL,10,"2,10","3, 10"
487,1FFO.pdb,H2-Db,AAVYNFATM,9,"1,5,9","2, 9"
193,3FTG_B.pdb,H2-Db,ASAENMETM,9,"1,5,9","2, 9"
199,3FTG_A.pdb,H2-Db,ASAENMETM,9,"1,5,9","2, 9"
54,4L8C.pdb,H2-Db,ASDENMETM,9,"1,5,9","2, 9"
599,4L8D_B.pdb,H2-Db,ASNEDMETM,9,"1,5,9","2, 9"
820,4L8D_A.pdb,H2-Db,ASNEDMETM,9,"1,5,9","2, 9"
799,4L8B_B.pdb,H2-Db,ASNEHMETM,9,"1,5,9","2, 9"
1066,4L8B_A.pdb,H2-Db,ASNEHMETM,9,"1,9","2, 9"
201,3CPL_A.pdb,H2-Db,ASNENAETM,9,"1,5,9","2, 9"
573,3CPL_B.pdb,H2-Db,ASNENAETM,9,"1,5,9","2, 9"
100,4HUU_B.pdb,H2-Db,ASNENIETM,9,"1,5,9","2, 9"
607,4HV8_B.pdb,H2-Db,ASNENIETM,9,"1,5,9","2, 9"
1082,4HV8_A.pdb,H2-Db,ASNENIETM,9,"1,5,9","2, 9"
1136,4HUU_A.pdb,H2-Db,ASNENIETM,9,"1,5,9","2, 9"
13,4HUX_B.pdb,H2-Db,ASNENMETM,9,"1,9","2, 9"
310,5SWZ_B.pdb,H2-Db,ASNENMETM,9,"1,5,9","2, 9"
522,5SWS.pdb,H2-Db,ASNENMETM,9,"1,5,9","2, 9"
668,5SWZ_A.pdb,H2-Db,ASNENMETM,9,"1,5,9","2, 9"
725,1HOC.pdb,H2-Db,ASNENMETM,9,"1,5,9","2, 9"
888,4HUX_A.pdb,H2-Db,ASNENMETM,9,"1,9","2, 9"
240,4HUW_B.pdb,H2-Db,ASNENTETM,9,"1,2,5,9","2, 9"
1049,4HUW_A.pdb,H2-Db,ASNENTETM,9,"1,2,5,9","2, 9"
575,4HUV_B.pdb,H2-Db,ASNENWETM,9,"1,9","2, 9"
664,4HUV_A.pdb,H2-Db,ASNENWETM,9,"1,9","2, 9"
843,5JWE_B.pdb,H2-Db,CSANNSHHYI,10,"1,2,3,5,10","2, 10"
1080,5JWE_A.pdb,H2-Db,CSANNSHHYI,10,"1,2,3,5,10","2, 10"
342,4PG2.pdb,H2-Db,CSLWNGPHL,9,"5,9","2, 9"
485,4IHO_A.pdb,H2-Db,EGPRNQDWL,9,"2,5,9","2, 9"
577,3CH1_B.pdb,H2-Db,EGPRNQDWL,9,"1,2,5,9","2, 9"
670,4IHO_B.pdb,H2-Db,EGPRNQDWL,9,"2,5,9","2, 9"
852,3CH1_A.pdb,H2-Db,EGPRNQDWL,9,"1,2,5,9","2, 9"
362,3CCH_B.pdb,H2-Db,EGSRNQDWL,9,"5,9","2, 9"
705,3CCH_A.pdb,H2-Db,EGSRNQDWL,9,"5,9","2, 9"
1084,1CE6.pdb,H2-Db,FAPGNYPAL,9,"2,5,9","2, 9"
937,1BZ9.pdb,H2-Db,FAPGVFPYM,9,"3,9","2, 9"
1089,1QLF.pdb,H2-Db,FAPSNYPAL,9,"2,5,9","2, 9"
289,1JPG.pdb,H2-Db,FQPQNGQFI,9,"2,5,9","2, 9"
677,1S7W_B.pdb,H2-Db,KALYNFATM,9,"5,9","2, 9"
692,1S7W_A.pdb,H2-Db,KALYNFATM,9,"5,9","2, 9"
536,1ZHB.pdb,H2-Db,KALYNYAPI,9,"2,9","2, 9"
916,5M01_A.pdb,H2-Db,KAPANFATM,9,"2,5,9","2, 9"
1018,5M01_B.pdb,H2-Db,KAPANFATM,9,"2,5,9","2, 9"
1027,3TBS.pdb,H2-Db,KAPANFATM,9,"1,2,9","2, 9"
260,5M02_B.pdb,H2-Db,KAPFNFATM,9,"2,5,9","2, 9"
784,3TBY.pdb,H2-Db,KAPFNFATM,9,"1,9","2, 9"
920,5M02_A.pdb,H2-Db,KAPFNFATM,9,"2,5,9","2, 9"
256,3TBT.pdb,H2-Db,KAPSNFATM,9,"2,9","2, 9"
178,6G9Q.pdb,H2-Db,KAPYDYAPI,9,"2,5,9","2, 9"
183,6G9R.pdb,H2-Db,KAPYDYAPI,9,"1,2,5,9","2, 9"
113,4NSK.pdb,H2-Db,KAPYNFATM,9,9,"2, 9"
588,5TIL.pdb,H2-Db,KAPYNFATM,9,"2,5,9","2, 9"
259,5M00.pdb,H2-Db,KAVANFATM,9,"2,5,9","2, 9"
425,3QUK_A.pdb,H2-Db,KAVANFATM,9,"1,5,9","2, 9"
1133,3QUK_B.pdb,H2-Db,KAVANFATM,9,"1,5,9","2, 9"
219,1S7X.pdb,H2-Db,KAVFNFATM,9,"2,3,5,9","2, 9"
901,3QUL_B.pdb,H2-Db,KAVSNFATM,9,"2,9","2, 9"
1005,3QUL_A.pdb,H2-Db,KAVSNFATM,9,"2,9","2, 9"
1037,1FG2.pdb,H2-Db,KAVYNFATC,9,"5,9","2, 9"
69,1N5A.pdb,H2-Db,KAVYNFATM,9,"5,9","2, 9"
500,1FFN.pdb,H2-Db,KAVYNFATM,9,"2,5,9","2, 9"
706,5TJE.pdb,H2-Db,KAVYNFATM,9,"2,5,9","2, 9"
863,1S7U.pdb,H2-Db,KAVYNFATM,9,"2,5,9","2, 9"
1114,2F74.pdb,H2-Db,KAVYNFATM,9,"5,9","2, 9"
326,1S7V.pdb,H2-Db,KAVYNLATM,9,"1,3,5,9","2, 9"
301,3TBV.pdb,H2-Db,KGPANFATM,9,"1,2,5,9","2, 9"
1117,3TBW.pdb,H2-Db,KGPSNFATM,9,"1,2,5,9","2, 9"
227,3CC5.pdb,H2-Db,KVPRNQDWL,9,"2,5,9","2, 9"
51,3BUY.pdb,H2-Db,LSLRNPILV,9,"1,5,9","2, 9"
712,5E8N.pdb,H2-Db,MCLRMTAVM,9,"2,5,9","2, 9"
192,5MZM.pdb,H2-Db,MCPRMTAVM,9,"2,9","2, 9"
378,1N3N.pdb,H2-Db,SALQNAASIA,10,"1,2,3,5,10","2, 10"
257,1FFP.pdb,H2-Db,SAVYNFATM,9,"1,2,3,5,9","2, 9"
611,6WZY_B.pdb,H2-Db,SGPDNGAVAV,10,"1,2,5,10","2, 10"
951,6WZY_A.pdb,H2-Db,SGPDNGAVAV,10,"1,2,5,10","2, 10"
92,6X00_B.pdb,H2-Db,SGPDNGAVAVL,11,"1,2,5,11","2, 11"
368,6X00_A.pdb,H2-Db,SGPDNGAVAVL,11,"1,2,3,5,11","2, 11"
535,6H6D_B.pdb,H2-Db,SGPSNTPPEI,10,"1,2,5,10","2, 10"
808,6H6H.pdb,H2-Db,SGPSNTPPEI,10,"1,5,10","2, 10"
1119,6H6D_A.pdb,H2-Db,SGPSNTPPEI,10,"1,2,5,10","2, 10"
43,1JPF.pdb,H2-Db,SGVENPGGYCL,11,"1,3,5,11","2, 11"
141,1WBX.pdb,H2-Db,SQLKNNAKEI,10,"1,2,5,10","2, 10"
11,5WLG_B.pdb,H2-Db,SQLLNAKYL,9,"1,2,3,5,9","2, 9"
134,5WLI.pdb,H2-Db,SQLLNAKYL,9,"1,2,5,9","2, 9"
866,5WLG_A.pdb,H2-Db,SQLLNAKYL,9,"1,2,3,5,9","2, 9"
625,3L3H.pdb,H2-Db,SSLENARAYV,10,"1,5,10","2, 10"
769,1YN7.pdb,H2-Db,SSLENFAAYV,10,"1,5,10","2, 10"
27,3PQY.pdb,H2-Db,SSLENFRAYV,10,"1,5,10","2, 10"
263,1WBY.pdb,H2-Db,SSLENFRAYV,10,"1,5,10","2, 10"
1113,1YN6.pdb,H2-Db,SSLENFRAYV,10,"1,5,10","2, 10"
245,1JUF.pdb,H2-Db,SSVIGVWYL,9,"1,5,9","2, 9"
812,1INQ.pdb,H2-Db,SSVVGVWYL,9,"1,5,9","2, 9"
106,5JWD.pdb,H2-Db,WLVTNGSYL,9,"2,5,9","2, 9"
729,3WS6.pdb,H2-Db,YAIENYLEL,9,"2,3,5,9","2, 9"
427,3WS3_B.pdb,H2-Db,YQLENYCGL,9,"2,5,9","2, 9"
940,3WS3_A.pdb,H2-Db,YQLENYCGL,9,"2,5,9","2, 9"
108,3E6F.pdb,H2-Dd,IGPGRAFYA,9,"2,3","2, 9"
279,5T7G.pdb,H2-Dd,IGPGRAFYT,9,"1,2,3,9","2, 9"
225,3E6H.pdb,H2-Dd,IGPGRAFYTI,10,"1,2,3,10","2, 10"
84,5KD7.pdb,H2-Dd,IGPGRAFYV,9,"1,2,3,9","2, 9"
899,5KD4.pdb,H2-Dd,IGPGRAFYVI,10,"1,2","2, 10"
765,5WEU_B.pdb,H2-Dd,RGPGCAFVTI,10,"2,3,10","2, 10"
1116,5WEU_A.pdb,H2-Dd,RGPGCAFVTI,10,"2,3,10","2, 10"
144,3ECB.pdb,H2-Dd,RGPGRAFVTI,10,"2,3,10","2, 10"
163,6NPR.pdb,H2-Dd,RGPGRAFVTI,10,"2,3,10","2, 10"
202,1QO3.pdb,H2-Dd,RGPGRAFVTI,10,"2,3,10","2, 10"
574,1BII.pdb,H2-Dd,RGPGRAFVTI,10,"2,3,10","2, 10"
700,3DMM.pdb,H2-Dd,RGPGRAFVTI,10,"2,3,10","2, 10"
1074,5IVX_A.pdb,H2-Dd,RGPGRAFVTI,10,"2,3,10","2, 10"
1125,1DDH.pdb,H2-Dd,RGPGRAFVTI,10,2,"2, 10"
1126,5IVX_B.pdb,H2-Dd,RGPGRAFVTI,10,"2,3,10","2, 10"
309,3VJ6_B.pdb,H2-Dk,AMAPRTLLL,9,"1,2,3,6","2, 9"
952,5VCL.pdb,H2-Dk,AMAPRTLLL,9,"2,3,6","2, 9"
1095,3VJ6_A.pdb,H2-Dk,AMAPRTLLL,9,"1,2,3,6","2, 9"
1122,1K8D.pdb,H2-Dk,ILMEHIHKL,9,"2,9","2, 9"
266,3TIE_A.pdb,H2-Kb,AIVNYANL,8,"1,8","2, 8"
423,3TIE_B.pdb,H2-Kb,AIVNYANL,8,"1,8","2, 8"
724,1S7S.pdb,H2-Kb,ALYNFATM,8,"1,2,8","2, 8"
1170,1S7T.pdb,H2-Kb,AVFNFATM,8,"1,8","2, 8"
206,1N59.pdb,H2-Kb,AVYNFATM,8,"1,2,8","2, 8"
272,3TID_B.pdb,H2-Kb,AVYNFATM,8,"1,8","2, 8"
307,4HS3_B.pdb,H2-Kb,AVYNFATM,8,"1,8","2, 8"
324,3TID_A.pdb,H2-Kb,AVYNFATM,8,"1,8","2, 8"
336,4HS3_A.pdb,H2-Kb,AVYNFATM,8,"1,8","2, 8"
351,3ROO_A.pdb,H2-Kb,AVYNFATM,8,"1,8","2, 8"
707,1S7Q.pdb,H2-Kb,AVYNFATM,8,"1,8","2, 8"
759,3ROO_B.pdb,H2-Kb,AVYNFATM,8,"1,8","2, 8"
973,3PAB_A.pdb,H2-Kb,EIINFEKL,8,8,"2, 8"
1101,3PAB_B.pdb,H2-Kb,EIINFEKL,8,8,"2, 8"
407,1LEK.pdb,H2-Kb,EQYKFYSV,8,8,"2, 8"
502,2CKB_B.pdb,H2-Kb,EQYKFYSV,8,8,"2, 8"
602,1JTR.pdb,H2-Kb,EQYKFYSV,8,8,"2, 8"
735,1LEG.pdb,H2-Kb,EQYKFYSV,8,8,"2, 8"
749,1MWA.pdb,H2-Kb,EQYKFYSV,8,8,"2, 8"
830,2CKB_A.pdb,H2-Kb,EQYKFYSV,8,8,"2, 8"
534,4PGB_A.pdb,H2-Kb,FAPGNWPAL,9,"2,9","2, 9"
566,4PGB_B.pdb,H2-Kb,FAPGNWPAL,9,"2,9","2, 9"
198,4PGD.pdb,H2-Kb,FAPGNYPAF,9,"2,9","2, 9"
45,4PG9_B.pdb,H2-Kb,FAPGNYPAL,9,"2,9","2, 9"
131,1FZO_B.pdb,H2-Kb,FAPGNYPAL,9,9,"2, 9"
282,4PG9_A.pdb,H2-Kb,FAPGNYPAL,9,"2,9","2, 9"
339,1KPV_A.pdb,H2-Kb,FAPGNYPAL,9,"2,9","2, 9"
533,1KPV_B.pdb,H2-Kb,FAPGNYPAL,9,"2,9","2, 9"
614,1FZK_B.pdb,H2-Kb,FAPGNYPAL,9,"2,9","2, 9"
657,1FZK_A.pdb,H2-Kb,FAPGNYPAL,9,"2,9","2, 9"
878,2VAB.pdb,H2-Kb,FAPGNYPAL,9,9,"2, 9"
980,1FZO_A.pdb,H2-Kb,FAPGNYPAL,9,9,"2, 9"
369,4PGE_B.pdb,H2-Kb,FAPGNYPAW,9,"2,9","2, 9"
760,4PGE_A.pdb,H2-Kb,FAPGNYPAW,9,"2,9","2, 9"
99,1LK2_B.pdb,H2-Kb,GNYSFYAL,8,"1,8","2, 8"
442,1LK2_A.pdb,H2-Kb,GNYSFYAL,8,"1,8","2, 8"
176,2CLZ.pdb,H2-Kb,INFDFNTI,8,8,"2, 8"
231,1FO0.pdb,H2-Kb,INFDFNTI,8,8,"2, 8"
293,1NAN.pdb,H2-Kb,INFDFNTI,8,8,"2, 8"
44,3FOM_B.pdb,H2-Kb,IQQSIERI,8,"2,8","2, 8"
609,3FOM_A.pdb,H2-Kb,IQQSIERI,8,"2,8","2, 8"
1068,1S7R.pdb,H2-Kb,KAVYNLATM,9,"2,9","2, 9"
287,1KJ2.pdb,H2-Kb,KVITFIDL,8,8,"2, 8"
426,1KJ3_B.pdb,H2-Kb,KVITFIDL,8,8,"2, 8"
1015,1KJ3_A.pdb,H2-Kb,KVITFIDL,8,8,"2, 8"
224,1OSZ.pdb,H2-Kb,RGYLYQGL,8,8,"2, 8"
164,1KPU_A.pdb,H2-Kb,RGYVYQGL,8,8,"2, 8"
186,1FZJ_B.pdb,H2-Kb,RGYVYQGL,8,8,"2, 8"
357,2VAA.pdb,H2-Kb,RGYVYQGL,8,8,"2, 8"
579,1FZM_A.pdb,H2-Kb,RGYVYQGL,8,8,"2, 8"
661,1NAM.pdb,H2-Kb,RGYVYQGL,8,8,"2, 8"
694,1KPU_B.pdb,H2-Kb,RGYVYQGL,8,8,"2, 8"
734,1FZM_B.pdb,H2-Kb,RGYVYQGL,8,8,"2, 8"
847,1FZJ_A.pdb,H2-Kb,RGYVYQGL,8,8,"2, 8"
1131,1BQH.pdb,H2-Kb,RGYVYQGL,8,"2,8","2, 8"
1172,2MHA.pdb,H2-Kb,RGYVYQGL,8,8,"2, 8"
376,2FO4.pdb,H2-Kb,SAPDFRPL,8,"1,8","2, 8"
353,1G7Q.pdb,H2-Kb,SAPDTRPA,8,"1,8","2, 8"
81,1RJZ.pdb,H2-Kb,SEIEFARL,8,"1,8","2, 8"
654,1RK1.pdb,H2-Kb,SEIEFARL,8,"1,8","2, 8"
416,3P9M_A.pdb,H2-Kb,SIIGFEKL,8,"1,8","2, 8"
797,3P9M_B.pdb,H2-Kb,SIIGFEKL,8,"1,8","2, 8"
229,3C8K.pdb,H2-Kb,SIINFEKL,8,"1,8","2, 8"
288,1P1Z.pdb,H2-Kb,SIINFEKL,8,"1,8","2, 8"
327,3CVH.pdb,H2-Kb,SIINFEKL,8,8,"2, 8"
370,3P9L_A.pdb,H2-Kb,SIINFEKL,8,"1,8","2, 8"
444,1P4L.pdb,H2-Kb,SIINFEKL,8,8,"2, 8"
687,1VAC.pdb,H2-Kb,SIINFEKL,8,8,"2, 8"
738,3P9L_B.pdb,H2-Kb,SIINFEKL,8,"1,8","2, 8"
876,4HKJ.pdb,H2-Kb,SIINFEKL,8,"1,8","2, 8"
50,6JQ3_A.pdb,H2-Kb,SIIVFNLL,8,8,"2, 8"
270,6JQ3_B.pdb,H2-Kb,SIIVFNLL,8,8,"2, 8"
1177,1G6R.pdb,H2-Kb,SIYRYYGL,8,8,"2, 8"
151,2OL3.pdb,H2-Kb,SQYYYNSL,8,"1,2,8","2, 8"
623,2CLV.pdb,H2-Kb,SQYYYNSL,8,"1,8","2, 8"
699,1G7P.pdb,H2-Kb,SRDHSRTPM,9,"1,9","2, 9"
877,1VAD.pdb,H2-Kb,SRDHSRTPM,9,"1,9","2, 9"
3,1RK0.pdb,H2-Kb,SSIEFARL,8,"1,8","2, 8"
433,1T0M.pdb,H2-Kb,SSIEFARL,8,8,"2, 8"
837,1T0N.pdb,H2-Kb,SSIEFARL,8,8,"2, 8"
935,1RJY.pdb,H2-Kb,SSIEFARL,8,"1,8","2, 8"
685,1WBZ.pdb,H2-Kb,SSYRRPVGI,9,9,"2, 9"
244,3FON_A.pdb,H2-Kb,VNDIFEAI,8,"2,8","2, 8"
323,3FON_B.pdb,H2-Kb,VNDIFEAI,8,"2,8","2, 8"
105,3FOL_A.pdb,H2-Kb,VNDIFERI,8,"2,8","2, 8"
299,3FOL_B.pdb,H2-Kb,VNDIFERI,8,"2,8","2, 8"
659,3P4O.pdb,H2-Kb,YTAKYPNL,8,"2,8","2, 8"
399,3P4N.pdb,H2-Kb,YTVKFPNM,8,8,"2, 8"
469,3P4M_A.pdb,H2-Kb,YTVKYPNL,8,8,"2, 8"
608,3P4M_B.pdb,H2-Kb,YTVKYPNL,8,8,"2, 8"
632,5GSX.pdb,H2-Kd,FYAPEPITSL,10,"2,3,10","2, 10"
98,4WDI_B.pdb,H2-Kd,LYLVCGERG,9,"1,2,3,5,9","2, 9"
511,1L6Q.pdb,H2-Kd,LYLVCGERG,9,"2,9","2, 9"
1061,4WDI_A.pdb,H2-Kd,LYLVCGERG,9,"1,2,3,5,9","2, 9"
617,4Z78.pdb,H2-Kd,LYLVCGERGF,10,2,"2, 10"
688,4Z76_A.pdb,H2-Kd,LYLVCGERV,9,"2,5,9","2, 9"
894,4Z76_B.pdb,H2-Kd,LYLVCGERV,9,"2,5,9","2, 9"
1171,4Z77.pdb,H2-Kd,LYLVCGERV,9,"2,5,9","2, 9"
585,1VGK.pdb,H2-Kd,SYVNTNMGL,9,"1,2,5,9","2, 9"
494,2FWO.pdb,H2-Kd,TYQRTRALV,9,"1,2,5,9","2, 9"
634,5TRZ.pdb,H2-Kd,YQSGLSIVM,9,"1,4,8","2, 9"
722,5GSR.pdb,H2-Kd,YYSIAPHSI,9,"2,5,9","2, 9"
356,5GSB.pdb,H2-Kd,YYSIIPHSI,9,"2,9","2, 9"
991,5GR7.pdb,H2-Kd,YYSIIPHSI,9,"2,9","2, 9"
995,1ZT1_B.pdb,H2-Kk,FEANGNLI,8,"2,5,8","2, 8"
1107,1ZT1_A.pdb,H2-Kk,FEANGNLI,8,"2,5,8","2, 8"
346,1ZT7.pdb,H2-Kk,SEFLLEKRI,9,"2,9","2, 9"
490,5J6H.pdb,H2-Ld,VGITNVDL,8,"1,2,5,8","2, 8"
492,5J6G.pdb,H2-Ld,VGITNVDL,8,2,"2, 8"
1152,1LD9.pdb,H2-Ld,YPNVNIHNF,9,"2,9","2, 9"
565,6AT9.pdb,HLA-A*01:01,AQDIYRASYY,10,"1,2,10","2, 10"
221,4NQX_B.pdb,HLA-A*01:01,CTELKLNDY,9,"2,9","2, 9"
821,4NQX_A.pdb,HLA-A*01:01,CTELKLNDY,9,"2,9","2, 9"
429,4NQV.pdb,HLA-A*01:01,CTELKLSDY,9,"2,9","2, 9"
2,3BO8_A.pdb,HLA-A*01:01,EADPTGHSY,9,"2,9","2, 9"
239,3BO8_B.pdb,HLA-A*01:01,EADPTGHSY,9,"2,9","2, 9"
941,1W72.pdb,HLA-A*01:01,EADPTGHSY,9,"2,9","2, 9"
1099,5BS0.pdb,HLA-A*01:01,ESDPIVAQY,9,"2,9","2, 9"
548,5BRZ.pdb,HLA-A*01:01,EVDPIGHLY,9,9,"2, 9"
19,6EQB_B.pdb,HLA-A*02:01,AAGIGILTV,9,"2,3,9","2, 9"
76,6D78_B.pdb,HLA-A*02:01,AAGIGILTV,9,"1,5,9","2, 9"
101,3QFD_A.pdb,HLA-A*02:01,AAGIGILTV,9,"1,2,9","2, 9"
216,6EQB_A.pdb,HLA-A*02:01,AAGIGILTV,9,"1,5,9","2, 9"
314,3QEQ.pdb,HLA-A*02:01,AAGIGILTV,9,"1,2,3,9","2, 9"
347,6EQA_B.pdb,HLA-A*02:01,AAGIGILTV,9,"1,2,3,5,9","2, 9"
358,3QDJ_B.pdb,HLA-A*02:01,AAGIGILTV,9,"2,9","2, 9"
372,6EQA_A.pdb,HLA-A*02:01,AAGIGILTV,9,"1,5,9","2, 9"
549,3QFD_B.pdb,HLA-A*02:01,AAGIGILTV,9,"1,2,9","2, 9"
683,6D78_A.pdb,HLA-A*02:01,AAGIGILTV,9,"1,5,9","2, 9"
977,2GUO_A.pdb,HLA-A*02:01,AAGIGILTV,9,"1,2,9","2, 9"
979,3QDJ_A.pdb,HLA-A*02:01,AAGIGILTV,9,"2,9","2, 9"
1006,2GUO_B.pdb,HLA-A*02:01,AAGIGILTV,9,"1,2,9","2, 9"
1076,4JFO.pdb,HLA-A*02:01,ALAGIGILTV,10,"1,2,6,10","2, 10"
350,1JHT.pdb,HLA-A*02:01,ALGIGILTV,9,"1,2,9","2, 9"
366,2GTZ_A.pdb,HLA-A*02:01,ALGIGILTV,9,"1,2,9","2, 9"
595,2GTZ_B.pdb,HLA-A*02:01,ALGIGILTV,9,"1,2,9","2, 9"
859,4EUP.pdb,HLA-A*02:01,ALGIGILTV,9,"1,2,5,9","2, 9"
584,2UWE_A.pdb,HLA-A*02:01,ALWGFFPVL,9,"2,9","2, 9"
836,1LP9.pdb,HLA-A*02:01,ALWGFFPVL,9,"1,2,9","2, 9"
874,2JCC.pdb,HLA-A*02:01,ALWGFFPVL,9,"2,9","2, 9"
961,2UWE_B.pdb,HLA-A*02:01,ALWGFFPVL,9,"2,9","2, 9"
1052,2J8U.pdb,HLA-A*02:01,ALWGFFPVL,9,"2,9","2, 9"
1055,1B0G.pdb,HLA-A*02:01,ALWGFFPVL,9,"1,2,9","2, 9"
210,1I7U.pdb,HLA-A*02:01,ALWGFVPVL,9,"1,2,9","2, 9"
86,3UTS.pdb,HLA-A*02:01,ALWGPDPAAA,10,"1,2,10","2, 10"
810,3UTT_A.pdb,HLA-A*02:01,ALWGPDPAAA,10,"1,2,10","2, 10"
933,3UTQ.pdb,HLA-A*02:01,ALWGPDPAAA,10,"1,2,10","2, 10"
1039,3UTT_B.pdb,HLA-A*02:01,ALWGPDPAAA,10,"1,2,10","2, 10"
1,1I7T.pdb,HLA-A*02:01,ALWGVFPVL,9,"1,2,9","2, 9"
1166,1T1Z.pdb,HLA-A*02:01,ALYNTAAAL,9,"1,2,9","2, 9"
1003,2X4S.pdb,HLA-A*02:01,AMDSNTLEL,9,"1,2,9","2, 9"
343,5C0D_A.pdb,HLA-A*02:01,AQWGPDPAAA,10,"1,2,10","2, 10"
686,5HYJ.pdb,HLA-A*02:01,AQWGPDPAAA,10,"1,2,10","2, 10"
1063,5C0D_B.pdb,HLA-A*02:01,AQWGPDPAAA,10,"1,2,10","2, 10"
107,6TRN_A.pdb,HLA-A*02:01,AVYDGREHTV,10,"2,10","2, 10"
136,6TRN_B.pdb,HLA-A*02:01,AVYDGREHTV,10,"2,10","2, 10"
308,3MRJ_B.pdb,HLA-A*02:01,CINGMCWTV,9,"2,9","2, 9"
750,3MRJ_A.pdb,HLA-A*02:01,CINGMCWTV,9,"2,9","2, 9"
124,3MRG_A.pdb,HLA-A*02:01,CINGVCWTV,9,"2,9","2, 9"
576,3MRG_B.pdb,HLA-A*02:01,CINGVCWTV,9,"2,9","2, 9"
440,3MRL_A.pdb,HLA-A*02:01,CINGVVWTV,9,"2,9","2, 9"
891,3MRL_B.pdb,HLA-A*02:01,CINGVVWTV,9,"2,9","2, 9"
328,3MRI_B.pdb,HLA-A*02:01,CINMWCWTV,9,"2,9","2, 9"
354,3MRI_A.pdb,HLA-A*02:01,CINMWCWTV,9,"2,9","2, 9"
551,3MRH_A.pdb,HLA-A*02:01,CISGVCWTV,9,"1,2,9","2, 9"
1009,3MRH_B.pdb,HLA-A*02:01,CISGVCWTV,9,"1,2,9","2, 9"
395,3REW_B.pdb,HLA-A*02:01,CLGGLLTMV,9,"2,9","2, 9"
652,3REW_A.pdb,HLA-A*02:01,CLGGLLTMV,9,"2,9","2, 9"
589,5SWQ_B.pdb,HLA-A*02:01,CVNGSCFTV,9,"2,9","2, 9"
1062,5SWQ_A.pdb,HLA-A*02:01,CVNGSCFTV,9,"2,9","2, 9"
4,4EUQ.pdb,HLA-A*02:01,EAAGIGILTV,10,"2,6,10","2, 10"
65,4QOK_B.pdb,HLA-A*02:01,EAAGIGILTV,10,"2,6,10","2, 10"
67,2GT9_B.pdb,HLA-A*02:01,EAAGIGILTV,10,"2,6,10","2, 10"
133,4QOK_A.pdb,HLA-A*02:01,EAAGIGILTV,10,"2,6,10","2, 10"
335,6TMO.pdb,HLA-A*02:01,EAAGIGILTV,10,"2,6,10","2, 10"
987,2GT9_A.pdb,HLA-A*02:01,EAAGIGILTV,10,"2,6,10","2, 10"
413,4JFD.pdb,HLA-A*02:01,ELAAIGILTV,10,"2,6,10","2, 10"
455,4JFP_B.pdb,HLA-A*02:01,ELAAIGILTV,10,"2,6,10","2, 10"
1176,4JFP_A.pdb,HLA-A*02:01,ELAAIGILTV,10,"2,6,10","2, 10"
748,4JFE.pdb,HLA-A*02:01,ELAGIGALTV,10,"2,6,10","2, 10"
434,4JFQ_B.pdb,HLA-A*02:01,ELAGIGIATV,10,"2,6,10","2, 10"
695,4JFQ_A.pdb,HLA-A*02:01,ELAGIGIATV,10,"2,6,10","2, 10"
90,3QDM.pdb,HLA-A*02:01,ELAGIGILTV,10,"2,6,10","2, 10"
349,5NHT.pdb,HLA-A*02:01,ELAGIGILTV,10,"2,6,10","2, 10"
443,4JFF.pdb,HLA-A*02:01,ELAGIGILTV,10,"2,6,10","2, 10"
489,3HG1.pdb,HLA-A*02:01,ELAGIGILTV,10,"2,6,10","2, 10"
552,3QDG_A.pdb,HLA-A*02:01,ELAGIGILTV,10,"2,6,10","2, 10"
648,5E9D.pdb,HLA-A*02:01,ELAGIGILTV,10,"2,6,10","2, 10"
728,3QDG_B.pdb,HLA-A*02:01,ELAGIGILTV,10,"2,6,10","2, 10"
766,5NQK.pdb,HLA-A*02:01,ELAGIGILTV,10,"2,6,10","2, 10"
780,4L3E.pdb,HLA-A*02:01,ELAGIGILTV,10,"2,6,10","2, 10"
972,6DKP.pdb,HLA-A*02:01,ELAGIGILTV,10,"2,6,10","2, 10"
1059,1JF1_B.pdb,HLA-A*02:01,ELAGIGILTV,10,"2,6,10","2, 10"
1078,1JF1_A.pdb,HLA-A*02:01,ELAGIGILTV,10,"2,6,10","2, 10"
128,3MRP_A.pdb,HLA-A*02:01,ELAGLGINTV,10,"2,6,10","2, 10"
251,3MRQ_B.pdb,HLA-A*02:01,ELAGLGINTV,10,"2,6,10","2, 10"
415,3MRQ_A.pdb,HLA-A*02:01,ELAGLGINTV,10,"2,6,10","2, 10"
629,3MRP_B.pdb,HLA-A*02:01,ELAGLGINTV,10,"2,6,10","2, 10"
902,3MRO.pdb,HLA-A*02:01,ELAGWGILTV,10,"2,6,10","2, 10"
169,1I7R.pdb,HLA-A*02:01,FAPGFFPYL,9,"2,9","2, 9"
171,4GKN.pdb,HLA-A*02:01,FATGIGIITV,10,"2,6,10","2, 10"
641,1I1F.pdb,HLA-A*02:01,FLKEPVHGV,9,"2,9","2, 9"
311,4U6Y_B.pdb,HLA-A*02:01,FLNKDLEVDGHFVTM,15,"2,15","2, 15"
737,4U6Y_A.pdb,HLA-A*02:01,FLNKDLEVDGHFVTM,15,"2,15","2, 15"
155,1HHH.pdb,HLA-A*02:01,FLPSDFFPSV,10,"2,10","2, 10"
162,4GKS.pdb,HLA-A*02:01,FLTGIGIITV,10,"2,6,10","2, 10"
1022,1QEW.pdb,HLA-A*02:01,FLWGPRALV,9,"2,9","2, 9"
895,5D9S_A.pdb,HLA-A*02:01,FVLELEPEWTV,11,"2,11","2, 11"
1035,5D9S_B.pdb,HLA-A*02:01,FVLELEPEWTV,11,"2,11","2, 11"
305,5DDH_B.pdb,HLA-A*02:01,FVLELEPEWTVK,12,"2,11","2, 11"
680,5DDH_A.pdb,HLA-A*02:01,FVLELEPEWTVK,12,"2,11","2, 11"
690,5HHO.pdb,HLA-A*02:01,GILEFVFTL,9,"1,2,9","2, 9"
825,5HHP_B.pdb,HLA-A*02:01,GILEFVFTL,9,"1,2,9","2, 9"
953,5HHP_A.pdb,HLA-A*02:01,GILEFVFTL,9,"1,2,9","2, 9"
39,2VLJ.pdb,HLA-A*02:01,GILGFVFTL,9,"1,2,9","2, 9"
71,2VLR.pdb,HLA-A*02:01,GILGFVFTL,9,"1,2,9","2, 9"
145,5TEZ.pdb,HLA-A*02:01,GILGFVFTL,9,"1,2,9","2, 9"
484,2VLK.pdb,HLA-A*02:01,GILGFVFTL,9,"1,2,9","2, 9"
514,5JHD_B.pdb,HLA-A*02:01,GILGFVFTL,9,"1,2,9","2, 9"
572,5EUO.pdb,HLA-A*02:01,GILGFVFTL,9,"1,2,9","2, 9"
701,1HHI.pdb,HLA-A*02:01,GILGFVFTL,9,"1,2,9","2, 9"
751,2VLL.pdb,HLA-A*02:01,GILGFVFTL,9,"1,2,9","2, 9"
806,5JHD_A.pdb,HLA-A*02:01,GILGFVFTL,9,"1,2,9","2, 9"
849,1OGA.pdb,HLA-A*02:01,GILGFVFTL,9,"1,2,9","2, 9"
1051,5ISZ.pdb,HLA-A*02:01,GILGFVFTL,9,"1,2,9","2, 9"
281,5HHN_B.pdb,HLA-A*02:01,GILGLVFTL,9,"1,2,9","2, 9"
805,5HHM.pdb,HLA-A*02:01,GILGLVFTL,9,"1,2,9","2, 9"
889,5HHN_A.pdb,HLA-A*02:01,GILGLVFTL,9,"1,2,9","2, 9"
154,5HHQ_B.pdb,HLA-A*02:01,GIWGFVFTL,9,"1,2,9","2, 9"
477,5HHQ_A.pdb,HLA-A*02:01,GIWGFVFTL,9,"1,2,9","2, 9"
915,3MRF_A.pdb,HLA-A*02:01,GLCPLVAML,9,"1,2,9","2, 9"
1169,3MRF_B.pdb,HLA-A*02:01,GLCPLVAML,9,"1,2,9","2, 9"
794,3MRE_B.pdb,HLA-A*02:01,GLCTLVAML,9,"1,2,9","2, 9"
1104,3MRE_A.pdb,HLA-A*02:01,GLCTLVAML,9,"1,2,9","2, 9"
1129,3O4L.pdb,HLA-A*02:01,GLCTLVAML,9,"1,2,9","2, 9"
268,5ENW_A.pdb,HLA-A*02:01,GLKEGIPAL,9,"1,2,9","2, 9"
345,5ENW_B.pdb,HLA-A*02:01,GLKEGIPAL,9,"1,2,9","2, 9"
174,5F7D.pdb,HLA-A*02:01,GLKEGIPALD,10,"1,2,9","2, 9"
538,3FQU_B.pdb,HLA-A*02:01,GLLGSPVRA,9,"1,2,9","2, 9"
861,3FQT_A.pdb,HLA-A*02:01,GLLGSPVRA,9,"1,2,9","2, 9"
919,3FQU_A.pdb,HLA-A*02:01,GLLGSPVRA,9,"1,2,9","2, 9"
1031,3FQT_B.pdb,HLA-A*02:01,GLLGSPVRA,9,"1,2,9","2, 9"
147,5FA3_A.pdb,HLA-A*02:01,GLLPELPAV,9,"1,2,9","2, 9"
875,5FA3_B.pdb,HLA-A*02:01,GLLPELPAV,9,"1,2,9","2, 9"
504,5EOT.pdb,HLA-A*02:01,GLLPELPAVGG,11,"1,2,9,10","2, 9"
947,3I6G.pdb,HLA-A*02:01,GLMWLSYFV,9,"1,2,9","2, 9"
479,5E00.pdb,HLA-A*02:01,GVWIRTPPA,9,"1,2,9","2, 9"
384,5WSH.pdb,HLA-A*02:01,GVWIRTPTA,9,"1,2,9","2, 9"
966,1I4F_A.pdb,HLA-A*02:01,GVYDGREHTV,10,"1,2,10","2, 10"
1007,1I4F_B.pdb,HLA-A*02:01,GVYDGREHTV,10,"1,2,10","2, 10"
1021,6TRO.pdb,HLA-A*02:01,GVYDGREHTV,10,"1,2,10","2, 10"
778,6VRN.pdb,HLA-A*02:01,HMTEVVRHC,9,"2,9","2, 9"
993,6VR5.pdb,HLA-A*02:01,HMTEVVRHC,9,"2,9","2, 9"
473,6VR1.pdb,HLA-A*02:01,HMTEVVRRC,9,"2,9","2, 9"
1142,1QR1.pdb,HLA-A*02:01,IISAVVGIL,9,"2,9","2, 9"
212,5MER_B.pdb,HLA-A*02:01,ILAKFLHEL,9,"2,9","2, 9"
950,5MER_A.pdb,HLA-A*02:01,ILAKFLHEL,9,"2,9","2, 9"
1028,4I4W_A.pdb,HLA-A*02:01,ILAKFLHRL,9,"2,9","2, 9"
1033,4I4W_B.pdb,HLA-A*02:01,ILAKFLHRL,9,"2,9","2, 9"
461,4MNQ.pdb,HLA-A*02:01,ILAKFLHWL,9,"2,9","2, 9"
1087,5MEO_B.pdb,HLA-A*02:01,ILGKFLHRL,9,"2,9","2, 9"
1181,5MEO_A.pdb,HLA-A*02:01,ILGKFLHRL,9,"2,9","2, 9"
459,5MEP.pdb,HLA-A*02:01,ILGKFLHWL,9,"2,9","2, 9"
123,1P7Q.pdb,HLA-A*02:01,ILKEPVHGV,9,"2,9","2, 9"
432,6EWA.pdb,HLA-A*02:01,ILKEPVHGV,9,"2,9","2, 9"
447,1AKJ.pdb,HLA-A*02:01,ILKEPVHGV,9,"2,9","2, 9"
543,2X4U_A.pdb,HLA-A*02:01,ILKEPVHGV,9,"2,9","2, 9"
601,2X4U_B.pdb,HLA-A*02:01,ILKEPVHGV,9,"2,9","2, 9"
840,1HHJ.pdb,HLA-A*02:01,ILKEPVHGV,9,"2,9","2, 9"
1070,6PTB.pdb,HLA-A*02:01,ILNAMIAKI,9,"2,9","2, 9"
1079,6PTE_A.pdb,HLA-A*02:01,ILNAMITKI,9,"2,9","2, 9"
1123,6PTE_B.pdb,HLA-A*02:01,ILNAMITKI,9,"2,9","2, 9"
209,6OPD_A.pdb,HLA-A*02:01,ILNAMIVKI,9,"2,9","2, 9"
1077,6OPD_B.pdb,HLA-A*02:01,ILNAMIVKI,9,"2,9","2, 9"
334,1EEZ.pdb,HLA-A*02:01,ILSALVGIL,9,"2,9","2, 9"
457,1EEY.pdb,HLA-A*02:01,ILSALVGIV,9,"2,9","2, 9"
191,1TVH_A.pdb,HLA-A*02:01,IMDQVPFSV,9,"2,9","2, 9"
197,1TVH_B.pdb,HLA-A*02:01,IMDQVPFSV,9,"2,9","2, 9"
642,1TVB_A.pdb,HLA-A*02:01,ITDQVPFSV,9,"2,9","2, 9"
879,1TVB_B.pdb,HLA-A*02:01,ITDQVPFSV,9,"2,9","2, 9"
188,6G3K_A.pdb,HLA-A*02:01,ITSGIGVLPV,10,"2,6,10","2, 10"
803,6G3K_B.pdb,HLA-A*02:01,ITSGIGVLPV,10,"2,6,10","2, 10"
189,2X4O_A.pdb,HLA-A*02:01,KLTPLCVTL,9,"2,9","2, 9"
436,2X4O_B.pdb,HLA-A*02:01,KLTPLCVTL,9,"2,9","2, 9"
454,5YXU.pdb,HLA-A*02:01,KLVALGINAV,10,"2,10","2, 10"
818,5YXN.pdb,HLA-A*02:01,KLVALGINAV,10,"2,10","2, 10"
856,3MRM_A.pdb,HLA-A*02:01,KLVALGINAV,10,"2,6,10","2, 10"
886,3MRM_B.pdb,HLA-A*02:01,KLVALGINAV,10,"2,6,10","2, 10"
1157,5JZI.pdb,HLA-A*02:01,KLVALGINAV,10,"2,6,10","2, 10"
48,4ZEZ.pdb,HLA-A*02:01,KLVALVINAV,10,"2,6,10","2, 10"
160,6O4Y_B.pdb,HLA-A*02:01,KLVVGAVGV,9,"2,9","2, 9"
684,6O4Y_A.pdb,HLA-A*02:01,KLVVGAVGV,9,"2,9","2, 9"
1026,6O4Z_B.pdb,HLA-A*02:01,KLVVVAVGV,9,"2,9","2, 9"
1030,6O4Z_A.pdb,HLA-A*02:01,KLVVVAVGV,9,"2,9","2, 9"
167,6O53_B.pdb,HLA-A*02:01,KLVVVGAVGV,10,"2,10","2, 10"
1008,6O53_A.pdb,HLA-A*02:01,KLVVVGAVGV,10,"2,10","2, 10"
315,3MGT.pdb,HLA-A*02:01,KLYQNPTTYI,10,"2,10","2, 10"
1100,3BHB.pdb,HLA-A*02:01,KMDSFLDMQL,10,"2,10","2, 10"
928,3V5H.pdb,HLA-A*02:01,KVAEIVHFL,9,"2,9","2, 9"
344,3V5D_B.pdb,HLA-A*02:01,KVAELVHFL,9,"2,9","2, 9"
714,3V5D_A.pdb,HLA-A*02:01,KVAELVHFL,9,"2,9","2, 9"
406,3V5K.pdb,HLA-A*02:01,KVAELVWFL,9,"2,9","2, 9"
653,3TO2.pdb,HLA-A*02:01,LACFVLAAV,9,"2,9","2, 9"
458,2GTW_A.pdb,HLA-A*02:01,LAGIGILTV,9,"1,5,9","2, 9"
908,2GTW_B.pdb,HLA-A*02:01,LAGIGILTV,9,"1,5,9","2, 9"
1096,1DUY.pdb,HLA-A*02:01,LFGYPVYV,8,"1,8","1, 8"
598,3PWP.pdb,HLA-A*02:01,LGYGFVNYI,9,"2,9","2, 9"
636,3PWL_A.pdb,HLA-A*02:01,LGYGFVNYI,9,9,"2, 9"
1047,3PWL_B.pdb,HLA-A*02:01,LGYGFVNYI,9,9,"2, 9"
195,3MRR_A.pdb,HLA-A*02:01,LLAGIGTVPI,10,"2,6,10","2, 10"
285,3MRR_B.pdb,HLA-A*02:01,LLAGIGTVPI,10,"2,6,10","2, 10"
208,3D3V_B.pdb,HLA-A*02:01,LLFGFPVYV,9,"2,9","2, 9"
848,3D3V_A.pdb,HLA-A*02:01,LLFGFPVYV,9,"2,9","2, 9"
1118,3QFJ.pdb,HLA-A*02:01,LLFGFPVYV,9,"2,9","2, 9"
313,2GIT_A.pdb,HLA-A*02:01,LLFGKPVYV,9,"2,9","2, 9"
513,2GJ6.pdb,HLA-A*02:01,LLFGKPVYV,9,"2,9","2, 9"
681,2GIT_B.pdb,HLA-A*02:01,LLFGKPVYV,9,"2,9","2, 9"
763,1QRN.pdb,HLA-A*02:01,LLFGYAVYV,9,"2,9","2, 9"
560,1QSE.pdb,HLA-A*02:01,LLFGYPRYV,9,"2,9","2, 9"
77,1QSF.pdb,HLA-A*02:01,LLFGYPVAV,9,"2,9","2, 9"
9,3IXA_B.pdb,HLA-A*02:01,LLFGYPVYV,9,"2,9","2, 9"
28,1IM3.pdb,HLA-A*02:01,LLFGYPVYV,9,"2,9","2, 9"
110,6UZ1.pdb,HLA-A*02:01,LLFGYPVYV,9,"2,9","2, 9"
129,1DUZ.pdb,HLA-A*02:01,LLFGYPVYV,9,"2,9","2, 9"
143,5IRO.pdb,HLA-A*02:01,LLFGYPVYV,9,"1,2,9","2, 9"
185,3IXA_A.pdb,HLA-A*02:01,LLFGYPVYV,9,"2,9","2, 9"
638,1BD2.pdb,HLA-A*02:01,LLFGYPVYV,9,"2,9","2, 9"
711,4E5X.pdb,HLA-A*02:01,LLFGYPVYV,9,"2,9","2, 9"
900,4FTV.pdb,HLA-A*02:01,LLFGYPVYV,9,"2,9","2, 9"
971,1HHK.pdb,HLA-A*02:01,LLFGYPVYV,9,"2,9","2, 9"
1040,1AO7.pdb,HLA-A*02:01,LLFGYPVYV,9,"2,9","2, 9"
1067,2AV7.pdb,HLA-A*02:01,LLFGYPVYV,9,"2,9","2, 9"
1146,2AV1.pdb,HLA-A*02:01,LLFGYPVYV,9,"2,9","2, 9"
153,3MRN_B.pdb,HLA-A*02:01,LLFNILGGWV,10,"2,10","2, 10"
981,3MRN_A.pdb,HLA-A*02:01,LLFNILGGWV,10,"2,10","2, 10"
80,6SS7.pdb,HLA-A*02:01,LLWAGPMAV,9,"2,9","2, 9"
645,6SS8.pdb,HLA-A*02:01,LLWNGPIAV,9,"2,9","2, 9"
486,5N6B_A.pdb,HLA-A*02:01,LLWNGPMAV,9,"2,9","2, 9"
1056,5N6B_B.pdb,HLA-A*02:01,LLWNGPMAV,9,"2,9","2, 9"
626,6SS9.pdb,HLA-A*02:01,LLWNGPMHV,9,"2,9","2, 9"
510,6SSA_A.pdb,HLA-A*02:01,LLWNGPMQV,9,"2,9","2, 9"
520,6SSA_B.pdb,HLA-A*02:01,LLWNGPMQV,9,"2,9","2, 9"
150,3PWN_A.pdb,HLA-A*02:01,LLYGFVNYI,9,"2,9","2, 9"
529,3PWN_B.pdb,HLA-A*02:01,LLYGFVNYI,9,"2,9","2, 9"
646,3PWJ_A.pdb,HLA-A*02:01,LLYGFVNYV,9,"2,9","2, 9"
960,3PWJ_B.pdb,HLA-A*02:01,LLYGFVNYV,9,"2,9","2, 9"
361,2CLR.pdb,HLA-A*02:01,MLLSVPLLLG,10,"2,9,10","2, 9"
631,3H7B_B.pdb,HLA-A*02:01,MLWGYLQYV,9,"2,9","2, 9"
795,3H9H_A.pdb,HLA-A*02:01,MLWGYLQYV,9,"2,9","2, 9"
903,3H7B_A.pdb,HLA-A*02:01,MLWGYLQYV,9,"2,9","2, 9"
945,3H9H_B.pdb,HLA-A*02:01,MLWGYLQYV,9,"2,9","2, 9"
1164,3H9S.pdb,HLA-A*02:01,MLWGYLQYV,9,"2,9","2, 9"
674,6AMU.pdb,HLA-A*02:01,MMWDRGLGMM,10,"2,9","2, 10"
787,6AMT.pdb,HLA-A*02:01,MMWDRGLGMM,10,"2,10","2, 10"
109,6G3J_B.pdb,HLA-A*02:01,MTSAIGILPV,10,"2,6,10","2, 10"
600,6G3J_A.pdb,HLA-A*02:01,MTSAIGILPV,10,"2,6,10","2, 10"
408,5N1Y_A.pdb,HLA-A*02:01,MVWGPDPLYV,10,"2,10","2, 10"
791,5C0A.pdb,HLA-A*02:01,MVWGPDPLYV,10,"2,10","2, 10"
1002,5N1Y_B.pdb,HLA-A*02:01,MVWGPDPLYV,10,"2,10","2, 10"
172,3MR9_B.pdb,HLA-A*02:01,NLVPAVATV,9,"2,9","2, 9"
204,3MR9_A.pdb,HLA-A*02:01,NLVPAVATV,9,"2,9","2, 9"
34,3MRC_B.pdb,HLA-A*02:01,NLVPMCATV,9,"2,9","2, 9"
396,3MRC_A.pdb,HLA-A*02:01,NLVPMCATV,9,"2,9","2, 9"
379,3MRD_A.pdb,HLA-A*02:01,NLVPMGATV,9,"2,9","2, 9"
393,3MRD_B.pdb,HLA-A*02:01,NLVPMGATV,9,"2,9","2, 9"
112,3GSW_A.pdb,HLA-A*02:01,NLVPMVAAV,9,"2,9","2, 9"
463,3GSW_B.pdb,HLA-A*02:01,NLVPMVAAV,9,"2,9","2, 9"
173,2X4R_B.pdb,HLA-A*02:01,NLVPMVATV,9,"2,9","2, 9"
190,6Q3K_B.pdb,HLA-A*02:01,NLVPMVATV,9,"2,9","2, 9"
226,6Q3K_A.pdb,HLA-A*02:01,NLVPMVATV,9,"2,9","2, 9"
290,3GSO_A.pdb,HLA-A*02:01,NLVPMVATV,9,"2,9","2, 9"
387,5D2L.pdb,HLA-A*02:01,NLVPMVATV,9,"2,9","2, 9"
388,3GSO_B.pdb,HLA-A*02:01,NLVPMVATV,9,"2,9","2, 9"
858,3GSN.pdb,HLA-A*02:01,NLVPMVATV,9,"2,9","2, 9"
1145,2X4R_A.pdb,HLA-A*02:01,NLVPMVATV,9,"2,9","2, 9"
1165,5D2N.pdb,HLA-A*02:01,NLVPMVATV,9,"2,9","2, 9"
10,3MRB_B.pdb,HLA-A*02:01,NLVPMVHTV,9,"2,9","2, 9"
422,3MRB_A.pdb,HLA-A*02:01,NLVPMVHTV,9,"2,9","2, 9"
53,3GSV_B.pdb,HLA-A*02:01,NLVPQVATV,9,"2,9","2, 9"
669,3GSV_A.pdb,HLA-A*02:01,NLVPQVATV,9,"2,9","2, 9"
470,3GSQ_A.pdb,HLA-A*02:01,NLVPSVATV,9,"2,9","2, 9"
583,3GSQ_B.pdb,HLA-A*02:01,NLVPSVATV,9,"2,9","2, 9"
613,3GSU_B.pdb,HLA-A*02:01,NLVPTVATV,9,"2,9","2, 9"
756,3GSU_A.pdb,HLA-A*02:01,NLVPTVATV,9,"2,9","2, 9"
52,3GSR_B.pdb,HLA-A*02:01,NLVPVVATV,9,"2,9","2, 9"
1001,3GSR_A.pdb,HLA-A*02:01,NLVPVVATV,9,"2,9","2, 9"
1041,3MRK_B.pdb,HLA-A*02:01,PLFQVPEPV,9,"1,2,9","2, 9"
1102,3MRK_A.pdb,HLA-A*02:01,PLFQVPEPV,9,"1,2,9","2, 9"
24,6EWC.pdb,HLA-A*02:01,RLSSPLHFV,9,"2,9","2, 9"
475,3MGO.pdb,HLA-A*02:01,RLYQNPTTYI,10,"2,10","2, 10"
29,3HPJ_A.pdb,HLA-A*02:01,RMFPNAPYL,9,"2,6,9","2, 9"
524,6RSY.pdb,HLA-A*02:01,RMFPNAPYL,9,"2,9","2, 9"
667,4WUU.pdb,HLA-A*02:01,RMFPNAPYL,9,"2,6,9","2, 9"
1149,3HPJ_B.pdb,HLA-A*02:01,RMFPNAPYL,9,"2,6,9","2, 9"
392,3BH8_A.pdb,HLA-A*02:01,RQASIELPSM,10,"2,10","2, 10"
418,3BH8_B.pdb,HLA-A*02:01,RQASIELPSM,10,"2,10","2, 10"
414,4NO2.pdb,HLA-A*02:01,RQASIELPSMAV,12,"2,12","2, 12"
1144,4NO0.pdb,HLA-A*02:01,RQASIELPSMAV,12,"2,12","2, 12"
114,3BGM_A.pdb,HLA-A*02:01,RQASLSISV,9,"2,9","2, 9"
276,4NNX_B.pdb,HLA-A*02:01,RQASLSISV,9,"2,9","2, 9"
401,4NNX_A.pdb,HLA-A*02:01,RQASLSISV,9,"2,9","2, 9"
430,3BGM_B.pdb,HLA-A*02:01,RQASLSISV,9,"2,9","2, 9"
1109,4NNY.pdb,HLA-A*02:01,RQASLSISV,9,"2,9","2, 9"
62,5C0I_B.pdb,HLA-A*02:01,RQFGPDFPTI,10,"2,10","2, 10"
252,5C0B_B.pdb,HLA-A*02:01,RQFGPDFPTI,10,"2,10","2, 10"
635,5C0B_A.pdb,HLA-A*02:01,RQFGPDFPTI,10,"2,10","2, 10"
721,5C0I_A.pdb,HLA-A*02:01,RQFGPDFPTI,10,"2,10","2, 10"
619,5C0J_B.pdb,HLA-A*02:01,RQFGPDWIVA,10,"2,10","2, 10"
682,5C0J_A.pdb,HLA-A*02:01,RQFGPDWIVA,10,"2,10","2, 10"
1130,5C0C.pdb,HLA-A*02:01,RQFGPDWIVA,10,"2,10","2, 10"
271,4NO5_A.pdb,HLA-A*02:01,RQISQDVKL,9,"2,9","2, 9"
348,4NO3_B.pdb,HLA-A*02:01,RQISQDVKL,9,"2,9","2, 9"
400,4NO3_A.pdb,HLA-A*02:01,RQISQDVKL,9,"2,9","2, 9"
466,4NO5_B.pdb,HLA-A*02:01,RQISQDVKL,9,"2,9","2, 9"
389,5C0F_A.pdb,HLA-A*02:01,RQWGPDPAAV,10,"2,10","2, 10"
438,5C08.pdb,HLA-A*02:01,RQWGPDPAAV,10,"2,10","2, 10"
716,5C0F_B.pdb,HLA-A*02:01,RQWGPDPAAV,10,"2,10","2, 10"
465,6EWO.pdb,HLA-A*02:01,RTFSPTYGL,9,"2,9","2, 9"
581,3BH9_A.pdb,HLA-A*02:01,RTYSGPMNKV,10,"2,10","2, 10"
1073,3BH9_B.pdb,HLA-A*02:01,RTYSGPMNKV,10,"2,10","2, 10"
237,3FQW_B.pdb,HLA-A*02:01,RVASPTSGV,9,"2,9","2, 9"
665,3FQW_A.pdb,HLA-A*02:01,RVASPTSGV,9,"2,9","2, 9"
790,3FQX_A.pdb,HLA-A*02:01,RVASPTSGV,9,"2,9","2, 9"
955,3FQX_B.pdb,HLA-A*02:01,RVASPTSGV,9,"2,9","2, 9"
975,1S8D.pdb,HLA-A*02:01,SLANTVATL,9,"2,9","2, 9"
125,5NMK_A.pdb,HLA-A*02:01,SLFNTIAVL,9,"2,9","2, 9"
137,1T1W.pdb,HLA-A*02:01,SLFNTIAVL,9,"2,9","2, 9"
140,2C7U.pdb,HLA-A*02:01,SLFNTIAVL,9,"2,9","2, 9"
639,5NMK_B.pdb,HLA-A*02:01,SLFNTIAVL,9,"2,9","2, 9"
968,5NMG.pdb,HLA-A*02:01,SLFNTIAVL,9,"1,2,9","2, 9"
1094,2V2X.pdb,HLA-A*02:01,SLFNTVATL,9,"2,9","2, 9"
88,3GIV.pdb,HLA-A*02:01,SLFNTVATLY,10,"2,9","2, 9"
1017,1S9X.pdb,HLA-A*02:01,SLLMWITQA,9,"1,2,9","2, 9"
49,2F54.pdb,HLA-A*02:01,SLLMWITQC,9,"1,2,9","2, 9"
253,2PYE.pdb,HLA-A*02:01,SLLMWITQC,9,"1,2,9","2, 9"
337,2F53_A.pdb,HLA-A*02:01,SLLMWITQC,9,"1,2,9","2, 9"
412,2F53_B.pdb,HLA-A*02:01,SLLMWITQC,9,"1,2,9","2, 9"
742,2P5E_B.pdb,HLA-A*02:01,SLLMWITQC,9,"1,2,9","2, 9"
839,1S9W.pdb,HLA-A*02:01,SLLMWITQC,9,"1,2,9","2, 9"
904,2P5E_A.pdb,HLA-A*02:01,SLLMWITQC,9,"1,2,9","2, 9"
944,2P5W_A.pdb,HLA-A*02:01,SLLMWITQC,9,"2,9","2, 9"
1060,2BNR.pdb,HLA-A*02:01,SLLMWITQC,9,"1,2,9","2, 9"
1127,2P5W_B.pdb,HLA-A*02:01,SLLMWITQC,9,"2,9","2, 9"
1069,3KLA.pdb,HLA-A*02:01,SLLMWITQL,9,"1,2,9","2, 9"
559,1S9Y.pdb,HLA-A*02:01,SLLMWITQS,9,"1,2,9","2, 9"
122,6RPA.pdb,HLA-A*02:01,SLLMWITQV,9,"1,2,9","2, 9"
215,3GJG.pdb,HLA-A*02:01,SLLMWITQV,9,"2,9","2, 9"
241,6RP9.pdb,HLA-A*02:01,SLLMWITQV,9,"1,2,9","2, 9"
274,3GJF.pdb,HLA-A*02:01,SLLMWITQV,9,"1,2,9","2, 9"
291,2BNQ.pdb,HLA-A*02:01,SLLMWITQV,9,"1,2,9","2, 9"
556,6RPB.pdb,HLA-A*02:01,SLLMWITQV,9,"1,2,9","2, 9"
697,3HAE.pdb,HLA-A*02:01,SLLMWITQV,9,"2,9","2, 9"
857,6Q3S.pdb,HLA-A*02:01,SLLMWITQV,9,"1,2,9","2, 9"
745,6R2L_A.pdb,HLA-A*02:01,SLSKILDTV,9,"2,9","2, 9"
1105,6R2L_B.pdb,HLA-A*02:01,SLSKILDTV,9,"2,9","2, 9"
568,1T1X.pdb,HLA-A*02:01,SLYLTVATL,9,"2,9","2, 9"
717,5NMF.pdb,HLA-A*02:01,SLYNTIATL,9,"1,2,9","2, 9"
746,5NMH_B.pdb,HLA-A*02:01,SLYNTIATL,9,"2,9","2, 9"
782,1T20.pdb,HLA-A*02:01,SLYNTIATL,9,"2,9","2, 9"
976,5NMH_A.pdb,HLA-A*02:01,SLYNTIATL,9,"2,9","2, 9"
116,5NME_B.pdb,HLA-A*02:01,SLYNTVATL,9,"1,2,9","2, 9"
168,2V2W.pdb,HLA-A*02:01,SLYNTVATL,9,"2,9","2, 9"
516,5NME_A.pdb,HLA-A*02:01,SLYNTVATL,9,"1,2,9","2, 9"
730,1T22.pdb,HLA-A*02:01,SLYNTVATL,9,"2,9","2, 9"
1120,1T21.pdb,HLA-A*02:01,SLYNTVATL,9,"2,9","2, 9"
16,1T1Y.pdb,HLA-A*02:01,SLYNVVATL,9,"2,9","2, 9"
177,3I6K.pdb,HLA-A*02:01,TLACFVLAAV,10,"2,10","2, 10"
312,1HHG.pdb,HLA-A*02:01,TLTSCNTSV,9,"2,9","2, 9"
917,4K7F_B.pdb,HLA-A*02:01,VCWGELMNL,9,"2,9","2, 9"
1160,4K7F_A.pdb,HLA-A*02:01,VCWGELMNL,9,"2,9","2, 9"
66,3FT3_B.pdb,HLA-A*02:01,VLHDDLLEA,9,"2,9","2, 9"
802,3D25_A.pdb,HLA-A*02:01,VLHDDLLEA,9,"2,9","2, 9"
923,3FT3_A.pdb,HLA-A*02:01,VLHDDLLEA,9,"2,9","2, 9"
1020,3D25_B.pdb,HLA-A*02:01,VLHDDLLEA,9,"2,9","2, 9"
330,3FT4_B.pdb,HLA-A*02:01,VLRDDLLEA,9,"2,9","2, 9"
386,3FT4_A.pdb,HLA-A*02:01,VLRDDLLEA,9,"2,9","2, 9"
419,5EU4_A.pdb,HLA-A*02:01,YLAPGPVTA,9,"2,9","2, 9"
1011,5EU4_B.pdb,HLA-A*02:01,YLAPGPVTA,9,"2,9","2, 9"
445,3FQR_B.pdb,HLA-A*02:01,YLDSGIHSGA,10,"2,10","2, 10"
752,3FQR_A.pdb,HLA-A*02:01,YLDSGIHSGA,10,"2,10","2, 10"
179,5EU5_B.pdb,HLA-A*02:01,YLEPAPVTA,9,"2,9","2, 9"
772,5EU5_A.pdb,HLA-A*02:01,YLEPAPVTA,9,"2,9","2, 9"
138,5EU3_B.pdb,HLA-A*02:01,YLEPGPVTA,9,"2,9","2, 9"
702,5EU3_A.pdb,HLA-A*02:01,YLEPGPVTA,9,"2,9","2, 9"
869,5EU6_A.pdb,HLA-A*02:01,YLEPGPVTV,9,"2,9","2, 9"
986,5EU6_B.pdb,HLA-A*02:01,YLEPGPVTV,9,"2,9","2, 9"
390,5C0H_A.pdb,HLA-A*02:01,YLGGPDFPTI,10,"2,10","2, 10"
462,5C0H_B.pdb,HLA-A*02:01,YLGGPDFPTI,10,"2,10","2, 10"
468,5C0G_A.pdb,HLA-A*02:01,YLGGPDFPTI,10,"2,10","2, 10"
561,5C09.pdb,HLA-A*02:01,YLGGPDFPTI,10,"2,10","2, 10"
743,5C0G_B.pdb,HLA-A*02:01,YLGGPDFPTI,10,"2,10","2, 10"
1132,1I1Y.pdb,HLA-A*02:01,YLKEPVHGV,9,"2,9","2, 9"
592,4L3C.pdb,HLA-A*02:01,YLLMWITQV,9,"2,9","2, 9"
621,4L29.pdb,HLA-A*02:01,YLLMWITQV,9,"2,9","2, 9"
992,5F9J.pdb,HLA-A*02:01,YLSPIASPL,9,"2,9","2, 9"
1112,5FDW_A.pdb,HLA-A*02:01,YLSPIASPLL,10,"2,10","2, 10"
1151,5FDW_B.pdb,HLA-A*02:01,YLSPIASPLL,10,"2,10","2, 10"
563,5FA4.pdb,HLA-A*02:01,YLSPIASPLLD,11,"2,9","2, 10"
647,6O51_B.pdb,HLA-A*02:01,YLVVVGAVGV,10,"2,10","2, 10"
736,6O51_A.pdb,HLA-A*02:01,YLVVVGAVGV,10,"2,10","2, 10"
146,3MYJ_B.pdb,HLA-A*02:01,YMFPNAPYL,9,"2,6,9","2, 9"
1036,3MYJ_A.pdb,HLA-A*02:01,YMFPNAPYL,9,"2,6,9","2, 9"
35,5C07.pdb,HLA-A*02:01,YQFGPDFPIA,10,"2,10","2, 10"
83,5C0E_A.pdb,HLA-A*02:01,YQFGPDFPIA,10,"2,10","2, 10"
689,5C0E_B.pdb,HLA-A*02:01,YQFGPDFPIA,10,"2,10","2, 10"
624,6NCA.pdb,HLA-A*02:01,YVLDHLIVV,9,"2,9","2, 9"
82,3OX8_A.pdb,HLA-A*02:03,FLPSDFFPSV,10,"2,10","2, 10"
605,3OX8_B.pdb,HLA-A*02:03,FLPSDFFPSV,10,"2,10","2, 10"
824,3OXR.pdb,HLA-A*02:06,FLPSDFFPSV,10,"2,10","2, 10"
542,6UK4.pdb,HLA-A*02:06,KQWLVWLFL,9,"2,9","2, 9"
708,6P64.pdb,HLA-A*02:06,KQWLVWLFL,9,"2,9","2, 9"
880,6UJO.pdb,HLA-A*02:06,KQWLVWLFL,9,"2,9","2, 9"
194,6UJQ.pdb,HLA-A*02:06,KQWLVWLLL,9,"2,9","2, 9"
420,6UK2.pdb,HLA-A*02:06,KQWLVWLLL,9,"2,9","2, 9"
451,3OXS.pdb,HLA-A*02:07,FLPSDFFPSV,10,"2,10","2, 10"
435,3RL1.pdb,HLA-A*03:01,AIFQSSMTK,9,"2,9","2, 9"
603,2XPG.pdb,HLA-A*03:01,KLIETYFSK,9,"2,9","2, 9"
558,3RL2_B.pdb,HLA-A*03:01,QVPLRPMTYK,10,"2,7,10","2, 10"
709,3RL2_A.pdb,HLA-A*03:01,QVPLRPMTYK,10,"2,7,10","2, 10"
42,6O9C_B.pdb,HLA-A*03:01,TTAPFLSGK,9,"2,9","2, 9"
246,6O9C_A.pdb,HLA-A*03:01,TTAPFLSGK,9,"2,9","2, 9"
102,6O9B_B.pdb,HLA-A*03:01,TTAPSLSGK,9,"2,9","2, 9"
1158,6O9B_A.pdb,HLA-A*03:01,TTAPSLSGK,9,"2,9","2, 9"
230,1Q94.pdb,HLA-A*11:01,AIFQSSMTK,9,"1,2,9","2, 9"
720,6ID4_B.pdb,HLA-A*11:01,AIFQSSMTK,9,"1,2,9","2, 9"
962,6ID4_A.pdb,HLA-A*11:01,AIFQSSMTK,9,"1,2,9","2, 9"
340,2HN7_A.pdb,HLA-A*11:01,AIMPARFYPK,10,"2,10","2, 10"
508,2HN7_B.pdb,HLA-A*11:01,AIMPARFYPK,10,"2,10","2, 10"
95,6JOZ_B.pdb,HLA-A*11:01,ATIGTAMYK,9,"1,2,9","2, 9"
796,6JOZ_A.pdb,HLA-A*11:01,ATIGTAMYK,9,"1,2,9","2, 9"
60,5WJN_B.pdb,HLA-A*11:01,GTSGSPIINR,10,"1,2,10","2, 10"
64,5WKH.pdb,HLA-A*11:01,GTSGSPIINR,10,"1,2,10","2, 10"
929,5WJN_A.pdb,HLA-A*11:01,GTSGSPIINR,10,"1,2,10","2, 10"
94,5WKF.pdb,HLA-A*11:01,GTSGSPIVNR,10,"1,2,10","2, 10"
181,5WJL.pdb,HLA-A*11:01,GTSGSPIVNR,10,"1,2,10","2, 10"
377,1X7Q_B.pdb,HLA-A*11:01,KTFPPTEPK,9,"2,9","2, 9"
883,1X7Q_A.pdb,HLA-A*11:01,KTFPPTEPK,9,"2,9","2, 9"
989,4N8V.pdb,HLA-A*11:01,MLIYSMWGK,9,"2,9","2, 9"
1064,1QVO.pdb,HLA-A*11:01,QVPLRPMTYK,10,"2,10","2, 10"
55,5GRD_A.pdb,HLA-A*11:01,SSCSSCPLSK,10,"1,2,10","2, 10"
672,5GRD_B.pdb,HLA-A*11:01,SSCSSCPLSK,10,"1,2,10","2, 10"
1048,4MJ5.pdb,HLA-A*11:01,TIAMELIRMIK,11,"1,2,11","2, 11"
988,4MJ6.pdb,HLA-A*11:01,TMVMELIRMIK,11,"1,11","2, 11"
21,5F1I.pdb,HLA-A*11:183,KLFSGELTK,9,"2,9","2, 9"
363,4F7M.pdb,HLA-A*24:02,LYASPQLEGF,10,"2,10","2, 10"
594,5WWU.pdb,HLA-A*24:02,LYKKLKREITF,11,"2,11","2, 11"
87,5WWI.pdb,HLA-A*24:02,LYKKLKREMTF,11,11,"2, 11"
1150,5WXD.pdb,HLA-A*24:02,LYKKLKREMTF,11,"2,11","2, 11"
437,3WL9.pdb,HLA-A*24:02,NYTPGPGIRF,10,"2,10","2, 10"
762,3WLB.pdb,HLA-A*24:02,NYTPGPGTRF,10,"2,10","2, 10"
570,3I6L.pdb,HLA-A*24:02,QFKDNVILL,9,9,"2, 9"
41,5HGA.pdb,HLA-A*24:02,RFPLTFGW,8,8,"2, 8"
999,4WU7.pdb,HLA-A*24:02,RFPLTFGW,8,8,"2, 8"
441,5HGD.pdb,HLA-A*24:02,RFPLTFGWCF,10,10,"2, 10"
580,3VXU.pdb,HLA-A*24:02,RFPLTFGWCF,10,10,"2, 10"
582,3VXM.pdb,HLA-A*24:02,RFPLTFGWCF,10,10,"2, 10"
1025,3W0W.pdb,HLA-A*24:02,RFPLTFGWCF,10,10,"2, 10"
1155,3VXO.pdb,HLA-A*24:02,RFPLTFGWCF,10,10,"2, 10"
813,4F7T_A.pdb,HLA-A*24:02,RYGFVANF,8,"2,5,8","2, 8"
1108,4F7T_B.pdb,HLA-A*24:02,RYGFVANF,8,"2,5,8","2, 8"
373,4WU5.pdb,HLA-A*24:02,RYPLTFGW,8,8,"2, 8"
496,7K81_A.pdb,HLA-A*24:02,RYPLTFGW,8,8,"2, 8"
1081,7K80.pdb,HLA-A*24:02,RYPLTFGW,8,"2,8","2, 8"
1134,7K81_B.pdb,HLA-A*24:02,RYPLTFGW,8,8,"2, 8"
17,5HGH.pdb,HLA-A*24:02,RYPLTFGWCF,10,10,"2, 10"
329,3NFN.pdb,HLA-A*24:02,RYPLTFGWCF,10,10,"2, 10"
515,5XOV.pdb,HLA-A*24:02,RYPLTFGWCF,10,10,"2, 10"
521,3VXN.pdb,HLA-A*24:02,RYPLTFGWCF,10,10,"2, 10"
1088,3NFJ.pdb,HLA-A*24:02,RYPLTFGWCF,10,10,"2, 10"
1161,3VXR.pdb,HLA-A*24:02,RYPLTFGWCF,10,"2,10","2, 10"
1162,3QZW.pdb,HLA-A*24:02,RYPLTFGWCF,10,10,"2, 10"
403,3VXP.pdb,HLA-A*24:02,RYPLTLGWCF,10,10,"2, 10"
476,3VXS.pdb,HLA-A*24:02,RYPLTLGWCF,10,"2,10","2, 10"
1053,2BCK.pdb,HLA-A*24:02,VYGFVRACL,9,"2,9","2, 9"
841,6J1W.pdb,HLA-A*30:01,AIFQSSMTK,9,"1,2,9","2, 9"
148,6J1V.pdb,HLA-A*30:03,AIFQSSMTK,9,"2,9","2, 9"
472,6J2A_A.pdb,HLA-A*30:03,CTELKLSDY,9,"2,9","2, 9"
809,6J2A_B.pdb,HLA-A*30:03,CTELKLSDY,9,"2,9","2, 9"
278,6J29_B.pdb,HLA-A*30:03,QIMYNYPAM,9,"2,9","2, 9"
564,6J29_A.pdb,HLA-A*30:03,QIMYNYPAM,9,"2,9","2, 9"
983,4HWZ.pdb,HLA-A*68:01,AIFQSSMTK,9,"2,9","2, 9"
491,4HX1_B.pdb,HLA-A*68:02,SVYDFFVWL,9,"1,2,9","2, 9"
770,4HX1_A.pdb,HLA-A*68:02,SVYDFFVWL,9,"1,2,9","2, 9"
554,4I48.pdb,HLA-A*68:02,TLTSCNTSV,9,9,"2, 9"
211,6AVF.pdb,HLA-B*07:02,APRGPHGGAASGL,13,"1,2,13","2, 13"
265,6AT5_B.pdb,HLA-B*07:02,APRGPHGGAASGL,13,"2,13","2, 13"
658,6AVG.pdb,HLA-B*07:02,APRGPHGGAASGL,13,"1,2,13","2, 13"
1115,6AT5_A.pdb,HLA-B*07:02,APRGPHGGAASGL,13,"2,13","2, 13"
157,3VCL_A.pdb,HLA-B*07:02,RPHERNGFTVL,11,"2,11","2, 11"
912,3VCL_B.pdb,HLA-B*07:02,RPHERNGFTVL,11,"2,11","2, 11"
203,5EO0_B.pdb,HLA-B*07:02,RPMTFKGAL,9,"2,9","2, 9"
218,5EO0_A.pdb,HLA-B*07:02,RPMTFKGAL,9,"2,9","2, 9"
93,5EO1_A.pdb,HLA-B*07:02,RPMTYKGAL,9,"2,9","2, 9"
467,5EO1_B.pdb,HLA-B*07:02,RPMTYKGAL,9,"2,9","2, 9"
236,6VMX_A.pdb,HLA-B*07:02,RPPIFIRRL,9,2,"2, 9"
275,5WMO_B.pdb,HLA-B*07:02,RPPIFIRRL,9,"2,9","2, 9"
528,5WMO_A.pdb,HLA-B*07:02,RPPIFIRRL,9,"2,9","2, 9"
890,6VMX_B.pdb,HLA-B*07:02,RPPIFIRRL,9,2,"2, 9"
182,4U1K_A.pdb,HLA-B*07:02,RPQVPLRPM,9,"2,9","2, 9"
771,4U1K_B.pdb,HLA-B*07:02,RPQVPLRPM,9,"2,9","2, 9"
382,5WMN_B.pdb,HLA-B*07:02,SPIVPSFDM,9,"1,2,9","2, 9"
474,5WMN_A.pdb,HLA-B*07:02,SPIVPSFDM,9,"1,2,9","2, 9"
5,4U1H_B.pdb,HLA-B*07:02,TPQDLNTML,9,"2,9","2, 9"
954,4U1H_A.pdb,HLA-B*07:02,TPQDLNTML,9,"2,9","2, 9"
31,5WMP_A.pdb,HLA-B*07:02,TPRVTGGGAM,10,"2,9,10","2, 10"
126,5WMP_B.pdb,HLA-B*07:02,TPRVTGGGAM,10,"2,9,10","2, 10"
519,6P2F.pdb,HLA-B*08:01,AAAKKGYCL,9,"2,3,9","2, 9"
261,6P23.pdb,HLA-B*08:01,AAAKKKYCL,9,"2,3,9","2, 9"
785,6P27.pdb,HLA-B*08:01,AAAKKKYCL,9,"2,3,9","2, 9"
957,6P2S.pdb,HLA-B*08:01,AAAKKKYCL,9,"2,3,9","2, 9"
1013,6P2C.pdb,HLA-B*08:01,AAAKKKYCL,9,"2,3,9","2, 9"
119,4QRS_A.pdb,HLA-B*08:01,ELKRKMIYM,9,"2,9","2, 9"
464,4QRS_B.pdb,HLA-B*08:01,ELKRKMIYM,9,"2,9","2, 9"
405,4QRT_B.pdb,HLA-B*08:01,ELNRKMIYM,9,"2,9","2, 9"
906,4QRT_A.pdb,HLA-B*08:01,ELNRKMIYM,9,"2,9","2, 9"
959,4QRU_A.pdb,HLA-B*08:01,ELRRKMMYM,9,"2,9","2, 9"
1135,4QRU_B.pdb,HLA-B*08:01,ELRRKMMYM,9,"2,9","2, 9"
873,5WMQ_A.pdb,HLA-B*08:01,ELRSRYWAI,9,"2,8,9","2, 9"
893,5WMQ_B.pdb,HLA-B*08:01,ELRSRYWAI,9,"2,8,9","2, 9"
57,3FFC_B.pdb,HLA-B*08:01,FLRGRAYGL,9,"2,8,9","2, 9"
247,3X13_A.pdb,HLA-B*08:01,FLRGRAYGL,9,"2,9","2, 9"
383,1MI5.pdb,HLA-B*08:01,FLRGRAYGL,9,"2,8,9","2, 9"
507,3X13_B.pdb,HLA-B*08:01,FLRGRAYGL,9,"2,9","2, 9"
527,3SKO_B.pdb,HLA-B*08:01,FLRGRAYGL,9,"2,9","2, 9"
731,3SKO_A.pdb,HLA-B*08:01,FLRGRAYGL,9,"2,9","2, 9"
739,3SJV.pdb,HLA-B*08:01,FLRGRAYGL,9,"2,9","2, 9"
816,3FFC_A.pdb,HLA-B*08:01,FLRGRAYGL,9,"2,8,9","2, 9"
949,3X14.pdb,HLA-B*08:01,FLRGRAYGL,9,"2,9","2, 9"
974,1M05.pdb,HLA-B*08:01,FLRGRAYGL,9,"2,8,9","2, 9"
838,3SKM_A.pdb,HLA-B*08:01,FLRGRAYVL,9,"2,9","2, 9"
1128,3SKM_B.pdb,HLA-B*08:01,FLRGRAYVL,9,"2,9","2, 9"
842,1AGD.pdb,HLA-B*08:01,GGKKKYKL,8,"1,2,8","2, 8"
317,1AGC.pdb,HLA-B*08:01,GGKKKYQL,8,"1,2,8","2, 8"
248,1AGE.pdb,HLA-B*08:01,GGKKKYRL,8,"1,2,8","2, 8"
885,1AGF.pdb,HLA-B*08:01,GGKKRYKL,8,"1,2,8","2, 8"
482,1AGB.pdb,HLA-B*08:01,GGRKKYKL,8,"1,2,8","2, 8"
142,4QRP.pdb,HLA-B*08:01,HSKKKCDEL,9,"2,9","2, 9"
283,4QRQ_B.pdb,HLA-B*08:01,HSKKKCDEL,9,"2,9","2, 9"
1034,4QRQ_A.pdb,HLA-B*08:01,HSKKKCDEL,9,"2,9","2, 9"
359,5WMR_A.pdb,HLA-B*08:01,QIKVRVDMV,9,"2,9","2, 9"
827,5WMR_B.pdb,HLA-B*08:01,QIKVRVDMV,9,"2,9","2, 9"
333,3SPV_B.pdb,HLA-B*08:01,RAKFKQLL,8,"2,8","2, 8"
970,3SPV_A.pdb,HLA-B*08:01,RAKFKQLL,8,"2,8","2, 8"
8,3BXN_B.pdb,HLA-B*14:02,IRAAPPPLF,9,"2,9","2, 9"
898,3BXN_A.pdb,HLA-B*14:02,IRAAPPPLF,9,"2,9","2, 9"
1178,3BVN.pdb,HLA-B*14:02,RRRWRRLTV,9,"2,9","2, 9"
200,5TXS_A.pdb,HLA-B*15:01,AQDIYRASY,9,"1,2,9","2, 9"
834,5TXS_B.pdb,HLA-B*15:01,AQDIYRASY,9,"2,9","2, 9"
103,5VZ5.pdb,HLA-B*15:01,AQDIYRASYY,10,"1,2,10","2, 10"
36,1XR9_B.pdb,HLA-B*15:01,ILGPPGSVY,9,"1,2,3,9","2, 9"
1012,1XR9_A.pdb,HLA-B*15:01,ILGPPGSVY,9,"1,2,3,9","2, 9"
243,3C9N_B.pdb,HLA-B*15:01,VQQESSFVM,9,"1,2,9","2, 9"
295,3C9N_A.pdb,HLA-B*15:01,VQQESSFVM,9,"1,2,9","2, 9"
273,4XXC_B.pdb,HLA-B*18:01,DELEIKAY,8,"2,8","2, 8"
284,4XXC_A.pdb,HLA-B*18:01,DELEIKAY,8,"2,8","2, 8"
656,6MT3_B.pdb,HLA-B*18:01,FEDLRVLSF,9,"2,8","2, 9"
715,6MT3_A.pdb,HLA-B*18:01,FEDLRVLSF,9,"2,8","2, 9"
596,4JQV_B.pdb,HLA-B*18:01,SELEIKRY,8,"2,8","2, 8"
925,4JQV_A.pdb,HLA-B*18:01,SELEIKRY,8,"2,8","2, 8"
456,6PYL_B.pdb,HLA-B*27:03,KRWIILGLNK,10,"2,10","2, 10"
800,6PYL_A.pdb,HLA-B*27:03,KRWIILGLNK,10,"2,10","2, 10"
12,6PZ5_A.pdb,HLA-B*27:03,LRNQSVFNF,9,"1,2,9","2, 9"
196,6PYV_A.pdb,HLA-B*27:03,LRNQSVFNF,9,"1,2,9","2, 9"
518,6PZ5_B.pdb,HLA-B*27:03,LRNQSVFNF,9,"1,2,9","2, 9"
793,6PYV_B.pdb,HLA-B*27:03,LRNQSVFNF,9,"1,2,9","2, 9"
1000,1HSA.pdb,HLA-B*27:05,ARAAAAAAA,9,"1,2","2, 9"
331,1JGE_A.pdb,HLA-B*27:05,GRFAAAIAK,9,"1,2,9","2, 9"
1050,1JGE_B.pdb,HLA-B*27:05,GRFAAAIAK,9,"1,2,9","2, 9"
79,6Y26_B.pdb,HLA-B*27:05,GRLNAPIKV,9,"1,2,9","2, 9"
381,6Y26_A.pdb,HLA-B*27:05,GRLNAPIKV,9,"1,2,9","2, 9"
375,6Y28_A.pdb,HLA-B*27:05,GRLNEPIKV,9,"1,2,9","2, 9"
1092,6Y28_B.pdb,HLA-B*27:05,GRLNEPIKV,9,"1,2,9","2, 9"
471,6Y2A_B.pdb,HLA-B*27:05,GRLNQPIKV,9,"1,2,9","2, 9"
604,6Y2A_A.pdb,HLA-B*27:05,GRLNQPIKV,9,"1,2,9","2, 9"
567,3BP4_B.pdb,HLA-B*27:05,IRAAPPPLF,9,"2,9","2, 9"
828,3BP4_A.pdb,HLA-B*27:05,IRAAPPPLF,9,"2,9","2, 9"
615,2BSS.pdb,HLA-B*27:05,KRWIILGLNK,10,"2,10","2, 10"
679,4G8G_B.pdb,HLA-B*27:05,KRWIILGLNK,10,"2,10","2, 10"
776,4G8G_A.pdb,HLA-B*27:05,KRWIILGLNK,10,"2,10","2, 10"
831,4G9D_A.pdb,HLA-B*27:05,KRWIILGLNK,10,"2,10","2, 10"
963,4G9D_B.pdb,HLA-B*27:05,KRWIILGLNK,10,"2,10","2, 10"
402,4G8I_B.pdb,HLA-B*27:05,KRWIIMGLNK,10,"2,10","2, 10"
676,4G9F_B.pdb,HLA-B*27:05,KRWIIMGLNK,10,"2,10","2, 10"
755,4G8I_A.pdb,HLA-B*27:05,KRWIIMGLNK,10,"2,10","2, 10"
872,4G9F_A.pdb,HLA-B*27:05,KRWIIMGLNK,10,"2,10","2, 10"
431,6PYJ_A.pdb,HLA-B*27:05,LRNQSVFNF,9,"1,2,9","2, 9"
678,6PYW_A.pdb,HLA-B*27:05,LRNQSVFNF,9,"1,2,9","2, 9"
713,6PYW_B.pdb,HLA-B*27:05,LRNQSVFNF,9,"1,2,9","2, 9"
909,6PYJ_B.pdb,HLA-B*27:05,LRNQSVFNF,9,"1,2,9","2, 9"
1085,2BSR.pdb,HLA-B*27:05,RRIYDLIEL,9,"2,9","2, 9"
232,5IB3_B.pdb,HLA-B*27:05,RRKWRRWHL,9,"2,9","2, 9"
280,5IB2_B.pdb,HLA-B*27:05,RRKWRRWHL,9,"2,9","2, 9"
497,5IB1_B.pdb,HLA-B*27:05,RRKWRRWHL,9,"2,9","2, 9"
537,5IB2_A.pdb,HLA-B*27:05,RRKWRRWHL,9,"2,9","2, 9"
544,5IB4_B.pdb,HLA-B*27:05,RRKWRRWHL,9,"2,9","2, 9"
693,5IB1_A.pdb,HLA-B*27:05,RRKWRRWHL,9,"2,9","2, 9"
732,1OGT_A.pdb,HLA-B*27:05,RRKWRRWHL,9,"2,9","2, 9"
918,1OGT_B.pdb,HLA-B*27:05,RRKWRRWHL,9,"2,9","2, 9"
967,5IB4_A.pdb,HLA-B*27:05,RRKWRRWHL,9,"2,9","2, 9"
1147,5IB3_A.pdb,HLA-B*27:05,RRKWRRWHL,9,"2,9","2, 9"
75,1W0V_B.pdb,HLA-B*27:05,RRLPIFSRL,9,"2,9","2, 9"
220,1W0V_A.pdb,HLA-B*27:05,RRLPIFSRL,9,"2,9","2, 9"
33,2A83_B.pdb,HLA-B*27:05,RRRWHRWRL,9,"2,9","2, 9"
453,2A83_A.pdb,HLA-B*27:05,RRRWHRWRL,9,"2,9","2, 9"
0,1UXS_A.pdb,HLA-B*27:05,RRRWRRLTV,9,"2,9","2, 9"
332,1UXS_B.pdb,HLA-B*27:05,RRRWRRLTV,9,"2,9","2, 9"
121,3LV3_B.pdb,HLA-B*27:05,SRRWRRWNR,9,"1,2,9","2, 9"
1098,3LV3_A.pdb,HLA-B*27:05,SRRWRRWNR,9,"1,2,9","2, 9"
355,2BST.pdb,HLA-B*27:05,SRYWAIRTR,9,"2,9","2, 9"
23,5DEG_B.pdb,HLA-B*27:06,RRKWRRWHL,9,"2,9","2, 9"
786,5DEG_A.pdb,HLA-B*27:06,RRKWRRWHL,9,"2,9","2, 9"
483,1K5N_B.pdb,HLA-B*27:09,GRFAAAIAK,9,"1,2,9","2, 9"
557,1K5N_A.pdb,HLA-B*27:09,GRFAAAIAK,9,"1,2,9","2, 9"
72,6Y29_A.pdb,HLA-B*27:09,GRLNEPIKV,9,"1,2,9","2, 9"
845,6Y29_B.pdb,HLA-B*27:09,GRLNEPIKV,9,"1,2,9","2, 9"
96,6Y2B_B.pdb,HLA-B*27:09,GRLNQPIKV,9,"1,2,9","2, 9"
1044,6Y2B_A.pdb,HLA-B*27:09,GRLNQPIKV,9,"1,2,9","2, 9"
223,3BP7_B.pdb,HLA-B*27:09,IRAAPPPLF,9,"2,9","2, 9"
833,3BP7_A.pdb,HLA-B*27:09,IRAAPPPLF,9,"2,9","2, 9"
550,1OF2_A.pdb,HLA-B*27:09,RRKWRRWHL,9,"2,9","2, 9"
644,5IB5_B.pdb,HLA-B*27:09,RRKWRRWHL,9,"2,9","2, 9"
860,5IB5_A.pdb,HLA-B*27:09,RRKWRRWHL,9,"2,9","2, 9"
1014,1OF2_B.pdb,HLA-B*27:09,RRKWRRWHL,9,"2,9","2, 9"
262,1JGD_B.pdb,HLA-B*27:09,RRLLRGHNQY,10,"2,10","2, 10"
663,1JGD_A.pdb,HLA-B*27:09,RRLLRGHNQY,10,"2,10","2, 10"
207,1W0W_A.pdb,HLA-B*27:09,RRLPIFSRL,9,"2,9","2, 9"
934,1W0W_B.pdb,HLA-B*27:09,RRLPIFSRL,9,"2,9","2, 9"
801,3CZF_A.pdb,HLA-B*27:09,RRRWHRWRL,9,"2,9","2, 9"
930,3CZF_B.pdb,HLA-B*27:09,RRRWHRWRL,9,"2,9","2, 9"
741,2AXG.pdb,HLA-B*35:01,APQPAPENAY,10,"1,2,10","2, 10"
449,1ZSD.pdb,HLA-B*35:01,EPLPQGQLTAY,11,11,"2, 11"
703,2NX5.pdb,HLA-B*35:01,EPLPQGQLTAY,11,11,"2, 11"
22,4PRN_B.pdb,HLA-B*35:01,HPVAEADYFEY,11,"2,11","2, 11"
428,4PRN_A.pdb,HLA-B*35:01,HPVAEADYFEY,11,"2,11","2, 11"
798,4PR5_A.pdb,HLA-B*35:01,HPVGDADYFEY,11,"2,11","2, 11"
911,4PR5_B.pdb,HLA-B*35:01,HPVGDADYFEY,11,"2,11","2, 11"
14,3MV9.pdb,HLA-B*35:01,HPVGEADYFEY,11,11,"2, 11"
586,3MV8_A.pdb,HLA-B*35:01,HPVGEADYFEY,11,"2,11","2, 11"
905,3MV7_A.pdb,HLA-B*35:01,HPVGEADYFEY,11,"2,11","2, 11"
1010,3MV7_B.pdb,HLA-B*35:01,HPVGEADYFEY,11,"2,11","2, 11"
1083,3MV8_B.pdb,HLA-B*35:01,HPVGEADYFEY,11,"2,11","2, 11"
18,4PRP_A.pdb,HLA-B*35:01,HPVGQADYFEY,11,"2,11","2, 11"
498,4PRA_A.pdb,HLA-B*35:01,HPVGQADYFEY,11,"2,11","2, 11"
804,4PRP_B.pdb,HLA-B*35:01,HPVGQADYFEY,11,"2,11","2, 11"
1023,4PRA_B.pdb,HLA-B*35:01,HPVGQADYFEY,11,"2,11","2, 11"
104,5XOS_A.pdb,HLA-B*35:01,IPLTEEAEL,9,"2,9","2, 9"
165,5XOS_B.pdb,HLA-B*35:01,IPLTEEAEL,9,"2,9","2, 9"
942,5XOT.pdb,HLA-B*35:01,IPLTEEAEL,9,9,"2, 9"
1058,4QRR.pdb,HLA-B*35:01,IPSINVHHY,9,"2,9","2, 9"
180,2CIK.pdb,HLA-B*35:01,KPIVVLHGY,9,"2,9","2, 9"
1046,2H6P.pdb,HLA-B*35:01,KPIVVLHGY,9,"2,9","2, 9"
37,1XH3.pdb,HLA-B*35:01,LPAVVGLSPGEQEY,14,14,"2, 14"
235,3VFO_B.pdb,HLA-B*35:01,LPEPLPQGQLTAY,13,"1,2,13","2, 13"
480,1ZHK.pdb,HLA-B*35:01,LPEPLPQGQLTAY,13,"1,2,13","2, 13"
481,3VFO_A.pdb,HLA-B*35:01,LPEPLPQGQLTAY,13,"1,2,13","2, 13"
47,3LKP_B.pdb,HLA-B*35:01,LPFDKSTIM,9,9,"2, 9"
306,3LKP_A.pdb,HLA-B*35:01,LPFDKSTIM,9,9,"2, 9"
258,3LKQ_B.pdb,HLA-B*35:01,LPFDKTTIM,9,9,"2, 9"
264,3LKQ_A.pdb,HLA-B*35:01,LPFDKTTIM,9,9,"2, 9"
530,3LKO_A.pdb,HLA-B*35:01,LPFDRTTIM,9,9,"2, 9"
640,3LKO_B.pdb,HLA-B*35:01,LPFDRTTIM,9,9,"2, 9"
91,3LKS_A.pdb,HLA-B*35:01,LPFEKSTVM,9,"1,9","2, 9"
662,3LKS_B.pdb,HLA-B*35:01,LPFEKSTVM,9,"1,9","2, 9"
506,3LKN_B.pdb,HLA-B*35:01,LPFERATIM,9,"1,9","2, 9"
936,3LKN_A.pdb,HLA-B*35:01,LPFERATIM,9,"1,9","2, 9"
593,3LKR_A.pdb,HLA-B*35:01,LPFERATVM,9,9,"2, 9"
1173,3LKR_B.pdb,HLA-B*35:01,LPFERATVM,9,9,"2, 9"
318,1A9E.pdb,HLA-B*35:01,LPPLDITPY,9,"1,9","2, 9"
523,1CG9_A.pdb,HLA-B*35:01,LPPLDITPY,9,"1,9","2, 9"
553,1CG9_B.pdb,HLA-B*35:01,LPPLDITPY,9,"1,9","2, 9"
965,1A9B.pdb,HLA-B*35:01,LPPLDITPY,9,"2,9","2, 9"
822,4LNR.pdb,HLA-B*35:01,RPQVPLRPMTY,11,"2,11","2, 11"
850,1A1N.pdb,HLA-B*35:01,VPLRPMTY,8,"2,8","2, 8"
139,2AXF_A.pdb,HLA-B*35:08,APQPAPENAY,10,"1,2,10","2, 10"
1138,2AXF_B.pdb,HLA-B*35:08,APQPAPENAY,10,"1,2,10","2, 10"
881,3BW9_A.pdb,HLA-B*35:08,CPSQEPMSIYVY,12,"1,2,12","2, 12"
1097,3BW9_B.pdb,HLA-B*35:08,CPSQEPMSIYVY,12,"1,2,12","2, 12"
495,2NW3_A.pdb,HLA-B*35:08,EPLPQGQLTAY,11,11,"2, 11"
948,2NW3_B.pdb,HLA-B*35:08,EPLPQGQLTAY,11,11,"2, 11"
627,3BWA_B.pdb,HLA-B*35:08,FPTKDVAL,8,8,"2, 8"
398,4PRB_B.pdb,HLA-B*35:08,HPVAEADYFEY,11,"2,11","2, 11"
545,4PRB_A.pdb,HLA-B*35:08,HPVAEADYFEY,11,"2,11","2, 11"
97,4PRH.pdb,HLA-B*35:08,HPVGDADYFEY,11,11,"2, 11"
913,4PRD_B.pdb,HLA-B*35:08,HPVGDADYFEY,11,"2,11","2, 11"
1090,4PRD_A.pdb,HLA-B*35:08,HPVGDADYFEY,11,"2,11","2, 11"
132,2FZ3.pdb,HLA-B*35:08,HPVGEADYFEY,11,"2,11","2, 11"
242,4PRI_B.pdb,HLA-B*35:08,HPVGEADYFEY,11,11,"2, 11"
811,4PRI_A.pdb,HLA-B*35:08,HPVGEADYFEY,11,11,"2, 11"
316,4PRE_A.pdb,HLA-B*35:08,HPVGQADYFEY,11,"2,11","2, 11"
360,4PRE_B.pdb,HLA-B*35:08,HPVGQADYFEY,11,"2,11","2, 11"
851,3VFR_A.pdb,HLA-B*35:08,LPEALPQGQLTAY,13,"1,2,13","2, 13"
998,3VFR_B.pdb,HLA-B*35:08,LPEALPQGQLTAY,13,"1,2,13","2, 13"
111,3VFS_A.pdb,HLA-B*35:08,LPEPAPQGQLTAY,13,"1,2,13","2, 13"
870,3VFS_B.pdb,HLA-B*35:08,LPEPAPQGQLTAY,13,"1,2,13","2, 13"
367,3VFT_A.pdb,HLA-B*35:08,LPEPLAQGQLTAY,13,"1,2,13","2, 13"
767,3VFT_B.pdb,HLA-B*35:08,LPEPLAQGQLTAY,13,"1,2,13","2, 13"
277,3VFU_A.pdb,HLA-B*35:08,LPEPLPAGQLTAY,13,"1,2,13","2, 13"
773,3VFU_B.pdb,HLA-B*35:08,LPEPLPAGQLTAY,13,"1,2,12,13","2, 13"
380,3VFV_A.pdb,HLA-B*35:08,LPEPLPQGALTAY,13,"1,2,13","2, 13"
397,3VFV_B.pdb,HLA-B*35:08,LPEPLPQGALTAY,13,"1,2,13","2, 13"
817,3VFW_B.pdb,HLA-B*35:08,LPEPLPQGQATAY,13,"1,13","2, 13"
939,3VFW_A.pdb,HLA-B*35:08,LPEPLPQGQATAY,13,"1,13","2, 13"
26,3VFM_B.pdb,HLA-B*35:08,LPEPLPQGQLTAY,13,"1,2,13","2, 13"
156,2AK4.pdb,HLA-B*35:08,LPEPLPQGQLTAY,13,"1,2,13","2, 13"
158,3VFN_B.pdb,HLA-B*35:08,LPEPLPQGQLTAY,13,"1,2,13","2, 13"
286,3KXF.pdb,HLA-B*35:08,LPEPLPQGQLTAY,13,"1,2,13","2, 13"
302,3VFP_A.pdb,HLA-B*35:08,LPEPLPQGQLTAY,13,"1,2,13","2, 13"
352,3VFP_B.pdb,HLA-B*35:08,LPEPLPQGQLTAY,13,"1,2,13","2, 13"
546,3VFM_A.pdb,HLA-B*35:08,LPEPLPQGQLTAY,13,"1,2,13","2, 13"
587,3VFN_A.pdb,HLA-B*35:08,LPEPLPQGQLTAY,13,"1,2,12,13","2, 13"
956,1ZHL.pdb,HLA-B*35:08,LPEPLPQGQLTAY,13,"1,2,13","2, 13"
1029,4JRX.pdb,HLA-B*35:08,LPEPLPQGQLTAY,13,"1,2,13","2, 13"
1154,4JRY.pdb,HLA-B*35:08,LPEPLPQGQLTAY,13,"2,13","2, 13"
882,6MT5_A.pdb,HLA-B*37:01,FEDLRLLSF,9,9,"2, 9"
932,6MT5_B.pdb,HLA-B*37:01,FEDLRLLSF,9,9,"2, 9"
267,6MTM.pdb,HLA-B*37:01,FEDLRVLSF,9,9,"2, 9"
532,6MT6_A.pdb,HLA-B*37:01,FEDLRVLSF,9,9,"2, 9"
651,6MT6_B.pdb,HLA-B*37:01,FEDLRVLSF,9,9,"2, 9"
385,6MT4_B.pdb,HLA-B*37:01,FEDLRVSSF,9,9,"2, 9"
1086,6MT4_A.pdb,HLA-B*37:01,FEDLRVSSF,9,9,"2, 9"
704,4O2F.pdb,HLA-B*39:01,HVAVENAL,8,"1,8","1, 8"
297,4O2E.pdb,HLA-B*39:01,SHVAVENAL,9,"1,2,9","2, 9"
815,6IEX.pdb,HLA-B*40:01,GETALALLLL,10,"1,2,10","2, 10"
184,5IEK_B.pdb,HLA-B*40:02,REFSKEPEL,9,"2,9","2, 9"
303,5IEK_A.pdb,HLA-B*40:02,REFSKEPEL,9,"2,9","2, 9"
758,5IEH_A.pdb,HLA-B*40:02,REFSKEPEL,9,"2,9","2, 9"
777,5IEH_B.pdb,HLA-B*40:02,REFSKEPEL,9,"2,9","2, 9"
499,3LN5_A.pdb,HLA-B*41:04,HEEAVSVDRVL,11,"1,2,11","2, 11"
673,3LN5_B.pdb,HLA-B*41:04,HEEAVSVDRVL,11,"1,2,11","2, 11"
170,4U1J_A.pdb,HLA-B*42:01,TPQDLNTML,9,"2,9","2, 9"
540,4U1J_B.pdb,HLA-B*42:01,TPQDLNTML,9,"2,9","2, 9"
30,4U1N_A.pdb,HLA-B*42:02,RPQVPLRPM,9,"2,9","2, 9"
61,4U1N_B.pdb,HLA-B*42:02,RPQVPLRPM,9,"2,9","2, 9"
58,3L3J_A.pdb,HLA-B*44:02,EEAGAAFSF,9,"2,9","2, 9"
78,3L3J_B.pdb,HLA-B*44:02,EEAGAAFSF,9,"2,9","2, 9"
320,3L3D_A.pdb,HLA-B*44:02,EEAGRAFSF,9,"2,9","2, 9"
844,3L3D_B.pdb,HLA-B*44:02,EEAGRAFSF,9,"2,9","2, 9"
411,3L3K.pdb,HLA-B*44:02,EEFGAAASF,9,"2,9","2, 9"
374,3L3G_A.pdb,HLA-B*44:02,EEFGAAFSF,9,"2,9","2, 9"
740,3L3G_B.pdb,HLA-B*44:02,EEFGAAFSF,9,"2,9","2, 9"
855,1M6O.pdb,HLA-B*44:02,EEFGRAFSF,9,"2,9","2, 9"
120,3DX6_A.pdb,HLA-B*44:02,EENLLDFVRF,10,"2,10","2, 10"
610,3DX6_B.pdb,HLA-B*44:02,EENLLDFVRF,10,"2,10","2, 10"
984,3KPM_A.pdb,HLA-B*44:02,EEYLKAWTF,9,"2,9","2, 9"
994,3KPM_B.pdb,HLA-B*44:02,EEYLKAWTF,9,"2,9","2, 9"
719,3KPL_A.pdb,HLA-B*44:02,EEYLQAFTY,9,"2,9","2, 9"
823,3KPL_B.pdb,HLA-B*44:02,EEYLQAFTY,9,"2,9","2, 9"
394,4JQX_A.pdb,HLA-B*44:03,EECDSELEIKRY,12,"2,12","2, 12"
1004,4JQX_B.pdb,HLA-B*44:03,EECDSELEIKRY,12,"2,12","2, 12"
1179,1N2R.pdb,HLA-B*44:03,EEFGRAFSF,9,"2,9","2, 9"
15,3DX7_B.pdb,HLA-B*44:03,EENLLDFVRF,10,"2,10","2, 10"
135,3DX7_A.pdb,HLA-B*44:03,EENLLDFVRF,10,"2,10","2, 10"
525,1SYS.pdb,HLA-B*44:03,EEPTVIKKY,9,"2,9","2, 9"
985,3KPO_B.pdb,HLA-B*44:03,EEYLKAWTF,9,"2,9","2, 9"
1139,3KPO_A.pdb,HLA-B*44:03,EEYLKAWTF,9,"2,9","2, 9"
897,3KPN_B.pdb,HLA-B*44:03,EEYLQAFTY,9,"2,9","2, 9"
921,3KPN_A.pdb,HLA-B*44:03,EEYLQAFTY,9,"2,9","2, 9"
32,1SYV.pdb,HLA-B*44:05,EEFGRAFSF,9,"2,9","2, 9"
505,3DX8_B.pdb,HLA-B*44:05,EENLLDFVRF,10,"2,10","2, 10"
649,3DX8_A.pdb,HLA-B*44:05,EENLLDFVRF,10,"2,10","2, 10"
774,3DXA.pdb,HLA-B*44:05,EENLLDFVRF,10,"2,10","2, 10"
300,3KPQ_B.pdb,HLA-B*44:05,EEYLKAWTF,9,"2,9","2, 9"
819,3KPQ_A.pdb,HLA-B*44:05,EEYLKAWTF,9,"2,9","2, 9"
249,3KPP_A.pdb,HLA-B*44:05,EEYLQAFTY,9,"2,9","2, 9"
391,3KPP_B.pdb,HLA-B*44:05,EEYLQAFTY,9,"2,9","2, 9"
996,3KPS.pdb,HLA-B*44:05,EEYLQAFTY,9,"2,9","2, 9"
421,6MTL_B.pdb,HLA-B*44:05,FEDLRVLSF,9,"2,9","2, 9"
501,6MTL_A.pdb,HLA-B*44:05,FEDLRVLSF,9,"2,9","2, 9"
835,4LCY.pdb,HLA-B*46:01,FTMRLLSPV,9,"2,9","2, 9"
757,1E27.pdb,HLA-B*51:01,LPPVVAKEI,9,"2,9","2, 9"
696,1E28.pdb,HLA-B*51:01,TAFTIPSI,8,"2,8","2, 8"
726,4MJI.pdb,HLA-B*51:01,TAFTIPSI,8,2,"2, 8"
38,3W39.pdb,HLA-B*52:01,TAFTIPSI,8,"2,8","2, 8"
943,1A1O.pdb,HLA-B*53:01,KPIVQYDNF,9,"2,9","2, 9"
1106,1A1M.pdb,HLA-B*53:01,TPYDINQML,9,"1,2,9","2, 9"
671,6V2O_A.pdb,HLA-B*57:01,ASLNLPAVSW,10,"2,10","2, 10"
788,6V2O_B.pdb,HLA-B*57:01,ASLNLPAVSW,10,"2,10","2, 10"
159,6D2R_B.pdb,HLA-B*57:01,GSFDYSGVHLW,11,"1,2,11","2, 11"
233,6D2R_A.pdb,HLA-B*57:01,GSFDYSGVHLW,11,"1,2,11","2, 11"
512,2YPK.pdb,HLA-B*57:01,KAFSPEVIPMF,11,"2,11","2, 11"
296,6D2T_A.pdb,HLA-B*57:01,LALLTGVRW,9,"2,9","2, 9"
1045,6D2T_B.pdb,HLA-B*57:01,LALLTGVRW,9,"2,9","2, 9"
127,2RFX_B.pdb,HLA-B*57:01,LSSPVTKSF,9,"2,9","2, 9"
269,3X11_B.pdb,HLA-B*57:01,LSSPVTKSF,9,"2,9","2, 9"
319,5B38.pdb,HLA-B*57:01,LSSPVTKSF,9,"2,9","2, 9"
578,5B39.pdb,HLA-B*57:01,LSSPVTKSF,9,"2,9","2, 9"
622,3VH8.pdb,HLA-B*57:01,LSSPVTKSF,9,"2,9","2, 9"
630,3X12_B.pdb,HLA-B*57:01,LSSPVTKSF,9,"2,9","2, 9"
747,2RFX_A.pdb,HLA-B*57:01,LSSPVTKSF,9,"2,9","2, 9"
887,3WUW.pdb,HLA-B*57:01,LSSPVTKSF,9,"2,9","2, 9"
1072,3X11_A.pdb,HLA-B*57:01,LSSPVTKSF,9,"2,9","2, 9"
1163,3X12_A.pdb,HLA-B*57:01,LSSPVTKSF,9,"2,9","2, 9"
865,5VUD_A.pdb,HLA-B*57:01,LSSPVTKSW,9,"2,9","2, 9"
969,5VUD_B.pdb,HLA-B*57:01,LSSPVTKSW,9,"2,9","2, 9"
450,5VUE_B.pdb,HLA-B*57:01,LTVQVARVW,9,"2,9","2, 9"
1071,5VUE_A.pdb,HLA-B*57:01,LTVQVARVW,9,"2,9","2, 9"
555,5VUF_B.pdb,HLA-B*57:01,LTVQVARVY,9,"2,9","2, 9"
871,5VUF_A.pdb,HLA-B*57:01,LTVQVARVY,9,"2,9","2, 9"
1124,5T6W.pdb,HLA-B*57:01,SSTRGISQLW,10,"2,3,10","2, 10"
115,6D29_B.pdb,HLA-B*57:01,TSMSFVPRPW,10,"2,10","2, 10"
531,6D29_A.pdb,HLA-B*57:01,TSMSFVPRPW,10,"2,10","2, 10"
618,5T70.pdb,HLA-B*57:01,TSNLQEQIGW,10,"2,10","2, 10"
322,5T6Z.pdb,HLA-B*57:01,TSTLQEQIGW,10,"2,3,10","3, 10"
792,5V5M_B.pdb,HLA-B*57:01,TSTLQEQIGW,10,"2,3,10","3, 10"
826,5V5M_A.pdb,HLA-B*57:01,TSTLQEQIGW,10,"2,3,10","3, 10"
149,5T6X_A.pdb,HLA-B*57:01,TSTTSVASSW,10,"2,3,10","2, 10"
958,5T6X_B.pdb,HLA-B*57:01,TSTTSVASSW,10,"2,3,10","2, 10"
292,6V2P_A.pdb,HLA-B*57:03,ASLNLPAVSW,10,"2,10","2, 10"
620,6V2P_B.pdb,HLA-B*57:03,ASLNLPAVSW,10,"2,10","2, 10"
1032,2BVP.pdb,HLA-B*57:03,ISPRTLDAW,9,"2,9","2, 9"
650,2BVQ.pdb,HLA-B*57:03,KAFSPEVI,8,"2,8","2, 8"
117,2BVO.pdb,HLA-B*57:03,KAFSPEVIPMF,11,"2,11","2, 11"
409,6V2Q_B.pdb,HLA-B*57:03,LSSPVTKSF,9,"2,9","2, 9"
997,6V3J_A.pdb,HLA-B*57:03,LSSPVTKSF,9,"2,9","2, 9"
1057,6V3J_B.pdb,HLA-B*57:03,LSSPVTKSF,9,"2,9","2, 9"
1137,6V2Q_A.pdb,HLA-B*57:03,LSSPVTKSF,9,"2,8,9","2, 9"
6,5VVP_B.pdb,HLA-B*57:03,LSSPVTKSW,9,"2,9","2, 9"
46,5VVP_A.pdb,HLA-B*57:03,LSSPVTKSW,9,"2,9","2, 9"
175,5VWD_B.pdb,HLA-B*57:03,LTVQVARVW,9,"2,9","2, 9"
493,5VWD_A.pdb,HLA-B*57:03,LTVQVARVW,9,"2,9","2, 9"
73,5VWF_A.pdb,HLA-B*57:03,LTVQVARVY,9,"2,9","2, 9"
371,5VWF_B.pdb,HLA-B*57:03,LTVQVARVY,9,"2,9","2, 9"
1111,2HJL.pdb,HLA-B*57:06,KAFNPEIIPMF,11,"2,11","2, 11"
1141,2YPL.pdb,HLA-B*57:06,KAFSPEVIPMF,11,"2,11","2, 11"
417,2HJK.pdb,HLA-B*57:06,KGFNPEVIPMF,11,"2,11","2, 11"
161,5VWH_B.pdb,HLA-B*58:01,LSSPVTKSW,9,"2,9","2, 9"
1180,5VWH_A.pdb,HLA-B*58:01,LSSPVTKSW,9,"2,9","2, 9"
460,5VWJ_A.pdb,HLA-B*58:01,LTVQVARVW,9,"2,9","2, 9"
1054,5VWJ_B.pdb,HLA-B*58:01,LTVQVARVW,9,"2,9","2, 9"
764,5V5L_A.pdb,HLA-B*58:01,TSTLQEQIGW,10,"2,3,10","2, 10"
814,5V5L_B.pdb,HLA-B*58:01,TSTLQEQIGW,10,"2,3,10","2, 10"
569,5IND.pdb,HLA-B*58:11,QASQDVKNW,9,"2,9","2, 9"
187,5IM7_A.pdb,HLA-B*58:11,QASQEVKNW,9,"2,9","2, 9"
727,5IM7_B.pdb,HLA-B*58:11,QASQEVKNW,9,"2,9","2, 9"
789,5INC.pdb,HLA-B*58:11,QATQEVANW,9,"2,9","2, 9"
7,4U1S_B.pdb,HLA-B*81:01,FPRPWLHGL,9,"2,8,9","2, 9"
89,4U1S_A.pdb,HLA-B*81:01,FPRPWLHGL,9,"2,8,9","2, 9"
854,4U1L_B.pdb,HLA-B*81:01,RPQVPLRPM,9,"2,9","2, 9"
924,4U1L_A.pdb,HLA-B*81:01,RPQVPLRPM,9,"2,9","2, 9"
590,4U1I_B.pdb,HLA-B*81:01,TPQDLNTML,9,"2,9","2, 9"
884,4U1I_A.pdb,HLA-B*81:01,TPQDLNTML,9,"1,2,9","2, 9"
222,1EFX.pdb,HLA-C*03:04,GAVDPLLAL,9,"1,2,9","2, 9"
404,1IM9.pdb,HLA-C*04:01,QYDDAVYKL,9,"7,9","2, 9"
718,1QQD.pdb,HLA-C*04:01,QYDDAVYKL,9,9,"2, 9"
213,6JTO.pdb,HLA-C*05:01,GADGVGKSAL,10,"1,2,3,8,10","2, 10"
616,5VGD_B.pdb,HLA-C*05:01,SAEPVPLQL,9,"1,2,7,9","2, 9"
1075,5VGD_A.pdb,HLA-C*05:01,SAEPVPLQL,9,"1,2,7,9","2, 9"
205,5W69_B.pdb,HLA-C*06:02,ARFNDLRFV,9,"1,2,9","2, 9"
783,5W69_A.pdb,HLA-C*06:02,ARFNDLRFV,9,"1,2,9","2, 9"
846,5XS3.pdb,HLA-C*06:02,VRSRRCLRL,9,2,"2, 9"
868,6PA1.pdb,HLA-C*07:02,RYRPGTVAL,9,2,"2, 9"
914,4NT6.pdb,HLA-C*08:01,GILGFVFTL,9,"1,2,9","2, 9"
254,6JTP_A.pdb,HLA-C*08:02,GADGVGKSA,9,"1,2,9","2, 9"
325,6JTP_B.pdb,HLA-C*08:02,GADGVGKSA,9,"1,2,9","2, 9"
365,6ULN.pdb,HLA-C*08:02,GADGVGKSA,9,"1,2,9","2, 9"
1038,6ULR.pdb,HLA-C*08:02,GADGVGKSA,9,"1,2","2, 9"
1159,6ULI.pdb,HLA-C*08:02,GADGVGKSA,9,"1,2,9","2, 9"
547,6ULK.pdb,HLA-C*08:02,GADGVGKSAL,10,"1,2,10","2, 10"
768,6UON.pdb,HLA-C*08:02,GADGVGKSAL,10,"1,2,8,10","2, 10"
907,6JTN_A.pdb,HLA-C*08:02,GADGVGKSAL,10,"1,2,10","2, 10"
964,6JTN_B.pdb,HLA-C*08:02,GADGVGKSAL,10,"1,2,10","2, 10"
896,6K60.pdb,HLA-C*14:71,RIIPRHLQL,9,"2,6,9","2, 9"
321,3BZF.pdb,HLA-E*01:01,VMAPRALLL,9,"2,3,6","2, 9"
424,3BZE.pdb,HLA-E*01:01,VMAPRTLFL,9,"2,3,6,9","2, 9"
541,3CII.pdb,HLA-E*01:01,VMAPRTLFL,9,"2,3,6,9","2, 9"
1093,3CDG.pdb,HLA-E*01:01,VMAPRTLFL,9,"1,2,3,6,9","2, 9"
753,2ESV.pdb,HLA-E*01:01,VMAPRTLIL,9,"2,3,6","2, 9"
1168,5W1V.pdb,HLA-E*01:01,VMAPRTLIL,9,"1,2,3","2, 9"
867,1MHE.pdb,HLA-E*01:01,VMAPRTVLL,9,"2,6,9","2, 9"
978,3AM8.pdb,HLA-E*01:01,VMGPRTLIL,9,"2,6","2, 9"
781,6GGM.pdb,HLA-E*01:03,RFPAKAPLL,9,"2,6,9","2, 9"
1156,6GHN.pdb,HLA-E*01:03,RLPAKAPLF,9,"2,6","2, 9"
691,6GH1.pdb,HLA-E*01:03,RLPAKAPLL,9,"2,6,9","2, 9"
214,6GL1.pdb,HLA-E*01:03,RMYSPTSIL,9,2,"2, 9"
591,6GH4.pdb,HLA-E*01:03,RQPAKAPLL,9,"2,6","2, 9"
931,1KPR.pdb,HLA-E*01:03,VMAPRTVLL,9,"2,3,6","2, 9"
1148,1KTL.pdb,HLA-E*01:03,VTAPRTLLL,9,6,"2, 9"
744,1ZVS.pdb,Mafa-A1*001:01:01,TTPESANL,8,"1,2,8","2, 8"
517,3JTS.pdb,Mamu-A1*002:01:01:01,GSENLKSLY,9,"1,2,9","2, 9"
448,3JTT.pdb,Mamu-A1*002:01:01:01,YTSGPGIRY,9,"2,9","2, 9"
1042,3KYN.pdb,Mamu-B*008:01:01:01,KGPPAALTL,9,"6,9","2, 9"
1174,3KYO.pdb,Mamu-B*008:01:01:01,KLPAQFYIL,9,9,"2, 9"
20,2D31.pdb,Mamu-B*008:01:01:01,RIIPRHLQL,9,"2,6","2, 9"
68,1YDP.pdb,Mamu-B*008:01:01:01,RIIPRHLQL,9,"2,6,9","2, 9"
452,2DYP.pdb,Mamu-B*008:01:01:01,RIIPRHLQL,9,"2,6,9","2, 9"
938,6AEE.pdb,Mamu-B*008:01:01:01,RIIPRHLQL,9,"2,6","2, 9"
255,3RWE_A.pdb,Mamu-B*017:01:01:01,FQWMGYELW,9,"2,9","2, 9"
1065,3RWE_B.pdb,Mamu-B*017:01:01:01,FQWMGYELW,9,"2,9","2, 9"
234,3RWI_B.pdb,Mamu-B*017:01:01:01,GSHLEVQGYW,10,"1,2,3,10","3, 10"
606,3RWI_A.pdb,Mamu-B*017:01:01:01,GSHLEVQGYW,10,"1,2,3,10","3, 10"
294,3RWJ_B.pdb,Mamu-B*017:01:01:01,HLEVQGYW,8,"1,8","1, 8"
571,3RWJ_A.pdb,Mamu-B*017:01:01:01,HLEVQGYW,8,"1,8","1, 8"
63,3RWC_B.pdb,Mamu-B*017:01:01:01,IRYPKTFGW,9,"2,9","2, 9"
633,3RWC_A.pdb,Mamu-B*017:01:01:01,IRYPKTFGW,9,"2,9","2, 9"
74,3RWD.pdb,Mamu-B*017:01:01:01,IRYPKTFGWLW,11,"2,11","2, 11"
503,3RWG_B.pdb,Mamu-B*017:01:01:01,MHPAQTSQW,9,"1,2,9","2, 9"
832,3RWG_A.pdb,Mamu-B*017:01:01:01,MHPAQTSQW,9,"1,2,9","2, 9"
298,3RWH_A.pdb,Mamu-B*017:01:01:01,MRHVLEPF,8,"1,2,5,8","2, 8"
1024,3RWH_B.pdb,Mamu-B*017:01:01:01,MRHVLEPF,8,"1,2,5,8","2, 8"
922,3RWF_A.pdb,Mamu-B*017:01:01:01,QTSQWDDPW,9,"2,9","2, 9"
1143,3RWF_B.pdb,Mamu-B*017:01:01:01,QTSQWDDPW,9,"2,9","2, 9"
338,5Y91_B.pdb,Onmy-UBA*18:01,FANFCLMMI,9,"2,9","2, 9"
364,6LBE.pdb,Onmy-UBA*18:01,FANFCLMMI,9,"2,9","2, 9"
539,5Y91_A.pdb,Onmy-UBA*18:01,FANFCLMMI,9,"2,9","2, 9"
853,5H5Z_B.pdb,Onmy-UBA*18:01,FANFCLMMI,9,"2,9","2, 9"
862,5H5Z_A.pdb,Onmy-UBA*18:01,FANFCLMMI,9,"2,9","2, 9"
864,5CNZ_B.pdb,Onmy-UBA*18:01,FANFCLMMI,9,"2,9","2, 9"
892,5CNZ_A.pdb,Onmy-UBA*18:01,FANFCLMMI,9,"2,9","2, 9"
926,1KJM.pdb,Rano-A1*b,AQFSASASR,9,"2,9","2, 9"
1019,1ED3.pdb,Rano-A1*b,ILFPSSERLISNR,13,"2,13","2, 13"
250,1KJV_B.pdb,Rano-A1*b,NPRAMQALL,9,"2,9","2, 9"
1110,1KJV_A.pdb,Rano-A1*b,NPRAMQALL,9,"2,9","2, 9"
152,6NF7.pdb,Rano-A1*b,YLRYDSDVGEYR,12,"2,12","2, 12"
478,3QQ4.pdb,SLA-1*04:01:01,ATAAATEAY,9,"2,9","2, 9"
698,6KWL.pdb,SLA-1*04:01:01,MTAHITVPY,9,"2,9","2, 9"
1167,6KWK.pdb,SLA-1*04:01:01,MTAHITVPY,9,"2,9","2, 9"
1175,3QQ3.pdb,SLA-1*04:01:01,NSDTVGWSW,9,"2,9","2, 9"
526,5H94.pdb,SLA-1*07:04,KMNTQFTAV,9,"2,9","2, 9"
40,6KWO.pdb,SLA-1*13:01,ESDTVGWSW,9,"2,9","2, 9"
910,6KWN.pdb,SLA-1*13:01,NSDTVGWSW,9,"2,9","2, 9"
70,5NQ1_B.pdb,SLA-1*14:02,DFEREGYSL,9,"2,9","2, 9"
439,5NQ0_A.pdb,SLA-1*14:02,DFEREGYSL,9,"2,9","2, 9"
562,5NQ0_B.pdb,SLA-1*14:02,DFEREGYSL,9,"2,9","2, 9"
754,5NQ1_A.pdb,SLA-1*14:02,DFEREGYSL,9,"2,9","2, 9"
410,5NQ3_B.pdb,SLA-1*14:02,EFEDLTFLA,9,"2,9","2, 9"
628,5NPZ_B.pdb,SLA-1*14:02,EFEDLTFLA,9,"2,9","2, 9"
779,5NQ3_A.pdb,SLA-1*14:02,EFEDLTFLA,9,"2,9","2, 9"
1043,5NPZ_A.pdb,SLA-1*14:02,EFEDLTFLA,9,"2,9","2, 9"
304,5YLX.pdb,SLA-1*15:01,TMPPGFELY,9,"2,9","2, 9"
56,6A6H.pdb,SLA-2*04:02:01,MTAHIVVPY,9,"1,2,9","2, 9"
675,5NQ2_B.pdb,SLA-2*11:04,IAYERMCNI,9,"2,9","2, 9"
710,5NQ2_A.pdb,SLA-2*11:04,IAYERMCNI,9,"2,9","2, 9"
