,pdb_code,MHC,peptide,peptide_length,anchors,NetMHCpan4.1_anchors,anchor_not
427,5F7D.pdb,HLA-A*02:01,GLKEGIPALD,10,"1,2,6,9","2,9","C_-1,C_-4,N_+0,N_+1"
963,5TRZ.pdb,H2-Kd,YQSGLSIVM,9,"1,2,8","2,9","C_-1,N_+0,N_+1"
240,3GIV.pdb,HLA-A*02:01,SLFNTVATLY,10,"1,2,9","2,9","C_-1,N_+0,N_+1"
981,5YMV.pdb,Gaga-BF2*012:01:01,AVKGVGTMV,9,"1,2,5,8","2,9","C_-1,N_+0,N_+1,N_+4"
623,5DDH_B.pdb,HLA-A*02:01,FVLELEPEWTVK,12,"11,2","2,11","C_-1,N_+1"
624,5DDH_A.pdb,HLA-A*02:01,FVLELEPEWTVK,12,"11,2","2,11","C_-1,N_+1"
688,2CLR.pdb,HLA-A*02:01,MLLSVPLLLG,10,"2,9","2,9","C_-1,N_+1"
854,5EOT.pdb,HLA-A*02:01,GLLPELPAVGG,11,"1,2,6,9","2,9","C_-2,N_+0,N_+1,N_+5"
901,5FA4.pdb,HLA-A*02:01,YLSPIASPLLD,11,"2,9","2,10","C_-2,N_+1"
494,2YF5.pdb,Gaga-BF2*021:01:01,TAGQSNYDRL,10,10,"2,10",C_+0
495,4D0C.pdb,Gaga-BF2*021:01:01,TAGQSNYDRL,10,10,"2,10",C_+0
149,4PG9_B.pdb,H2-Kb,FAPGNYPAL,9,9,"2,9",C_+0
150,1FZO_B.pdb,H2-Kb,FAPGNYPAL,9,9,"2,9",C_+0
151,4PG9_A.pdb,H2-Kb,FAPGNYPAL,9,9,"2,9",C_+0
152,1KPV_A.pdb,H2-Kb,FAPGNYPAL,9,9,"2,9",C_+0
153,1KPV_B.pdb,H2-Kb,FAPGNYPAL,9,9,"2,9",C_+0
154,1FZK_B.pdb,H2-Kb,FAPGNYPAL,9,9,"2,9",C_+0
155,1FZK_A.pdb,H2-Kb,FAPGNYPAL,9,9,"2,9",C_+0
156,2VAB.pdb,H2-Kb,FAPGNYPAL,9,9,"2,9",C_+0
157,1FZO_A.pdb,H2-Kb,FAPGNYPAL,9,9,"2,9",C_+0
506,1OSZ.pdb,H2-Kb,RGYLYQGL,8,8,"2,8",C_+0
399,1KPU_A.pdb,H2-Kb,RGYVYQGL,8,8,"2,8",C_+0
400,1FZJ_B.pdb,H2-Kb,RGYVYQGL,8,8,"2,8",C_+0
401,2VAA.pdb,H2-Kb,RGYVYQGL,8,8,"2,8",C_+0
402,1FZM_A.pdb,H2-Kb,RGYVYQGL,8,8,"2,8",C_+0
403,1NAM.pdb,H2-Kb,RGYVYQGL,8,8,"2,8",C_+0
404,1KPU_B.pdb,H2-Kb,RGYVYQGL,8,8,"2,8",C_+0
405,1FZM_B.pdb,H2-Kb,RGYVYQGL,8,8,"2,8",C_+0
406,1FZJ_A.pdb,H2-Kb,RGYVYQGL,8,8,"2,8",C_+0
407,1BQH.pdb,H2-Kb,RGYVYQGL,8,8,"2,8",C_+0
408,2MHA.pdb,H2-Kb,RGYVYQGL,8,8,"2,8",C_+0
71,6EQB_B.pdb,HLA-A*02:01,AAGIGILTV,9,9,"2,9",C_+0
72,6D78_B.pdb,HLA-A*02:01,AAGIGILTV,9,9,"2,9",C_+0
73,3QFD_A.pdb,HLA-A*02:01,AAGIGILTV,9,9,"2,9",C_+0
74,6EQB_A.pdb,HLA-A*02:01,AAGIGILTV,9,9,"2,9",C_+0
75,3QEQ.pdb,HLA-A*02:01,AAGIGILTV,9,9,"2,9",C_+0
76,6EQA_B.pdb,HLA-A*02:01,AAGIGILTV,9,9,"2,9",C_+0
77,3QDJ_B.pdb,HLA-A*02:01,AAGIGILTV,9,9,"2,9",C_+0
78,6EQA_A.pdb,HLA-A*02:01,AAGIGILTV,9,9,"2,9",C_+0
79,3QFD_B.pdb,HLA-A*02:01,AAGIGILTV,9,9,"2,9",C_+0
80,6D78_A.pdb,HLA-A*02:01,AAGIGILTV,9,9,"2,9",C_+0
81,2GUO_A.pdb,HLA-A*02:01,AAGIGILTV,9,9,"2,9",C_+0
82,3QDJ_A.pdb,HLA-A*02:01,AAGIGILTV,9,9,"2,9",C_+0
83,2GUO_B.pdb,HLA-A*02:01,AAGIGILTV,9,9,"2,9",C_+0
932,3PWP.pdb,HLA-A*02:01,LGYGFVNYI,9,9,"2,9",C_+0
933,3PWL_A.pdb,HLA-A*02:01,LGYGFVNYI,9,9,"2,9",C_+0
934,3PWL_B.pdb,HLA-A*02:01,LGYGFVNYI,9,9,"2,9",C_+0
791,5HGD.pdb,HLA-A*24:02,RFPLTFGWCF,10,10,"2,10",C_+0
792,3VXU.pdb,HLA-A*24:02,RFPLTFGWCF,10,10,"2,10",C_+0
793,3VXM.pdb,HLA-A*24:02,RFPLTFGWCF,10,10,"2,10",C_+0
794,3W0W.pdb,HLA-A*24:02,RFPLTFGWCF,10,10,"2,10",C_+0
795,3VXO.pdb,HLA-A*24:02,RFPLTFGWCF,10,10,"2,10",C_+0
770,2HJK.pdb,HLA-B*57:06,KGFNPEVIPMF,11,11,"2,11",C_+0
1144,3KYN.pdb,Mamu-B*008:01:01:01,KGPPAALTL,9,9,"2,9",C_+0
660,5Y91_B.pdb,Onmy-UBA*18:01,FANFCLMMI,9,9,"2,9",C_+0
661,6LBE.pdb,Onmy-UBA*18:01,FANFCLMMI,9,9,"2,9",C_+0
662,5Y91_A.pdb,Onmy-UBA*18:01,FANFCLMMI,9,9,"2,9",C_+0
663,5H5Z_B.pdb,Onmy-UBA*18:01,FANFCLMMI,9,9,"2,9",C_+0
664,5H5Z_A.pdb,Onmy-UBA*18:01,FANFCLMMI,9,9,"2,9",C_+0
665,5CNZ_B.pdb,Onmy-UBA*18:01,FANFCLMMI,9,9,"2,9",C_+0
666,5CNZ_A.pdb,Onmy-UBA*18:01,FANFCLMMI,9,9,"2,9",C_+0
1075,5WMQ_A.pdb,HLA-B*08:01,ELRSRYWAI,9,"1,2,8,9","2,9","C_+0,C_-1,N_+0,N_+1"
1076,5WMQ_B.pdb,HLA-B*08:01,ELRSRYWAI,9,"1,2,8,9","2,9","C_+0,C_-1,N_+0,N_+1"
978,6MT3_B.pdb,HLA-B*18:01,FEDLRVLSF,9,"2,8,9","2,9","C_+0,C_-1,N_+1"
979,6MT3_A.pdb,HLA-B*18:01,FEDLRVLSF,9,"2,8,9","2,9","C_+0,C_-1,N_+1"
1117,3AM8.pdb,HLA-E*01:01,VMGPRTLIL,9,"1,2,6,7,9","2,9","C_+0,C_-2,C_-3,N_+0,N_+1"
1177,1KTL.pdb,HLA-E*01:03,VTAPRTLLL,9,"1,2,6,7,9","2,9","C_+0,C_-2,C_-3,N_+0,N_+1"
627,3VJ6_B.pdb,H2-Dk,AMAPRTLLL,9,"1,2,3,6,7,9","2,9","C_+0,C_-2,C_-3,N_+0,N_+1,N_+2"
628,5VCL.pdb,H2-Dk,AMAPRTLLL,9,"1,2,3,6,7,9","2,9","C_+0,C_-2,C_-3,N_+0,N_+1,N_+2"
629,3VJ6_A.pdb,H2-Dk,AMAPRTLLL,9,"1,2,3,6,7,9","2,9","C_+0,C_-2,C_-3,N_+0,N_+1,N_+2"
733,3P4N.pdb,H2-Kb,YTVKFPNM,8,"2,5,6,8","2,8","C_+0,C_-2,C_-3,N_+1"
94,2YF6.pdb,Gaga-BF2*021:01:01,TAGQEDYDRL,10,"1,10,8","2,10","C_+0,C_-2,N_+0"
95,4D0B.pdb,Gaga-BF2*021:01:01,TAGQEDYDRL,10,"1,10,8","2,10","C_+0,C_-2,N_+0"
727,4JQX_A.pdb,HLA-B*44:03,EECDSELEIKRY,12,"1,10,12,2","2,12","C_+0,C_-2,N_+0,N_+1"
728,4JQX_B.pdb,HLA-B*44:03,EECDSELEIKRY,12,"1,10,12,2","2,12","C_+0,C_-2,N_+0,N_+1"
866,1SYS.pdb,HLA-B*44:03,EEPTVIKKY,9,"1,2,7,9","2,9","C_+0,C_-2,N_+0,N_+1"
468,5W69_B.pdb,HLA-C*06:02,ARFNDLRFV,9,"1,2,7,9","2,9","C_+0,C_-2,N_+0,N_+1"
469,5W69_A.pdb,HLA-C*06:02,ARFNDLRFV,9,"1,2,7,9","2,9","C_+0,C_-2,N_+0,N_+1"
947,5VGD_B.pdb,HLA-C*05:01,SAEPVPLQL,9,"1,2,3,7,9","2,9","C_+0,C_-2,N_+0,N_+1,N_+2"
948,5VGD_A.pdb,HLA-C*05:01,SAEPVPLQL,9,"1,2,3,7,9","2,9","C_+0,C_-2,N_+0,N_+1,N_+2"
931,4CVZ.pdb,Gaga-BF2*021:01:01,YELDEKFDRL,10,"10,2,8","3,10","C_+0,C_-2,N_+1"
1171,1K8D.pdb,H2-Dk,ILMEHIHKL,9,"2,7,9","2,9","C_+0,C_-2,N_+1"
396,5VWH_B.pdb,HLA-B*58:01,LSSPVTKSW,9,"2,7,9","2,9","C_+0,C_-2,N_+1"
397,5VWH_A.pdb,HLA-B*58:01,LSSPVTKSW,9,"2,7,9","2,9","C_+0,C_-2,N_+1"
816,5VWJ_A.pdb,HLA-B*58:01,LTVQVARVW,9,"2,7,9","2,9","C_+0,C_-2,N_+1"
817,5VWJ_B.pdb,HLA-B*58:01,LTVQVARVW,9,"2,7,9","2,9","C_+0,C_-2,N_+1"
740,1IM9.pdb,HLA-C*04:01,QYDDAVYKL,9,"2,7,9","2,9","C_+0,C_-2,N_+1"
741,1QQD.pdb,HLA-C*04:01,QYDDAVYKL,9,"2,7,9","2,9","C_+0,C_-2,N_+1"
1063,5XS3.pdb,HLA-C*06:02,VRSRRCLRL,9,"2,7,9","2,9","C_+0,C_-2,N_+1"
1035,6GGM.pdb,HLA-E*01:03,RFPAKAPLL,9,"2,7,9","2,9","C_+0,C_-2,N_+1"
843,5J6H.pdb,H2-Ld,VGITNVDL,8,"5,8","2,8","C_+0,C_-3"
844,5J6G.pdb,H2-Ld,VGITNVDL,8,"5,8","2,8","C_+0,C_-3"
582,3TIE_A.pdb,H2-Kb,AIVNYANL,8,"1,2,5,8","2,8","C_+0,C_-3,N_+0,N_+1"
583,3TIE_B.pdb,H2-Kb,AIVNYANL,8,"1,2,5,8","2,8","C_+0,C_-3,N_+0,N_+1"
587,5ENW_A.pdb,HLA-A*02:01,GLKEGIPAL,9,"1,2,6,9","2,9","C_+0,C_-3,N_+0,N_+1"
588,5ENW_B.pdb,HLA-A*02:01,GLKEGIPAL,9,"1,2,6,9","2,9","C_+0,C_-3,N_+0,N_+1"
375,5FA3_A.pdb,HLA-A*02:01,GLLPELPAV,9,"1,2,6,9","2,9","C_+0,C_-3,N_+0,N_+1"
376,5FA3_B.pdb,HLA-A*02:01,GLLPELPAV,9,"1,2,6,9","2,9","C_+0,C_-3,N_+0,N_+1"
1133,1S9X.pdb,HLA-A*02:01,SLLMWITQA,9,"1,2,6,9","2,9","C_+0,C_-3,N_+0,N_+1"
1150,3KLA.pdb,HLA-A*02:01,SLLMWITQL,9,"1,2,6,9","2,9","C_+0,C_-3,N_+0,N_+1"
899,1S9Y.pdb,HLA-A*02:01,SLLMWITQS,9,"1,2,6,9","2,9","C_+0,C_-3,N_+0,N_+1"
144,6O9C_B.pdb,HLA-A*03:01,TTAPFLSGK,9,"1,2,6,9","2,9","C_+0,C_-3,N_+0,N_+1"
145,6O9C_A.pdb,HLA-A*03:01,TTAPFLSGK,9,"1,2,6,9","2,9","C_+0,C_-3,N_+0,N_+1"
1148,1QVO.pdb,HLA-A*11:01,QVPLRPMTYK,10,"1,10,2,7","2,10","C_+0,C_-3,N_+0,N_+1"
1060,1AGD.pdb,HLA-B*08:01,GGKKKYKL,8,"1,2,5,8","2,8","C_+0,C_-3,N_+0,N_+1"
639,1AGC.pdb,HLA-B*08:01,GGKKKYQL,8,"1,2,5,8","2,8","C_+0,C_-3,N_+0,N_+1"
553,1AGE.pdb,HLA-B*08:01,GGKKKYRL,8,"1,2,5,8","2,8","C_+0,C_-3,N_+0,N_+1"
775,3BZE.pdb,HLA-E*01:01,VMAPRTLFL,9,"1,2,6,9","2,9","C_+0,C_-3,N_+0,N_+1"
776,3CII.pdb,HLA-E*01:01,VMAPRTLFL,9,"1,2,6,9","2,9","C_+0,C_-3,N_+0,N_+1"
777,3CDG.pdb,HLA-E*01:01,VMAPRTLFL,9,"1,2,6,9","2,9","C_+0,C_-3,N_+0,N_+1"
1072,1MHE.pdb,HLA-E*01:01,VMAPRTVLL,9,"1,2,6,9","2,9","C_+0,C_-3,N_+0,N_+1"
1105,1KPR.pdb,HLA-E*01:03,VMAPRTVLL,9,"1,2,6,9","2,9","C_+0,C_-3,N_+0,N_+1"
617,3RWH_A.pdb,Mamu-B*017:01:01:01,MRHVLEPF,8,"1,2,5,8","2,8","C_+0,C_-3,N_+0,N_+1"
618,3RWH_B.pdb,Mamu-B*017:01:01:01,MRHVLEPF,8,"1,2,5,8","2,8","C_+0,C_-3,N_+0,N_+1"
830,3QQ4.pdb,SLA-1*04:01:01,ATAAATEAY,9,"1,2,6,9","2,9","C_+0,C_-3,N_+0,N_+1"
409,4G42.pdb,Gaga-BF2*004:01:01,IDWFDGKD,8,"2,5,8","2,8","C_+0,C_-3,N_+1"
352,4E0R.pdb,Gaga-BF2*004:01:01,IDWFDGKE,8,"2,5,8","2,8","C_+0,C_-3,N_+1"
353,6LHG.pdb,Gaga-BF2*004:01:01,IDWFDGKE,8,"2,5,8","2,8","C_+0,C_-3,N_+1"
1132,4G43.pdb,Gaga-BF2*004:01:01,IDWFEGKE,8,"2,5,8","2,8","C_+0,C_-3,N_+1"
860,5YMW.pdb,Gaga-BF2*012:01:01,LPACVLEV,8,"2,5,8","2,8","C_+0,C_-3,N_+1"
147,3FOM_B.pdb,H2-Kb,IQQSIERI,8,"2,5,8","2,8","C_+0,C_-3,N_+1"
148,3FOM_A.pdb,H2-Kb,IQQSIERI,8,"2,5,8","2,8","C_+0,C_-3,N_+1"
604,1KJ2.pdb,H2-Kb,KVITFIDL,8,"2,5,8","2,8","C_+0,C_-3,N_+1"
605,1KJ3_B.pdb,H2-Kb,KVITFIDL,8,"2,5,8","2,8","C_+0,C_-3,N_+1"
606,1KJ3_A.pdb,H2-Kb,KVITFIDL,8,"2,5,8","2,8","C_+0,C_-3,N_+1"
550,3FON_A.pdb,H2-Kb,VNDIFEAI,8,"2,5,8","2,8","C_+0,C_-3,N_+1"
551,3FON_B.pdb,H2-Kb,VNDIFEAI,8,"2,5,8","2,8","C_+0,C_-3,N_+1"
283,3FOL_A.pdb,H2-Kb,VNDIFERI,8,"2,5,8","2,8","C_+0,C_-3,N_+1"
284,3FOL_B.pdb,H2-Kb,VNDIFERI,8,"2,5,8","2,8","C_+0,C_-3,N_+1"
501,4NQX_B.pdb,HLA-A*01:01,CTELKLNDY,9,"2,6,9","2,9","C_+0,C_-3,N_+1"
502,4NQX_A.pdb,HLA-A*01:01,CTELKLNDY,9,"2,6,9","2,9","C_+0,C_-3,N_+1"
331,3MRG_A.pdb,HLA-A*02:01,CINGVCWTV,9,"2,6,9","2,9","C_+0,C_-3,N_+1"
332,3MRG_B.pdb,HLA-A*02:01,CINGVCWTV,9,"2,6,9","2,9","C_+0,C_-3,N_+1"
389,1HHH.pdb,HLA-A*02:01,FLPSDFFPSV,10,"10,2,7","2,10","C_+0,C_-3,N_+1"
804,3OXS.pdb,HLA-A*02:07,FLPSDFFPSV,10,"10,2,7","2,10","C_+0,C_-3,N_+1"
897,3RL2_B.pdb,HLA-A*03:01,QVPLRPMTYK,10,"10,2,7","2,10","C_+0,C_-3,N_+1"
898,3RL2_A.pdb,HLA-A*03:01,QVPLRPMTYK,10,"10,2,7","2,10","C_+0,C_-3,N_+1"
277,6O9B_B.pdb,HLA-A*03:01,TTAPSLSGK,9,"2,6,9","2,9","C_+0,C_-3,N_+1"
278,6O9B_A.pdb,HLA-A*03:01,TTAPSLSGK,9,"2,6,9","2,9","C_+0,C_-3,N_+1"
1048,4F7T_A.pdb,HLA-A*24:02,RYGFVANF,8,"2,5,8","2,8","C_+0,C_-3,N_+1"
1049,4F7T_B.pdb,HLA-A*24:02,RYGFVANF,8,"2,5,8","2,8","C_+0,C_-3,N_+1"
657,3SPV_B.pdb,HLA-B*08:01,RAKFKQLL,8,"2,5,8","2,8","C_+0,C_-3,N_+1"
658,3SPV_A.pdb,HLA-B*08:01,RAKFKQLL,8,"2,5,8","2,8","C_+0,C_-3,N_+1"
1084,6K60.pdb,HLA-C*14:71,RIIPRHLQL,9,"2,6,9","2,9","C_+0,C_-3,N_+1"
1023,2ESV.pdb,HLA-E*01:01,VMAPRTLIL,9,"2,6,9","2,9","C_+0,C_-3,N_+1"
1024,5W1V.pdb,HLA-E*01:01,VMAPRTLIL,9,"2,6,9","2,9","C_+0,C_-3,N_+1"
84,2D31.pdb,Mamu-B*008:01:01:01,RIIPRHLQL,9,"2,6,9","2,9","C_+0,C_-3,N_+1"
85,1YDP.pdb,Mamu-B*008:01:01:01,RIIPRHLQL,9,"2,6,9","2,9","C_+0,C_-3,N_+1"
86,2DYP.pdb,Mamu-B*008:01:01:01,RIIPRHLQL,9,"2,6,9","2,9","C_+0,C_-3,N_+1"
87,6AEE.pdb,Mamu-B*008:01:01:01,RIIPRHLQL,9,"2,6,9","2,9","C_+0,C_-3,N_+1"
986,5NQ2_B.pdb,SLA-2*11:04,IAYERMCNI,9,"2,6,9","2,9","C_+0,C_-3,N_+1"
987,5NQ2_A.pdb,SLA-2*11:04,IAYERMCNI,9,"2,6,9","2,9","C_+0,C_-3,N_+1"
780,4NQV.pdb,HLA-A*01:01,CTELKLSDY,9,"2,3,6,9","2,9","C_+0,C_-3,N_+1,N_+2"
279,5VZ5.pdb,HLA-B*15:01,AQDIYRASYY,10,"1,10,2,6","2,10","C_+0,C_-4,N_+0,N_+1"
160,4ZEZ.pdb,HLA-A*02:01,KLVALVINAV,10,"10,2,6","2,10","C_+0,C_-4,N_+1"
990,1WBZ.pdb,H2-Kb,SSYRRPVGI,9,"1,9","2,9","C_+0,N_+0"
813,2GTW_A.pdb,HLA-A*02:01,LAGIGILTV,9,"1,9","2,9","C_+0,N_+0"
814,2GTW_B.pdb,HLA-A*02:01,LAGIGILTV,9,"1,9","2,9","C_+0,N_+0"
1161,1DUY.pdb,HLA-A*02:01,LFGYPVYV,8,"1,8","1,8","C_+0,N_+0"
1124,4MJ6.pdb,HLA-A*11:01,TMVMELIRMIK,11,"1,11","2,11","C_+0,N_+0"
1004,4O2F.pdb,HLA-B*39:01,HVAVENAL,8,"1,8","1,8","C_+0,N_+0"
610,3RWJ_B.pdb,Mamu-B*017:01:01:01,HLEVQGYW,8,"1,8","1,8","C_+0,N_+0"
611,3RWJ_A.pdb,Mamu-B*017:01:01:01,HLEVQGYW,8,"1,8","1,8","C_+0,N_+0"
842,4ZUU.pdb,Eqca-N*006:01,CTSEEMNAF,9,"1,2,9","2,9","C_+0,N_+0,N_+1"
194,4ZUW.pdb,Eqca-N*006:01,GSQKLTTGNCNW,12,"1,12,2","2,12","C_+0,N_+0,N_+1"
195,4ZUT.pdb,Eqca-N*006:01,GSQKLTTGNCNW,12,"1,12,2","2,12","C_+0,N_+0,N_+1"
310,4ZUS.pdb,Eqca-N*006:01,QAEVLQERLEW,11,"1,11,2","4,11","C_+0,N_+0,N_+1"
798,3BEV.pdb,Gaga-BF2*021:01:01,GHAEEYGAETL,11,"1,11,2","2,11","C_+0,N_+0,N_+1"
1015,1S7S.pdb,H2-Kb,ALYNFATM,8,"1,2,8","2,8","C_+0,N_+0,N_+1"
1181,1S7T.pdb,H2-Kb,AVFNFATM,8,"1,2,8","2,8","C_+0,N_+0,N_+1"
470,1N59.pdb,H2-Kb,AVYNFATM,8,"1,2,8","2,8","C_+0,N_+0,N_+1"
471,3TID_B.pdb,H2-Kb,AVYNFATM,8,"1,2,8","2,8","C_+0,N_+0,N_+1"
472,4HS3_B.pdb,H2-Kb,AVYNFATM,8,"1,2,8","2,8","C_+0,N_+0,N_+1"
473,3TID_A.pdb,H2-Kb,AVYNFATM,8,"1,2,8","2,8","C_+0,N_+0,N_+1"
474,4HS3_A.pdb,H2-Kb,AVYNFATM,8,"1,2,8","2,8","C_+0,N_+0,N_+1"
475,3ROO_A.pdb,H2-Kb,AVYNFATM,8,"1,2,8","2,8","C_+0,N_+0,N_+1"
476,1S7Q.pdb,H2-Kb,AVYNFATM,8,"1,2,8","2,8","C_+0,N_+0,N_+1"
477,3ROO_B.pdb,H2-Kb,AVYNFATM,8,"1,2,8","2,8","C_+0,N_+0,N_+1"
271,1LK2_B.pdb,H2-Kb,GNYSFYAL,8,"1,2,8","2,8","C_+0,N_+0,N_+1"
272,1LK2_A.pdb,H2-Kb,GNYSFYAL,8,"1,2,8","2,8","C_+0,N_+0,N_+1"
704,2FO4.pdb,H2-Kb,SAPDFRPL,8,"1,2,8","2,8","C_+0,N_+0,N_+1"
682,1G7Q.pdb,H2-Kb,SAPDTRPA,8,"1,2,8","2,8","C_+0,N_+0,N_+1"
229,1RJZ.pdb,H2-Kb,SEIEFARL,8,"1,2,8","2,8","C_+0,N_+0,N_+1"
230,1RK1.pdb,H2-Kb,SEIEFARL,8,"1,2,8","2,8","C_+0,N_+0,N_+1"
768,3P9M_A.pdb,H2-Kb,SIIGFEKL,8,"1,2,8","2,8","C_+0,N_+0,N_+1"
769,3P9M_B.pdb,H2-Kb,SIIGFEKL,8,"1,2,8","2,8","C_+0,N_+0,N_+1"
511,3C8K.pdb,H2-Kb,SIINFEKL,8,"1,2,8","2,8","C_+0,N_+0,N_+1"
512,1P1Z.pdb,H2-Kb,SIINFEKL,8,"1,2,8","2,8","C_+0,N_+0,N_+1"
513,3CVH.pdb,H2-Kb,SIINFEKL,8,"1,2,8","2,8","C_+0,N_+0,N_+1"
514,3P9L_A.pdb,H2-Kb,SIINFEKL,8,"1,2,8","2,8","C_+0,N_+0,N_+1"
515,1P4L.pdb,H2-Kb,SIINFEKL,8,"1,2,8","2,8","C_+0,N_+0,N_+1"
516,1VAC.pdb,H2-Kb,SIINFEKL,8,"1,2,8","2,8","C_+0,N_+0,N_+1"
517,3P9L_B.pdb,H2-Kb,SIINFEKL,8,"1,2,8","2,8","C_+0,N_+0,N_+1"
518,4HKJ.pdb,H2-Kb,SIINFEKL,8,"1,2,8","2,8","C_+0,N_+0,N_+1"
171,6JQ3_A.pdb,H2-Kb,SIIVFNLL,8,"1,2,8","2,8","C_+0,N_+0,N_+1"
172,6JQ3_B.pdb,H2-Kb,SIIVFNLL,8,"1,2,8","2,8","C_+0,N_+0,N_+1"
1184,1G6R.pdb,H2-Kb,SIYRYYGL,8,"1,2,8","2,8","C_+0,N_+0,N_+1"
382,2OL3.pdb,H2-Kb,SQYYYNSL,8,"1,2,8","2,8","C_+0,N_+0,N_+1"
383,2CLV.pdb,H2-Kb,SQYYYNSL,8,"1,2,8","2,8","C_+0,N_+0,N_+1"
1002,1G7P.pdb,H2-Kb,SRDHSRTPM,9,"1,2,9","2,9","C_+0,N_+0,N_+1"
1003,1VAD.pdb,H2-Kb,SRDHSRTPM,9,"1,2,9","2,9","C_+0,N_+0,N_+1"
6,1RK0.pdb,H2-Kb,SSIEFARL,8,"1,2,8","2,8","C_+0,N_+0,N_+1"
7,1T0M.pdb,H2-Kb,SSIEFARL,8,"1,2,8","2,8","C_+0,N_+0,N_+1"
8,1T0N.pdb,H2-Kb,SSIEFARL,8,"1,2,8","2,8","C_+0,N_+0,N_+1"
9,1RJY.pdb,H2-Kb,SSIEFARL,8,"1,2,8","2,8","C_+0,N_+0,N_+1"
962,5GSX.pdb,H2-Kd,FYAPEPITSL,10,"1,10,2","2,10","C_+0,N_+0,N_+1"
1012,5GSR.pdb,H2-Kd,YYSIAPHSI,9,"1,2,9","2,9","C_+0,N_+0,N_+1"
3,3BO8_A.pdb,HLA-A*01:01,EADPTGHSY,9,"1,2,9","2,9","C_+0,N_+0,N_+1"
4,3BO8_B.pdb,HLA-A*01:01,EADPTGHSY,9,"1,2,9","2,9","C_+0,N_+0,N_+1"
5,1W72.pdb,HLA-A*01:01,EADPTGHSY,9,"1,2,9","2,9","C_+0,N_+0,N_+1"
1152,4JFO.pdb,HLA-A*02:01,ALAGIGILTV,10,"1,10,2","2,10","C_+0,N_+0,N_+1"
678,1JHT.pdb,HLA-A*02:01,ALGIGILTV,9,"1,2,9","2,9","C_+0,N_+0,N_+1"
679,2GTZ_A.pdb,HLA-A*02:01,ALGIGILTV,9,"1,2,9","2,9","C_+0,N_+0,N_+1"
680,2GTZ_B.pdb,HLA-A*02:01,ALGIGILTV,9,"1,2,9","2,9","C_+0,N_+0,N_+1"
681,4EUP.pdb,HLA-A*02:01,ALGIGILTV,9,"1,2,9","2,9","C_+0,N_+0,N_+1"
485,1I7U.pdb,HLA-A*02:01,ALWGFVPVL,9,"1,2,9","2,9","C_+0,N_+0,N_+1"
234,3UTS.pdb,HLA-A*02:01,ALWGPDPAAA,10,"1,10,2","2,10","C_+0,N_+0,N_+1"
235,3UTT_A.pdb,HLA-A*02:01,ALWGPDPAAA,10,"1,10,2","2,10","C_+0,N_+0,N_+1"
236,3UTQ.pdb,HLA-A*02:01,ALWGPDPAAA,10,"1,10,2","2,10","C_+0,N_+0,N_+1"
237,3UTT_B.pdb,HLA-A*02:01,ALWGPDPAAA,10,"1,10,2","2,10","C_+0,N_+0,N_+1"
2,1I7T.pdb,HLA-A*02:01,ALWGVFPVL,9,"1,2,9","2,9","C_+0,N_+0,N_+1"
1180,1T1Z.pdb,HLA-A*02:01,ALYNTAAAL,9,"1,2,9","2,9","C_+0,N_+0,N_+1"
1131,2X4S.pdb,HLA-A*02:01,AMDSNTLEL,9,"1,2,9","2,9","C_+0,N_+0,N_+1"
672,5C0D_A.pdb,HLA-A*02:01,AQWGPDPAAA,10,"1,10,2","2,10","C_+0,N_+0,N_+1"
673,5HYJ.pdb,HLA-A*02:01,AQWGPDPAAA,10,"1,10,2","2,10","C_+0,N_+0,N_+1"
674,5C0D_B.pdb,HLA-A*02:01,AQWGPDPAAA,10,"1,10,2","2,10","C_+0,N_+0,N_+1"
286,6TRN_A.pdb,HLA-A*02:01,AVYDGREHTV,10,"1,10,2","2,10","C_+0,N_+0,N_+1"
287,6TRN_B.pdb,HLA-A*02:01,AVYDGREHTV,10,"1,10,2","2,10","C_+0,N_+0,N_+1"
789,3MRL_A.pdb,HLA-A*02:01,CINGVVWTV,9,"1,2,9","2,9","C_+0,N_+0,N_+1"
790,3MRL_B.pdb,HLA-A*02:01,CINGVVWTV,9,"1,2,9","2,9","C_+0,N_+0,N_+1"
651,3MRI_B.pdb,HLA-A*02:01,CINMWCWTV,9,"1,2,9","2,9","C_+0,N_+0,N_+1"
652,3MRI_A.pdb,HLA-A*02:01,CINMWCWTV,9,"1,2,9","2,9","C_+0,N_+0,N_+1"
892,3MRH_A.pdb,HLA-A*02:01,CISGVCWTV,9,"1,2,9","2,9","C_+0,N_+0,N_+1"
893,3MRH_B.pdb,HLA-A*02:01,CISGVCWTV,9,"1,2,9","2,9","C_+0,N_+0,N_+1"
729,3REW_B.pdb,HLA-A*02:01,CLGGLLTMV,9,"1,2,9","2,9","C_+0,N_+0,N_+1"
730,3REW_A.pdb,HLA-A*02:01,CLGGLLTMV,9,"1,2,9","2,9","C_+0,N_+0,N_+1"
994,5HHO.pdb,HLA-A*02:01,GILEFVFTL,9,"1,2,9","2,9","C_+0,N_+0,N_+1"
995,5HHP_B.pdb,HLA-A*02:01,GILEFVFTL,9,"1,2,9","2,9","C_+0,N_+0,N_+1"
996,5HHP_A.pdb,HLA-A*02:01,GILEFVFTL,9,"1,2,9","2,9","C_+0,N_+0,N_+1"
130,2VLJ.pdb,HLA-A*02:01,GILGFVFTL,9,"1,2,9","2,9","C_+0,N_+0,N_+1"
131,2VLR.pdb,HLA-A*02:01,GILGFVFTL,9,"1,2,9","2,9","C_+0,N_+0,N_+1"
132,5TEZ.pdb,HLA-A*02:01,GILGFVFTL,9,"1,2,9","2,9","C_+0,N_+0,N_+1"
133,2VLK.pdb,HLA-A*02:01,GILGFVFTL,9,"1,2,9","2,9","C_+0,N_+0,N_+1"
134,5JHD_B.pdb,HLA-A*02:01,GILGFVFTL,9,"1,2,9","2,9","C_+0,N_+0,N_+1"
135,5EUO.pdb,HLA-A*02:01,GILGFVFTL,9,"1,2,9","2,9","C_+0,N_+0,N_+1"
136,1HHI.pdb,HLA-A*02:01,GILGFVFTL,9,"1,2,9","2,9","C_+0,N_+0,N_+1"
137,2VLL.pdb,HLA-A*02:01,GILGFVFTL,9,"1,2,9","2,9","C_+0,N_+0,N_+1"
138,5JHD_A.pdb,HLA-A*02:01,GILGFVFTL,9,"1,2,9","2,9","C_+0,N_+0,N_+1"
139,1OGA.pdb,HLA-A*02:01,GILGFVFTL,9,"1,2,9","2,9","C_+0,N_+0,N_+1"
140,5ISZ.pdb,HLA-A*02:01,GILGFVFTL,9,"1,2,9","2,9","C_+0,N_+0,N_+1"
601,5HHN_B.pdb,HLA-A*02:01,GILGLVFTL,9,"1,2,9","2,9","C_+0,N_+0,N_+1"
602,5HHM.pdb,HLA-A*02:01,GILGLVFTL,9,"1,2,9","2,9","C_+0,N_+0,N_+1"
603,5HHN_A.pdb,HLA-A*02:01,GILGLVFTL,9,"1,2,9","2,9","C_+0,N_+0,N_+1"
387,5HHQ_B.pdb,HLA-A*02:01,GIWGFVFTL,9,"1,2,9","2,9","C_+0,N_+0,N_+1"
388,5HHQ_A.pdb,HLA-A*02:01,GIWGFVFTL,9,"1,2,9","2,9","C_+0,N_+0,N_+1"
1093,3MRF_A.pdb,HLA-A*02:01,GLCPLVAML,9,"1,2,9","2,9","C_+0,N_+0,N_+1"
1094,3MRF_B.pdb,HLA-A*02:01,GLCPLVAML,9,"1,2,9","2,9","C_+0,N_+0,N_+1"
1037,3MRE_B.pdb,HLA-A*02:01,GLCTLVAML,9,"1,2,9","2,9","C_+0,N_+0,N_+1"
1038,3MRE_A.pdb,HLA-A*02:01,GLCTLVAML,9,"1,2,9","2,9","C_+0,N_+0,N_+1"
1039,3O4L.pdb,HLA-A*02:01,GLCTLVAML,9,"1,2,9","2,9","C_+0,N_+0,N_+1"
876,3FQU_B.pdb,HLA-A*02:01,GLLGSPVRA,9,"1,2,9","2,9","C_+0,N_+0,N_+1"
877,3FQT_A.pdb,HLA-A*02:01,GLLGSPVRA,9,"1,2,9","2,9","C_+0,N_+0,N_+1"
878,3FQU_A.pdb,HLA-A*02:01,GLLGSPVRA,9,"1,2,9","2,9","C_+0,N_+0,N_+1"
879,3FQT_B.pdb,HLA-A*02:01,GLLGSPVRA,9,"1,2,9","2,9","C_+0,N_+0,N_+1"
1108,3I6G.pdb,HLA-A*02:01,GLMWLSYFV,9,"1,2,9","2,9","C_+0,N_+0,N_+1"
831,5E00.pdb,HLA-A*02:01,GVWIRTPPA,9,"1,2,9","2,9","C_+0,N_+0,N_+1"
714,5WSH.pdb,HLA-A*02:01,GVWIRTPTA,9,"1,2,9","2,9","C_+0,N_+0,N_+1"
1111,1I4F_A.pdb,HLA-A*02:01,GVYDGREHTV,10,"1,10,2","2,10","C_+0,N_+0,N_+1"
1112,1I4F_B.pdb,HLA-A*02:01,GVYDGREHTV,10,"1,10,2","2,10","C_+0,N_+0,N_+1"
1113,6TRO.pdb,HLA-A*02:01,GVYDGREHTV,10,"1,10,2","2,10","C_+0,N_+0,N_+1"
490,5MER_B.pdb,HLA-A*02:01,ILAKFLHEL,9,"1,2,9","2,9","C_+0,N_+0,N_+1"
491,5MER_A.pdb,HLA-A*02:01,ILAKFLHEL,9,"1,2,9","2,9","C_+0,N_+0,N_+1"
1142,3MRK_B.pdb,HLA-A*02:01,PLFQVPEPV,9,"1,2,9","2,9","C_+0,N_+0,N_+1"
1143,3MRK_A.pdb,HLA-A*02:01,PLFQVPEPV,9,"1,2,9","2,9","C_+0,N_+0,N_+1"
333,5NMK_A.pdb,HLA-A*02:01,SLFNTIAVL,9,"1,2,9","2,9","C_+0,N_+0,N_+1"
334,1T1W.pdb,HLA-A*02:01,SLFNTIAVL,9,"1,2,9","2,9","C_+0,N_+0,N_+1"
335,2C7U.pdb,HLA-A*02:01,SLFNTIAVL,9,"1,2,9","2,9","C_+0,N_+0,N_+1"
336,5NMK_B.pdb,HLA-A*02:01,SLFNTIAVL,9,"1,2,9","2,9","C_+0,N_+0,N_+1"
337,5NMG.pdb,HLA-A*02:01,SLFNTIAVL,9,"1,2,9","2,9","C_+0,N_+0,N_+1"
1160,2V2X.pdb,HLA-A*02:01,SLFNTVATL,9,"1,2,9","2,9","C_+0,N_+0,N_+1"
161,2F54.pdb,HLA-A*02:01,SLLMWITQC,9,"1,2,9","2,9","C_+0,N_+0,N_+1"
162,2PYE.pdb,HLA-A*02:01,SLLMWITQC,9,"1,2,9","2,9","C_+0,N_+0,N_+1"
163,2F53_A.pdb,HLA-A*02:01,SLLMWITQC,9,"1,2,9","2,9","C_+0,N_+0,N_+1"
164,2F53_B.pdb,HLA-A*02:01,SLLMWITQC,9,"1,2,9","2,9","C_+0,N_+0,N_+1"
165,2P5E_B.pdb,HLA-A*02:01,SLLMWITQC,9,"1,2,9","2,9","C_+0,N_+0,N_+1"
166,1S9W.pdb,HLA-A*02:01,SLLMWITQC,9,"1,2,9","2,9","C_+0,N_+0,N_+1"
167,2P5E_A.pdb,HLA-A*02:01,SLLMWITQC,9,"1,2,9","2,9","C_+0,N_+0,N_+1"
168,2P5W_A.pdb,HLA-A*02:01,SLLMWITQC,9,"1,2,9","2,9","C_+0,N_+0,N_+1"
169,2BNR.pdb,HLA-A*02:01,SLLMWITQC,9,"1,2,9","2,9","C_+0,N_+0,N_+1"
170,2P5W_B.pdb,HLA-A*02:01,SLLMWITQC,9,"1,2,9","2,9","C_+0,N_+0,N_+1"
1020,6R2L_A.pdb,HLA-A*02:01,SLSKILDTV,9,"1,2,9","2,9","C_+0,N_+0,N_+1"
1021,6R2L_B.pdb,HLA-A*02:01,SLSKILDTV,9,"1,2,9","2,9","C_+0,N_+0,N_+1"
905,1T1X.pdb,HLA-A*02:01,SLYLTVATL,9,"1,2,9","2,9","C_+0,N_+0,N_+1"
1006,5NMF.pdb,HLA-A*02:01,SLYNTIATL,9,"1,2,9","2,9","C_+0,N_+0,N_+1"
1007,5NMH_B.pdb,HLA-A*02:01,SLYNTIATL,9,"1,2,9","2,9","C_+0,N_+0,N_+1"
1008,1T20.pdb,HLA-A*02:01,SLYNTIATL,9,"1,2,9","2,9","C_+0,N_+0,N_+1"
1009,5NMH_A.pdb,HLA-A*02:01,SLYNTIATL,9,"1,2,9","2,9","C_+0,N_+0,N_+1"
304,5NME_B.pdb,HLA-A*02:01,SLYNTVATL,9,"1,2,9","2,9","C_+0,N_+0,N_+1"
305,2V2W.pdb,HLA-A*02:01,SLYNTVATL,9,"1,2,9","2,9","C_+0,N_+0,N_+1"
306,5NME_A.pdb,HLA-A*02:01,SLYNTVATL,9,"1,2,9","2,9","C_+0,N_+0,N_+1"
307,1T22.pdb,HLA-A*02:01,SLYNTVATL,9,"1,2,9","2,9","C_+0,N_+0,N_+1"
308,1T21.pdb,HLA-A*02:01,SLYNTVATL,9,"1,2,9","2,9","C_+0,N_+0,N_+1"
59,1T1Y.pdb,HLA-A*02:01,SLYNVVATL,9,"1,2,9","2,9","C_+0,N_+0,N_+1"
433,3I6K.pdb,HLA-A*02:01,TLACFVLAAV,10,"1,10,2","2,10","C_+0,N_+0,N_+1"
632,1HHG.pdb,HLA-A*02:01,TLTSCNTSV,9,"1,2,9","2,9","C_+0,N_+0,N_+1"
1098,4K7F_B.pdb,HLA-A*02:01,VCWGELMNL,9,"1,2,9","2,9","C_+0,N_+0,N_+1"
1099,4K7F_A.pdb,HLA-A*02:01,VCWGELMNL,9,"1,2,9","2,9","C_+0,N_+0,N_+1"
205,3FT3_B.pdb,HLA-A*02:01,VLHDDLLEA,9,"1,2,9","2,9","C_+0,N_+0,N_+1"
206,3D25_A.pdb,HLA-A*02:01,VLHDDLLEA,9,"1,2,9","2,9","C_+0,N_+0,N_+1"
207,3FT3_A.pdb,HLA-A*02:01,VLHDDLLEA,9,"1,2,9","2,9","C_+0,N_+0,N_+1"
208,3D25_B.pdb,HLA-A*02:01,VLHDDLLEA,9,"1,2,9","2,9","C_+0,N_+0,N_+1"
653,3FT4_B.pdb,HLA-A*02:01,VLRDDLLEA,9,"1,2,9","2,9","C_+0,N_+0,N_+1"
654,3FT4_A.pdb,HLA-A*02:01,VLRDDLLEA,9,"1,2,9","2,9","C_+0,N_+0,N_+1"
787,3RL1.pdb,HLA-A*03:01,AIFQSSMTK,9,"1,2,9","2,9","C_+0,N_+0,N_+1"
519,1Q94.pdb,HLA-A*11:01,AIFQSSMTK,9,"1,2,9","2,9","C_+0,N_+0,N_+1"
520,6ID4_B.pdb,HLA-A*11:01,AIFQSSMTK,9,"1,2,9","2,9","C_+0,N_+0,N_+1"
521,6ID4_A.pdb,HLA-A*11:01,AIFQSSMTK,9,"1,2,9","2,9","C_+0,N_+0,N_+1"
261,6JOZ_B.pdb,HLA-A*11:01,ATIGTAMYK,9,"1,2,9","2,9","C_+0,N_+0,N_+1"
262,6JOZ_A.pdb,HLA-A*11:01,ATIGTAMYK,9,"1,2,9","2,9","C_+0,N_+0,N_+1"
196,5WJN_B.pdb,HLA-A*11:01,GTSGSPIINR,10,"1,10,2","2,10","C_+0,N_+0,N_+1"
197,5WKH.pdb,HLA-A*11:01,GTSGSPIINR,10,"1,10,2","2,10","C_+0,N_+0,N_+1"
198,5WJN_A.pdb,HLA-A*11:01,GTSGSPIINR,10,"1,10,2","2,10","C_+0,N_+0,N_+1"
259,5WKF.pdb,HLA-A*11:01,GTSGSPIVNR,10,"1,10,2","2,10","C_+0,N_+0,N_+1"
260,5WJL.pdb,HLA-A*11:01,GTSGSPIVNR,10,"1,10,2","2,10","C_+0,N_+0,N_+1"
705,1X7Q_B.pdb,HLA-A*11:01,KTFPPTEPK,9,"1,2,9","2,9","C_+0,N_+0,N_+1"
706,1X7Q_A.pdb,HLA-A*11:01,KTFPPTEPK,9,"1,2,9","2,9","C_+0,N_+0,N_+1"
1125,4N8V.pdb,HLA-A*11:01,MLIYSMWGK,9,"1,2,9","2,9","C_+0,N_+0,N_+1"
179,5GRD_A.pdb,HLA-A*11:01,SSCSSCPLSK,10,"1,10,2","2,10","C_+0,N_+0,N_+1"
180,5GRD_B.pdb,HLA-A*11:01,SSCSSCPLSK,10,"1,10,2","2,10","C_+0,N_+0,N_+1"
1145,4MJ5.pdb,HLA-A*11:01,TIAMELIRMIK,11,"1,11,2","2,11","C_+0,N_+0,N_+1"
1026,3WLB.pdb,HLA-A*24:02,NYTPGPGTRF,10,"1,10,2","2,10","C_+0,N_+0,N_+1"
1059,6J1W.pdb,HLA-A*30:01,AIFQSSMTK,9,"1,2,9","2,9","C_+0,N_+0,N_+1"
377,6J1V.pdb,HLA-A*30:03,AIFQSSMTK,9,"1,2,9","2,9","C_+0,N_+0,N_+1"
826,6J2A_A.pdb,HLA-A*30:03,CTELKLSDY,9,"1,2,9","2,9","C_+0,N_+0,N_+1"
827,6J2A_B.pdb,HLA-A*30:03,CTELKLSDY,9,"1,2,9","2,9","C_+0,N_+0,N_+1"
845,4HX1_B.pdb,HLA-A*68:02,SVYDFFVWL,9,"1,2,9","2,9","C_+0,N_+0,N_+1"
846,4HX1_A.pdb,HLA-A*68:02,SVYDFFVWL,9,"1,2,9","2,9","C_+0,N_+0,N_+1"
894,4I48.pdb,HLA-A*68:02,TLTSCNTSV,9,"1,2,9","2,9","C_+0,N_+0,N_+1"
486,6AVF.pdb,HLA-B*07:02,APRGPHGGAASGL,13,"1,13,2","2,13","C_+0,N_+0,N_+1"
487,6AT5_B.pdb,HLA-B*07:02,APRGPHGGAASGL,13,"1,13,2","2,13","C_+0,N_+0,N_+1"
488,6AVG.pdb,HLA-B*07:02,APRGPHGGAASGL,13,"1,13,2","2,13","C_+0,N_+0,N_+1"
489,6AT5_A.pdb,HLA-B*07:02,APRGPHGGAASGL,13,"1,13,2","2,13","C_+0,N_+0,N_+1"
712,5WMN_B.pdb,HLA-B*07:02,SPIVPSFDM,9,"1,2,9","2,9","C_+0,N_+0,N_+1"
713,5WMN_A.pdb,HLA-B*07:02,SPIVPSFDM,9,"1,2,9","2,9","C_+0,N_+0,N_+1"
16,4U1H_B.pdb,HLA-B*07:02,TPQDLNTML,9,"1,2,9","2,9","C_+0,N_+0,N_+1"
17,4U1H_A.pdb,HLA-B*07:02,TPQDLNTML,9,"1,2,9","2,9","C_+0,N_+0,N_+1"
116,5WMP_A.pdb,HLA-B*07:02,TPRVTGGGAM,10,"1,10,2","2,10","C_+0,N_+0,N_+1"
117,5WMP_B.pdb,HLA-B*07:02,TPRVTGGGAM,10,"1,10,2","2,10","C_+0,N_+0,N_+1"
311,4QRS_A.pdb,HLA-B*08:01,ELKRKMIYM,9,"1,2,9","2,9","C_+0,N_+0,N_+1"
312,4QRS_B.pdb,HLA-B*08:01,ELKRKMIYM,9,"1,2,9","2,9","C_+0,N_+0,N_+1"
742,4QRT_B.pdb,HLA-B*08:01,ELNRKMIYM,9,"1,2,9","2,9","C_+0,N_+0,N_+1"
743,4QRT_A.pdb,HLA-B*08:01,ELNRKMIYM,9,"1,2,9","2,9","C_+0,N_+0,N_+1"
1109,4QRU_A.pdb,HLA-B*08:01,ELRRKMMYM,9,"1,2,9","2,9","C_+0,N_+0,N_+1"
1110,4QRU_B.pdb,HLA-B*08:01,ELRRKMMYM,9,"1,2,9","2,9","C_+0,N_+0,N_+1"
1081,1AGF.pdb,HLA-B*08:01,GGKKRYKL,8,"1,2,8","2,8","C_+0,N_+0,N_+1"
832,1AGB.pdb,HLA-B*08:01,GGRKKYKL,8,"1,2,8","2,8","C_+0,N_+0,N_+1"
362,4QRP.pdb,HLA-B*08:01,HSKKKCDEL,9,"1,2,9","2,9","C_+0,N_+0,N_+1"
363,4QRQ_B.pdb,HLA-B*08:01,HSKKKCDEL,9,"1,2,9","2,9","C_+0,N_+0,N_+1"
364,4QRQ_A.pdb,HLA-B*08:01,HSKKKCDEL,9,"1,2,9","2,9","C_+0,N_+0,N_+1"
686,5WMR_A.pdb,HLA-B*08:01,QIKVRVDMV,9,"1,2,9","2,9","C_+0,N_+0,N_+1"
687,5WMR_B.pdb,HLA-B*08:01,QIKVRVDMV,9,"1,2,9","2,9","C_+0,N_+0,N_+1"
462,5TXS_A.pdb,HLA-B*15:01,AQDIYRASY,9,"1,2,9","2,9","C_+0,N_+0,N_+1"
463,5TXS_B.pdb,HLA-B*15:01,AQDIYRASY,9,"1,2,9","2,9","C_+0,N_+0,N_+1"
126,1XR9_B.pdb,HLA-B*15:01,ILGPPGSVY,9,"1,2,9","2,9","C_+0,N_+0,N_+1"
127,1XR9_A.pdb,HLA-B*15:01,ILGPPGSVY,9,"1,2,9","2,9","C_+0,N_+0,N_+1"
548,3C9N_B.pdb,HLA-B*15:01,VQQESSFVM,9,"1,2,9","2,9","C_+0,N_+0,N_+1"
549,3C9N_A.pdb,HLA-B*15:01,VQQESSFVM,9,"1,2,9","2,9","C_+0,N_+0,N_+1"
42,6PZ5_A.pdb,HLA-B*27:03,LRNQSVFNF,9,"1,2,9","2,9","C_+0,N_+0,N_+1"
43,6PYV_A.pdb,HLA-B*27:03,LRNQSVFNF,9,"1,2,9","2,9","C_+0,N_+0,N_+1"
44,6PZ5_B.pdb,HLA-B*27:03,LRNQSVFNF,9,"1,2,9","2,9","C_+0,N_+0,N_+1"
45,6PYV_B.pdb,HLA-B*27:03,LRNQSVFNF,9,"1,2,9","2,9","C_+0,N_+0,N_+1"
1130,1HSA.pdb,HLA-B*27:05,ARAAAAAAA,9,"1,2,9","2,9","C_+0,N_+0,N_+1"
655,1JGE_A.pdb,HLA-B*27:05,GRFAAAIAK,9,"1,2,9","2,9","C_+0,N_+0,N_+1"
656,1JGE_B.pdb,HLA-B*27:05,GRFAAAIAK,9,"1,2,9","2,9","C_+0,N_+0,N_+1"
226,6Y26_B.pdb,HLA-B*27:05,GRLNAPIKV,9,"1,2,9","2,9","C_+0,N_+0,N_+1"
227,6Y26_A.pdb,HLA-B*27:05,GRLNAPIKV,9,"1,2,9","2,9","C_+0,N_+0,N_+1"
702,6Y28_A.pdb,HLA-B*27:05,GRLNEPIKV,9,"1,2,9","2,9","C_+0,N_+0,N_+1"
703,6Y28_B.pdb,HLA-B*27:05,GRLNEPIKV,9,"1,2,9","2,9","C_+0,N_+0,N_+1"
824,6Y2A_B.pdb,HLA-B*27:05,GRLNQPIKV,9,"1,2,9","2,9","C_+0,N_+0,N_+1"
825,6Y2A_A.pdb,HLA-B*27:05,GRLNQPIKV,9,"1,2,9","2,9","C_+0,N_+0,N_+1"
903,3BP4_B.pdb,HLA-B*27:05,IRAAPPPLF,9,"1,2,9","2,9","C_+0,N_+0,N_+1"
904,3BP4_A.pdb,HLA-B*27:05,IRAAPPPLF,9,"1,2,9","2,9","C_+0,N_+0,N_+1"
781,6PYJ_A.pdb,HLA-B*27:05,LRNQSVFNF,9,"1,2,9","2,9","C_+0,N_+0,N_+1"
782,6PYW_A.pdb,HLA-B*27:05,LRNQSVFNF,9,"1,2,9","2,9","C_+0,N_+0,N_+1"
783,6PYW_B.pdb,HLA-B*27:05,LRNQSVFNF,9,"1,2,9","2,9","C_+0,N_+0,N_+1"
784,6PYJ_B.pdb,HLA-B*27:05,LRNQSVFNF,9,"1,2,9","2,9","C_+0,N_+0,N_+1"
315,3LV3_B.pdb,HLA-B*27:05,SRRWRRWNR,9,"1,2,9","2,9","C_+0,N_+0,N_+1"
316,3LV3_A.pdb,HLA-B*27:05,SRRWRRWNR,9,"1,2,9","2,9","C_+0,N_+0,N_+1"
683,2BST.pdb,HLA-B*27:05,SRYWAIRTR,9,"1,2,9","2,9","C_+0,N_+0,N_+1"
833,1K5N_B.pdb,HLA-B*27:09,GRFAAAIAK,9,"1,2,9","2,9","C_+0,N_+0,N_+1"
834,1K5N_A.pdb,HLA-B*27:09,GRFAAAIAK,9,"1,2,9","2,9","C_+0,N_+0,N_+1"
218,6Y29_A.pdb,HLA-B*27:09,GRLNEPIKV,9,"1,2,9","2,9","C_+0,N_+0,N_+1"
219,6Y29_B.pdb,HLA-B*27:09,GRLNEPIKV,9,"1,2,9","2,9","C_+0,N_+0,N_+1"
263,6Y2B_B.pdb,HLA-B*27:09,GRLNQPIKV,9,"1,2,9","2,9","C_+0,N_+0,N_+1"
264,6Y2B_A.pdb,HLA-B*27:09,GRLNQPIKV,9,"1,2,9","2,9","C_+0,N_+0,N_+1"
504,3BP7_B.pdb,HLA-B*27:09,IRAAPPPLF,9,"1,2,9","2,9","C_+0,N_+0,N_+1"
505,3BP7_A.pdb,HLA-B*27:09,IRAAPPPLF,9,"1,2,9","2,9","C_+0,N_+0,N_+1"
1018,2AXG.pdb,HLA-B*35:01,APQPAPENAY,10,"1,10,2","2,10","C_+0,N_+0,N_+1"
89,4PRN_B.pdb,HLA-B*35:01,HPVAEADYFEY,11,"1,11,2","2,11","C_+0,N_+0,N_+1"
90,4PRN_A.pdb,HLA-B*35:01,HPVAEADYFEY,11,"1,11,2","2,11","C_+0,N_+0,N_+1"
52,3MV9.pdb,HLA-B*35:01,HPVGEADYFEY,11,"1,11,2","2,11","C_+0,N_+0,N_+1"
53,3MV8_A.pdb,HLA-B*35:01,HPVGEADYFEY,11,"1,11,2","2,11","C_+0,N_+0,N_+1"
54,3MV7_A.pdb,HLA-B*35:01,HPVGEADYFEY,11,"1,11,2","2,11","C_+0,N_+0,N_+1"
55,3MV7_B.pdb,HLA-B*35:01,HPVGEADYFEY,11,"1,11,2","2,11","C_+0,N_+0,N_+1"
56,3MV8_B.pdb,HLA-B*35:01,HPVGEADYFEY,11,"1,11,2","2,11","C_+0,N_+0,N_+1"
1147,4QRR.pdb,HLA-B*35:01,IPSINVHHY,9,"1,2,9","2,9","C_+0,N_+0,N_+1"
534,3VFO_B.pdb,HLA-B*35:01,LPEPLPQGQLTAY,13,"1,13,2","2,13","C_+0,N_+0,N_+1"
535,1ZHK.pdb,HLA-B*35:01,LPEPLPQGQLTAY,13,"1,13,2","2,13","C_+0,N_+0,N_+1"
536,3VFO_A.pdb,HLA-B*35:01,LPEPLPQGQLTAY,13,"1,13,2","2,13","C_+0,N_+0,N_+1"
253,3LKS_A.pdb,HLA-B*35:01,LPFEKSTVM,9,"1,2,9","2,9","C_+0,N_+0,N_+1"
254,3LKS_B.pdb,HLA-B*35:01,LPFEKSTVM,9,"1,2,9","2,9","C_+0,N_+0,N_+1"
858,3LKN_B.pdb,HLA-B*35:01,LPFERATIM,9,"1,2,9","2,9","C_+0,N_+0,N_+1"
859,3LKN_A.pdb,HLA-B*35:01,LPFERATIM,9,"1,2,9","2,9","C_+0,N_+0,N_+1"
640,1A9E.pdb,HLA-B*35:01,LPPLDITPY,9,"1,2,9","2,9","C_+0,N_+0,N_+1"
641,1CG9_A.pdb,HLA-B*35:01,LPPLDITPY,9,"1,2,9","2,9","C_+0,N_+0,N_+1"
642,1CG9_B.pdb,HLA-B*35:01,LPPLDITPY,9,"1,2,9","2,9","C_+0,N_+0,N_+1"
643,1A9B.pdb,HLA-B*35:01,LPPLDITPY,9,"1,2,9","2,9","C_+0,N_+0,N_+1"
359,2AXF_A.pdb,HLA-B*35:08,APQPAPENAY,10,"1,10,2","2,10","C_+0,N_+0,N_+1"
360,2AXF_B.pdb,HLA-B*35:08,APQPAPENAY,10,"1,10,2","2,10","C_+0,N_+0,N_+1"
1077,3BW9_A.pdb,HLA-B*35:08,CPSQEPMSIYVY,12,"1,12,2","2,12","C_+0,N_+0,N_+1"
1078,3BW9_B.pdb,HLA-B*35:08,CPSQEPMSIYVY,12,"1,12,2","2,12","C_+0,N_+0,N_+1"
848,2NW3_A.pdb,HLA-B*35:08,EPLPQGQLTAY,11,"1,11,2","2,11","C_+0,N_+0,N_+1"
849,2NW3_B.pdb,HLA-B*35:08,EPLPQGQLTAY,11,"1,11,2","2,11","C_+0,N_+0,N_+1"
1065,3VFR_A.pdb,HLA-B*35:08,LPEALPQGQLTAY,13,"1,13,2","2,13","C_+0,N_+0,N_+1"
1066,3VFR_B.pdb,HLA-B*35:08,LPEALPQGQLTAY,13,"1,13,2","2,13","C_+0,N_+0,N_+1"
291,3VFS_A.pdb,HLA-B*35:08,LPEPAPQGQLTAY,13,"1,13,2","2,13","C_+0,N_+0,N_+1"
292,3VFS_B.pdb,HLA-B*35:08,LPEPAPQGQLTAY,13,"1,13,2","2,13","C_+0,N_+0,N_+1"
692,3VFT_A.pdb,HLA-B*35:08,LPEPLAQGQLTAY,13,"1,13,2","2,13","C_+0,N_+0,N_+1"
693,3VFT_B.pdb,HLA-B*35:08,LPEPLAQGQLTAY,13,"1,13,2","2,13","C_+0,N_+0,N_+1"
595,3VFU_A.pdb,HLA-B*35:08,LPEPLPAGQLTAY,13,"1,13,2","2,13","C_+0,N_+0,N_+1"
596,3VFU_B.pdb,HLA-B*35:08,LPEPLPAGQLTAY,13,"1,13,2","2,13","C_+0,N_+0,N_+1"
710,3VFV_A.pdb,HLA-B*35:08,LPEPLPQGALTAY,13,"1,13,2","2,13","C_+0,N_+0,N_+1"
711,3VFV_B.pdb,HLA-B*35:08,LPEPLPQGALTAY,13,"1,13,2","2,13","C_+0,N_+0,N_+1"
1051,3VFW_B.pdb,HLA-B*35:08,LPEPLPQGQATAY,13,"1,13,2","2,13","C_+0,N_+0,N_+1"
1052,3VFW_A.pdb,HLA-B*35:08,LPEPLPQGQATAY,13,"1,13,2","2,13","C_+0,N_+0,N_+1"
96,3VFM_B.pdb,HLA-B*35:08,LPEPLPQGQLTAY,13,"1,13,2","2,13","C_+0,N_+0,N_+1"
97,2AK4.pdb,HLA-B*35:08,LPEPLPQGQLTAY,13,"1,13,2","2,13","C_+0,N_+0,N_+1"
98,3VFN_B.pdb,HLA-B*35:08,LPEPLPQGQLTAY,13,"1,13,2","2,13","C_+0,N_+0,N_+1"
99,3KXF.pdb,HLA-B*35:08,LPEPLPQGQLTAY,13,"1,13,2","2,13","C_+0,N_+0,N_+1"
100,3VFP_A.pdb,HLA-B*35:08,LPEPLPQGQLTAY,13,"1,13,2","2,13","C_+0,N_+0,N_+1"
101,3VFP_B.pdb,HLA-B*35:08,LPEPLPQGQLTAY,13,"1,13,2","2,13","C_+0,N_+0,N_+1"
102,3VFM_A.pdb,HLA-B*35:08,LPEPLPQGQLTAY,13,"1,13,2","2,13","C_+0,N_+0,N_+1"
103,3VFN_A.pdb,HLA-B*35:08,LPEPLPQGQLTAY,13,"1,13,2","2,13","C_+0,N_+0,N_+1"
104,1ZHL.pdb,HLA-B*35:08,LPEPLPQGQLTAY,13,"1,13,2","2,13","C_+0,N_+0,N_+1"
105,4JRX.pdb,HLA-B*35:08,LPEPLPQGQLTAY,13,"1,13,2","2,13","C_+0,N_+0,N_+1"
106,4JRY.pdb,HLA-B*35:08,LPEPLPQGQLTAY,13,"1,13,2","2,13","C_+0,N_+0,N_+1"
616,4O2E.pdb,HLA-B*39:01,SHVAVENAL,9,"1,2,9","2,9","C_+0,N_+0,N_+1"
1050,6IEX.pdb,HLA-B*40:01,GETALALLLL,10,"1,10,2","2,10","C_+0,N_+0,N_+1"
850,3LN5_A.pdb,HLA-B*41:04,HEEAVSVDRVL,11,"1,11,2","2,11","C_+0,N_+0,N_+1"
851,3LN5_B.pdb,HLA-B*41:04,HEEAVSVDRVL,11,"1,11,2","2,11","C_+0,N_+0,N_+1"
413,4U1J_A.pdb,HLA-B*42:01,TPQDLNTML,9,"1,2,9","2,9","C_+0,N_+0,N_+1"
414,4U1J_B.pdb,HLA-B*42:01,TPQDLNTML,9,"1,2,9","2,9","C_+0,N_+0,N_+1"
192,3L3J_A.pdb,HLA-B*44:02,EEAGAAFSF,9,"1,2,9","2,9","C_+0,N_+0,N_+1"
193,3L3J_B.pdb,HLA-B*44:02,EEAGAAFSF,9,"1,2,9","2,9","C_+0,N_+0,N_+1"
644,3L3D_A.pdb,HLA-B*44:02,EEAGRAFSF,9,"1,2,9","2,9","C_+0,N_+0,N_+1"
645,3L3D_B.pdb,HLA-B*44:02,EEAGRAFSF,9,"1,2,9","2,9","C_+0,N_+0,N_+1"
700,3L3G_A.pdb,HLA-B*44:02,EEFGAAFSF,9,"1,2,9","2,9","C_+0,N_+0,N_+1"
701,3L3G_B.pdb,HLA-B*44:02,EEFGAAFSF,9,"1,2,9","2,9","C_+0,N_+0,N_+1"
1069,1M6O.pdb,HLA-B*44:02,EEFGRAFSF,9,"1,2,9","2,9","C_+0,N_+0,N_+1"
1120,3KPM_A.pdb,HLA-B*44:02,EEYLKAWTF,9,"1,2,9","2,9","C_+0,N_+0,N_+1"
1121,3KPM_B.pdb,HLA-B*44:02,EEYLKAWTF,9,"1,2,9","2,9","C_+0,N_+0,N_+1"
1010,3KPL_A.pdb,HLA-B*44:02,EEYLQAFTY,9,"1,2,9","2,9","C_+0,N_+0,N_+1"
1011,3KPL_B.pdb,HLA-B*44:02,EEYLQAFTY,9,"1,2,9","2,9","C_+0,N_+0,N_+1"
1186,1N2R.pdb,HLA-B*44:03,EEFGRAFSF,9,"1,2,9","2,9","C_+0,N_+0,N_+1"
57,3DX7_B.pdb,HLA-B*44:03,EENLLDFVRF,10,"1,10,2","2,10","C_+0,N_+0,N_+1"
58,3DX7_A.pdb,HLA-B*44:03,EENLLDFVRF,10,"1,10,2","2,10","C_+0,N_+0,N_+1"
1122,3KPO_B.pdb,HLA-B*44:03,EEYLKAWTF,9,"1,2,9","2,9","C_+0,N_+0,N_+1"
1123,3KPO_A.pdb,HLA-B*44:03,EEYLKAWTF,9,"1,2,9","2,9","C_+0,N_+0,N_+1"
1085,3KPN_B.pdb,HLA-B*44:03,EEYLQAFTY,9,"1,2,9","2,9","C_+0,N_+0,N_+1"
1086,3KPN_A.pdb,HLA-B*44:03,EEYLQAFTY,9,"1,2,9","2,9","C_+0,N_+0,N_+1"
118,1SYV.pdb,HLA-B*44:05,EEFGRAFSF,9,"1,2,9","2,9","C_+0,N_+0,N_+1"
1056,4LCY.pdb,HLA-B*46:01,FTMRLLSPV,9,"1,2,9","2,9","C_+0,N_+0,N_+1"
129,3W39.pdb,HLA-B*52:01,TAFTIPSI,8,"1,2,8","2,8","C_+0,N_+0,N_+1"
1166,1A1M.pdb,HLA-B*53:01,TPYDINQML,9,"1,2,9","2,9","C_+0,N_+0,N_+1"
392,6D2R_B.pdb,HLA-B*57:01,GSFDYSGVHLW,11,"1,11,2","2,11","C_+0,N_+0,N_+1"
393,6D2R_A.pdb,HLA-B*57:01,GSFDYSGVHLW,11,"1,11,2","2,11","C_+0,N_+0,N_+1"
20,4U1S_B.pdb,HLA-B*81:01,FPRPWLHGL,9,"1,2,9","2,9","C_+0,N_+0,N_+1"
21,4U1S_A.pdb,HLA-B*81:01,FPRPWLHGL,9,"1,2,9","2,9","C_+0,N_+0,N_+1"
921,4U1I_B.pdb,HLA-B*81:01,TPQDLNTML,9,"1,2,9","2,9","C_+0,N_+0,N_+1"
922,4U1I_A.pdb,HLA-B*81:01,TPQDLNTML,9,"1,2,9","2,9","C_+0,N_+0,N_+1"
503,1EFX.pdb,HLA-C*03:04,GAVDPLLAL,9,"1,2,9","2,9","C_+0,N_+0,N_+1"
1092,4NT6.pdb,HLA-C*08:01,GILGFVFTL,9,"1,2,9","2,9","C_+0,N_+0,N_+1"
883,6ULK.pdb,HLA-C*08:02,GADGVGKSAL,10,"1,10,2","2,10","C_+0,N_+0,N_+1"
884,6UON.pdb,HLA-C*08:02,GADGVGKSAL,10,"1,10,2","2,10","C_+0,N_+0,N_+1"
885,6JTN_A.pdb,HLA-C*08:02,GADGVGKSAL,10,"1,10,2","2,10","C_+0,N_+0,N_+1"
886,6JTN_B.pdb,HLA-C*08:02,GADGVGKSAL,10,"1,10,2","2,10","C_+0,N_+0,N_+1"
646,3BZF.pdb,HLA-E*01:01,VMAPRALLL,9,"1,2,9","2,9","C_+0,N_+0,N_+1"
864,3JTS.pdb,Mamu-A1*002:01:01:01,GSENLKSLY,9,"1,2,9","2,9","C_+0,N_+0,N_+1"
564,3RWE_A.pdb,Mamu-B*017:01:01:01,FQWMGYELW,9,"1,2,9","2,9","C_+0,N_+0,N_+1"
565,3RWE_B.pdb,Mamu-B*017:01:01:01,FQWMGYELW,9,"1,2,9","2,9","C_+0,N_+0,N_+1"
203,3RWC_B.pdb,Mamu-B*017:01:01:01,IRYPKTFGW,9,"1,2,9","2,9","C_+0,N_+0,N_+1"
204,3RWC_A.pdb,Mamu-B*017:01:01:01,IRYPKTFGW,9,"1,2,9","2,9","C_+0,N_+0,N_+1"
222,3RWD.pdb,Mamu-B*017:01:01:01,IRYPKTFGWLW,11,"1,11,2","2,11","C_+0,N_+0,N_+1"
852,3RWG_B.pdb,Mamu-B*017:01:01:01,MHPAQTSQW,9,"1,2,9","2,9","C_+0,N_+0,N_+1"
853,3RWG_A.pdb,Mamu-B*017:01:01:01,MHPAQTSQW,9,"1,2,9","2,9","C_+0,N_+0,N_+1"
1100,3RWF_A.pdb,Mamu-B*017:01:01:01,QTSQWDDPW,9,"1,2,9","2,9","C_+0,N_+0,N_+1"
1101,3RWF_B.pdb,Mamu-B*017:01:01:01,QTSQWDDPW,9,"1,2,9","2,9","C_+0,N_+0,N_+1"
1102,1KJM.pdb,Rano-A1*b,AQFSASASR,9,"1,2,9","2,9","C_+0,N_+0,N_+1"
1091,6KWN.pdb,SLA-1*13:01,NSDTVGWSW,9,"1,2,9","2,9","C_+0,N_+0,N_+1"
181,6A6H.pdb,SLA-2*04:02:01,MTAHIVVPY,9,"1,2,9","2,9","C_+0,N_+0,N_+1"
268,4WDI_B.pdb,H2-Kd,LYLVCGERG,9,"1,2,3,9","2,9","C_+0,N_+0,N_+1,N_+2"
269,1L6Q.pdb,H2-Kd,LYLVCGERG,9,"1,2,3,9","2,9","C_+0,N_+0,N_+1,N_+2"
270,4WDI_A.pdb,H2-Kd,LYLVCGERG,9,"1,2,3,9","2,9","C_+0,N_+0,N_+1,N_+2"
667,2HN7_A.pdb,HLA-A*11:01,AIMPARFYPK,10,"1,10,2,3","2,10","C_+0,N_+0,N_+1,N_+2"
668,2HN7_B.pdb,HLA-A*11:01,AIMPARFYPK,10,"1,10,2,3","2,10","C_+0,N_+0,N_+1,N_+2"
492,6JTO.pdb,HLA-C*05:01,GADGVGKSAL,10,"1,10,2,3","2,10","C_+0,N_+0,N_+1,N_+2"
559,6JTP_A.pdb,HLA-C*08:02,GADGVGKSA,9,"1,2,3,9","2,9","C_+0,N_+0,N_+1,N_+2"
560,6JTP_B.pdb,HLA-C*08:02,GADGVGKSA,9,"1,2,3,9","2,9","C_+0,N_+0,N_+1,N_+2"
561,6ULN.pdb,HLA-C*08:02,GADGVGKSA,9,"1,2,3,9","2,9","C_+0,N_+0,N_+1,N_+2"
562,6ULR.pdb,HLA-C*08:02,GADGVGKSA,9,"1,2,3,9","2,9","C_+0,N_+0,N_+1,N_+2"
563,6ULI.pdb,HLA-C*08:02,GADGVGKSA,9,"1,2,3,9","2,9","C_+0,N_+0,N_+1,N_+2"
1019,1ZVS.pdb,Mafa-A1*001:01:01,TTPESANL,8,"1,2,3,8","2,8","C_+0,N_+0,N_+1,N_+2"
841,1FFO.pdb,H2-Db,AAVYNFATM,9,"1,2,3,5,9","2,9","C_+0,N_+0,N_+1,N_+2,N_+4"
1061,5JWE_B.pdb,H2-Db,CSANNSHHYI,10,"1,10,2,3,5","2,10","C_+0,N_+0,N_+1,N_+2,N_+4"
1062,5JWE_A.pdb,H2-Db,CSANNSHHYI,10,"1,10,2,3,5","2,10","C_+0,N_+0,N_+1,N_+2,N_+4"
988,1S7W_B.pdb,H2-Db,KALYNFATM,9,"1,2,3,5,9","2,9","C_+0,N_+0,N_+1,N_+2,N_+4"
989,1S7W_A.pdb,H2-Db,KALYNFATM,9,"1,2,3,5,9","2,9","C_+0,N_+0,N_+1,N_+2,N_+4"
875,1ZHB.pdb,H2-Db,KALYNYAPI,9,"1,2,3,5,9","2,9","C_+0,N_+0,N_+1,N_+2,N_+4"
566,3TBT.pdb,H2-Db,KAPSNFATM,9,"1,2,3,5,9","2,9","C_+0,N_+0,N_+1,N_+2,N_+4"
1088,3QUL_B.pdb,H2-Db,KAVSNFATM,9,"1,2,3,5,9","2,9","C_+0,N_+0,N_+1,N_+2,N_+4"
1089,3QUL_A.pdb,H2-Db,KAVSNFATM,9,"1,2,3,5,9","2,9","C_+0,N_+0,N_+1,N_+2,N_+4"
1141,1FG2.pdb,H2-Db,KAVYNFATC,9,"1,2,3,5,9","2,9","C_+0,N_+0,N_+1,N_+2,N_+4"
621,3TBV.pdb,H2-Db,KGPANFATM,9,"1,2,3,5,9","2,9","C_+0,N_+0,N_+1,N_+2,N_+4"
1170,3TBW.pdb,H2-Db,KGPSNFATM,9,"1,2,3,5,9","2,9","C_+0,N_+0,N_+1,N_+2,N_+4"
173,3BUY.pdb,H2-Db,LSLRNPILV,9,"1,2,3,5,9","2,9","C_+0,N_+0,N_+1,N_+2,N_+4"
707,1N3N.pdb,H2-Db,SALQNAASIA,10,"1,10,2,3,5","2,10","C_+0,N_+0,N_+1,N_+2,N_+4"
567,1FFP.pdb,H2-Db,SAVYNFATM,9,"1,2,3,5,9","2,9","C_+0,N_+0,N_+1,N_+2,N_+4"
938,6WZY_B.pdb,H2-Db,SGPDNGAVAV,10,"1,10,2,3,5","2,10","C_+0,N_+0,N_+1,N_+2,N_+4"
939,6WZY_A.pdb,H2-Db,SGPDNGAVAV,10,"1,10,2,3,5","2,10","C_+0,N_+0,N_+1,N_+2,N_+4"
255,6X00_B.pdb,H2-Db,SGPDNGAVAVL,11,"1,11,2,3,5","2,11","C_+0,N_+0,N_+1,N_+2,N_+4"
256,6X00_A.pdb,H2-Db,SGPDNGAVAVL,11,"1,11,2,3,5","2,11","C_+0,N_+0,N_+1,N_+2,N_+4"
361,1WBX.pdb,H2-Db,SQLKNNAKEI,10,"1,10,2,3,5","2,10","C_+0,N_+0,N_+1,N_+2,N_+4"
39,5WLG_B.pdb,H2-Db,SQLLNAKYL,9,"1,2,3,5,9","2,9","C_+0,N_+0,N_+1,N_+2,N_+4"
40,5WLI.pdb,H2-Db,SQLLNAKYL,9,"1,2,3,5,9","2,9","C_+0,N_+0,N_+1,N_+2,N_+4"
41,5WLG_A.pdb,H2-Db,SQLLNAKYL,9,"1,2,3,5,9","2,9","C_+0,N_+0,N_+1,N_+2,N_+4"
955,3L3H.pdb,H2-Db,SSLENARAYV,10,"1,10,2,3,5","2,10","C_+0,N_+0,N_+1,N_+2,N_+4"
1032,1YN7.pdb,H2-Db,SSLENFAAYV,10,"1,10,2,3,5","2,10","C_+0,N_+0,N_+1,N_+2,N_+4"
107,3PQY.pdb,H2-Db,SSLENFRAYV,10,"1,10,2,3,5","2,10","C_+0,N_+0,N_+1,N_+2,N_+4"
108,1WBY.pdb,H2-Db,SSLENFRAYV,10,"1,10,2,3,5","2,10","C_+0,N_+0,N_+1,N_+2,N_+4"
109,1YN6.pdb,H2-Db,SSLENFRAYV,10,"1,10,2,3,5","2,10","C_+0,N_+0,N_+1,N_+2,N_+4"
285,5JWD.pdb,H2-Db,WLVTNGSYL,9,"1,2,3,5,9","2,9","C_+0,N_+0,N_+1,N_+2,N_+4"
507,3E6H.pdb,H2-Dd,IGPGRAFYTI,10,"1,10,2,3,5","2,10","C_+0,N_+0,N_+1,N_+2,N_+4"
918,1VGK.pdb,H2-Kd,SYVNTNMGL,9,"1,2,3,5,9","2,9","C_+0,N_+0,N_+1,N_+2,N_+4"
1118,2XFX.pdb,BoLA-6*013:01,VGYPKVKEEML,11,"1,11,2,5","2,11","C_+0,N_+0,N_+1,N_+4"
464,3CPL_A.pdb,H2-Db,ASNENAETM,9,"1,2,5,9","2,9","C_+0,N_+0,N_+1,N_+4"
465,3CPL_B.pdb,H2-Db,ASNENAETM,9,"1,2,5,9","2,9","C_+0,N_+0,N_+1,N_+4"
546,4HUW_B.pdb,H2-Db,ASNENTETM,9,"1,2,5,9","2,9","C_+0,N_+0,N_+1,N_+4"
547,4HUW_A.pdb,H2-Db,ASNENTETM,9,"1,2,5,9","2,9","C_+0,N_+0,N_+1,N_+4"
847,2FWO.pdb,H2-Kd,TYQRTRALV,9,"1,2,5,9","2,9","C_+0,N_+0,N_+1,N_+4"
684,5GSB.pdb,H2-Kd,YYSIIPHSI,9,"1,2,5,9","2,9","C_+0,N_+0,N_+1,N_+4"
685,5GR7.pdb,H2-Kd,YYSIIPHSI,9,"1,2,5,9","2,9","C_+0,N_+0,N_+1,N_+4"
902,6AT9.pdb,HLA-A*01:01,AQDIYRASYY,10,"1,10,2,5","2,10","C_+0,N_+0,N_+1,N_+4"
552,1JUF.pdb,H2-Db,SSVIGVWYL,9,"1,3,9","2,9","C_+0,N_+0,N_+2"
1047,1INQ.pdb,H2-Db,SSVVGVWYL,9,"1,3,9","2,9","C_+0,N_+0,N_+2"
233,5KD7.pdb,H2-Dd,IGPGRAFYV,9,"1,3,9","2,9","C_+0,N_+0,N_+2"
671,4PG2.pdb,H2-Db,CSLWNGPHL,9,"1,3,5,9","2,9","C_+0,N_+0,N_+2,N_+4"
835,4IHO_A.pdb,H2-Db,EGPRNQDWL,9,"1,3,5,9","2,9","C_+0,N_+0,N_+2,N_+4"
836,3CH1_B.pdb,H2-Db,EGPRNQDWL,9,"1,3,5,9","2,9","C_+0,N_+0,N_+2,N_+4"
837,4IHO_B.pdb,H2-Db,EGPRNQDWL,9,"1,3,5,9","2,9","C_+0,N_+0,N_+2,N_+4"
838,3CH1_A.pdb,H2-Db,EGPRNQDWL,9,"1,3,5,9","2,9","C_+0,N_+0,N_+2,N_+4"
650,1S7V.pdb,H2-Db,KAVYNLATM,9,"1,3,5,9","2,9","C_+0,N_+0,N_+2,N_+4"
872,6H6D_B.pdb,H2-Db,SGPSNTPPEI,10,"1,10,3,5","2,10","C_+0,N_+0,N_+2,N_+4"
873,6H6H.pdb,H2-Db,SGPSNTPPEI,10,"1,10,3,5","2,10","C_+0,N_+0,N_+2,N_+4"
874,6H6D_A.pdb,H2-Db,SGPSNTPPEI,10,"1,10,3,5","2,10","C_+0,N_+0,N_+2,N_+4"
146,1JPF.pdb,H2-Db,SGVENPGGYCL,11,"1,11,3,5","2,11","C_+0,N_+0,N_+2,N_+4"
599,5T7G.pdb,H2-Dd,IGPGRAFYT,9,"1,3,5,9","2,9","C_+0,N_+0,N_+2,N_+4"
1087,5KD4.pdb,H2-Dd,IGPGRAFYVI,10,"1,10,3,5","2,10","C_+0,N_+0,N_+2,N_+4"
455,3FTG_B.pdb,H2-Db,ASAENMETM,9,"1,5,9","2,9","C_+0,N_+0,N_+4"
456,3FTG_A.pdb,H2-Db,ASAENMETM,9,"1,5,9","2,9","C_+0,N_+0,N_+4"
178,4L8C.pdb,H2-Db,ASDENMETM,9,"1,5,9","2,9","C_+0,N_+0,N_+4"
935,4L8D_B.pdb,H2-Db,ASNEDMETM,9,"1,5,9","2,9","C_+0,N_+0,N_+4"
936,4L8D_A.pdb,H2-Db,ASNEDMETM,9,"1,5,9","2,9","C_+0,N_+0,N_+4"
1042,4L8B_B.pdb,H2-Db,ASNEHMETM,9,"1,5,9","2,9","C_+0,N_+0,N_+4"
1043,4L8B_A.pdb,H2-Db,ASNEHMETM,9,"1,5,9","2,9","C_+0,N_+0,N_+4"
273,4HUU_B.pdb,H2-Db,ASNENIETM,9,"1,5,9","2,9","C_+0,N_+0,N_+4"
274,4HV8_B.pdb,H2-Db,ASNENIETM,9,"1,5,9","2,9","C_+0,N_+0,N_+4"
275,4HV8_A.pdb,H2-Db,ASNENIETM,9,"1,5,9","2,9","C_+0,N_+0,N_+4"
276,4HUU_A.pdb,H2-Db,ASNENIETM,9,"1,5,9","2,9","C_+0,N_+0,N_+4"
46,4HUX_B.pdb,H2-Db,ASNENMETM,9,"1,5,9","2,9","C_+0,N_+0,N_+4"
47,5SWZ_B.pdb,H2-Db,ASNENMETM,9,"1,5,9","2,9","C_+0,N_+0,N_+4"
48,5SWS.pdb,H2-Db,ASNENMETM,9,"1,5,9","2,9","C_+0,N_+0,N_+4"
49,5SWZ_A.pdb,H2-Db,ASNENMETM,9,"1,5,9","2,9","C_+0,N_+0,N_+4"
50,1HOC.pdb,H2-Db,ASNENMETM,9,"1,5,9","2,9","C_+0,N_+0,N_+4"
51,4HUX_A.pdb,H2-Db,ASNENMETM,9,"1,5,9","2,9","C_+0,N_+0,N_+4"
908,4HUV_B.pdb,H2-Db,ASNENWETM,9,"1,5,9","2,9","C_+0,N_+0,N_+4"
909,4HUV_A.pdb,H2-Db,ASNENWETM,9,"1,5,9","2,9","C_+0,N_+0,N_+4"
1126,5XMM.pdb,BoLA-2*012:01,DMANVSTGR,9,"2,9","2,9","C_+0,N_+1"
1046,5XMF.pdb,BoLA-2*012:01,RMANVSTGR,9,"2,9","2,9","C_+0,N_+1"
509,3PWV.pdb,BoLA-2*018:01,IPAYGVLTI,9,"2,9","2,9","C_+0,N_+1"
510,3PWU.pdb,BoLA-2*018:01,IPAYGVLTI,9,"2,9","2,9","C_+0,N_+1"
1055,4ZUV.pdb,Eqca-N*006:01,RVEDVTNTAEYW,12,"12,2","2,12","C_+0,N_+1"
1017,4D0D.pdb,Gaga-BF2*002:01:01,VIFPAKSL,8,"2,8","2,8","C_+0,N_+1"
1103,4CVX.pdb,Gaga-BF2*002:01:01,YPYLGPNTL,9,"2,9","2,9","C_+0,N_+1"
970,4CW1.pdb,Gaga-BF2*014:01:01,SWFRKPMTR,9,"2,9","2,9","C_+0,N_+1"
1174,6IRL.pdb,Gaga-BF2*015:01:01,RREVHTYY,8,"2,8","2,8","C_+0,N_+1"
669,6LHF.pdb,Gaga-BF2*015:01:01,RRREQTDY,8,"2,8","2,8","C_+0,N_+1"
670,6LHH.pdb,Gaga-BF2*015:01:01,RRREQTDY,8,"2,8","2,8","C_+0,N_+1"
545,3BEW.pdb,Gaga-BF2*021:01:01,REVDEQLLSV,10,"10,2","3,10","C_+0,N_+1"
1164,2YEZ_B.pdb,Gaga-BF2*021:01:01,TNPESKVFYL,10,"10,2","2,10","C_+0,N_+1"
1165,2YEZ_A.pdb,Gaga-BF2*021:01:01,TNPESKVFYL,10,"10,2","2,10","C_+0,N_+1"
1114,3PAB_A.pdb,H2-Kb,EIINFEKL,8,"2,8","2,8","C_+0,N_+1"
1115,3PAB_B.pdb,H2-Kb,EIINFEKL,8,"2,8","2,8","C_+0,N_+1"
745,1LEK.pdb,H2-Kb,EQYKFYSV,8,"2,8","2,8","C_+0,N_+1"
746,2CKB_B.pdb,H2-Kb,EQYKFYSV,8,"2,8","2,8","C_+0,N_+1"
747,1JTR.pdb,H2-Kb,EQYKFYSV,8,"2,8","2,8","C_+0,N_+1"
748,1LEG.pdb,H2-Kb,EQYKFYSV,8,"2,8","2,8","C_+0,N_+1"
749,1MWA.pdb,H2-Kb,EQYKFYSV,8,"2,8","2,8","C_+0,N_+1"
750,2CKB_A.pdb,H2-Kb,EQYKFYSV,8,"2,8","2,8","C_+0,N_+1"
870,4PGB_A.pdb,H2-Kb,FAPGNWPAL,9,"2,9","2,9","C_+0,N_+1"
871,4PGB_B.pdb,H2-Kb,FAPGNWPAL,9,"2,9","2,9","C_+0,N_+1"
461,4PGD.pdb,H2-Kb,FAPGNYPAF,9,"2,9","2,9","C_+0,N_+1"
694,4PGE_B.pdb,H2-Kb,FAPGNYPAW,9,"2,9","2,9","C_+0,N_+1"
695,4PGE_A.pdb,H2-Kb,FAPGNYPAW,9,"2,9","2,9","C_+0,N_+1"
430,2CLZ.pdb,H2-Kb,INFDFNTI,8,"2,8","2,8","C_+0,N_+1"
431,1FO0.pdb,H2-Kb,INFDFNTI,8,"2,8","2,8","C_+0,N_+1"
432,1NAN.pdb,H2-Kb,INFDFNTI,8,"2,8","2,8","C_+0,N_+1"
980,3P4O.pdb,H2-Kb,YTAKYPNL,8,"2,8","2,8","C_+0,N_+1"
820,3P4M_A.pdb,H2-Kb,YTVKYPNL,8,"2,8","2,8","C_+0,N_+1"
821,3P4M_B.pdb,H2-Kb,YTVKYPNL,8,"2,8","2,8","C_+0,N_+1"
1128,1ZT1_B.pdb,H2-Kk,FEANGNLI,8,"2,8","2,8","C_+0,N_+1"
1129,1ZT1_A.pdb,H2-Kk,FEANGNLI,8,"2,8","2,8","C_+0,N_+1"
677,1ZT7.pdb,H2-Kk,SEFLLEKRI,9,"2,9","2,9","C_+0,N_+1"
1162,5BS0.pdb,HLA-A*01:01,ESDPIVAQY,9,"2,9","2,9","C_+0,N_+1"
887,5BRZ.pdb,HLA-A*01:01,EVDPIGHLY,9,"2,9","2,9","C_+0,N_+1"
600,6MPP.pdb,HLA-A*01:01,ILDTAGKEEY,10,"10,2","2,10","C_+0,N_+1"
912,2UWE_A.pdb,HLA-A*02:01,ALWGFFPVL,9,"2,9","2,9","C_+0,N_+1"
913,1LP9.pdb,HLA-A*02:01,ALWGFFPVL,9,"2,9","2,9","C_+0,N_+1"
914,2JCC.pdb,HLA-A*02:01,ALWGFFPVL,9,"2,9","2,9","C_+0,N_+1"
915,2UWE_B.pdb,HLA-A*02:01,ALWGFFPVL,9,"2,9","2,9","C_+0,N_+1"
916,2J8U.pdb,HLA-A*02:01,ALWGFFPVL,9,"2,9","2,9","C_+0,N_+1"
917,1B0G.pdb,HLA-A*02:01,ALWGFFPVL,9,"2,9","2,9","C_+0,N_+1"
625,3MRJ_B.pdb,HLA-A*02:01,CINGMCWTV,9,"2,9","2,9","C_+0,N_+1"
626,3MRJ_A.pdb,HLA-A*02:01,CINGMCWTV,9,"2,9","2,9","C_+0,N_+1"
919,5SWQ_B.pdb,HLA-A*02:01,CVNGSCFTV,9,"2,9","2,9","C_+0,N_+1"
920,5SWQ_A.pdb,HLA-A*02:01,CVNGSCFTV,9,"2,9","2,9","C_+0,N_+1"
10,4EUQ.pdb,HLA-A*02:01,EAAGIGILTV,10,"10,2","2,10","C_+0,N_+1"
11,4QOK_B.pdb,HLA-A*02:01,EAAGIGILTV,10,"10,2","2,10","C_+0,N_+1"
12,2GT9_B.pdb,HLA-A*02:01,EAAGIGILTV,10,"10,2","2,10","C_+0,N_+1"
13,4QOK_A.pdb,HLA-A*02:01,EAAGIGILTV,10,"10,2","2,10","C_+0,N_+1"
14,6TMO.pdb,HLA-A*02:01,EAAGIGILTV,10,"10,2","2,10","C_+0,N_+1"
15,2GT9_A.pdb,HLA-A*02:01,EAAGIGILTV,10,"10,2","2,10","C_+0,N_+1"
763,4JFD.pdb,HLA-A*02:01,ELAAIGILTV,10,"10,2","2,10","C_+0,N_+1"
764,4JFP_B.pdb,HLA-A*02:01,ELAAIGILTV,10,"10,2","2,10","C_+0,N_+1"
765,4JFP_A.pdb,HLA-A*02:01,ELAAIGILTV,10,"10,2","2,10","C_+0,N_+1"
1022,4JFE.pdb,HLA-A*02:01,ELAGIGALTV,10,"10,2","2,10","C_+0,N_+1"
785,4JFQ_B.pdb,HLA-A*02:01,ELAGIGIATV,10,"10,2","2,10","C_+0,N_+1"
786,4JFQ_A.pdb,HLA-A*02:01,ELAGIGIATV,10,"10,2","2,10","C_+0,N_+1"
241,3QDM.pdb,HLA-A*02:01,ELAGIGILTV,10,"10,2","2,10","C_+0,N_+1"
242,5NHT.pdb,HLA-A*02:01,ELAGIGILTV,10,"10,2","2,10","C_+0,N_+1"
243,4JFF.pdb,HLA-A*02:01,ELAGIGILTV,10,"10,2","2,10","C_+0,N_+1"
244,3HG1.pdb,HLA-A*02:01,ELAGIGILTV,10,"10,2","2,10","C_+0,N_+1"
245,3QDG_A.pdb,HLA-A*02:01,ELAGIGILTV,10,"10,2","2,10","C_+0,N_+1"
246,5E9D.pdb,HLA-A*02:01,ELAGIGILTV,10,"10,2","2,10","C_+0,N_+1"
247,3QDG_B.pdb,HLA-A*02:01,ELAGIGILTV,10,"10,2","2,10","C_+0,N_+1"
248,5NQK.pdb,HLA-A*02:01,ELAGIGILTV,10,"10,2","2,10","C_+0,N_+1"
249,4L3E.pdb,HLA-A*02:01,ELAGIGILTV,10,"10,2","2,10","C_+0,N_+1"
250,6DKP.pdb,HLA-A*02:01,ELAGIGILTV,10,"10,2","2,10","C_+0,N_+1"
251,1JF1_B.pdb,HLA-A*02:01,ELAGIGILTV,10,"10,2","2,10","C_+0,N_+1"
252,1JF1_A.pdb,HLA-A*02:01,ELAGIGILTV,10,"10,2","2,10","C_+0,N_+1"
348,3MRP_A.pdb,HLA-A*02:01,ELAGLGINTV,10,"10,2","2,10","C_+0,N_+1"
349,3MRQ_B.pdb,HLA-A*02:01,ELAGLGINTV,10,"10,2","2,10","C_+0,N_+1"
350,3MRQ_A.pdb,HLA-A*02:01,ELAGLGINTV,10,"10,2","2,10","C_+0,N_+1"
351,3MRP_B.pdb,HLA-A*02:01,ELAGLGINTV,10,"10,2","2,10","C_+0,N_+1"
1090,3MRO.pdb,HLA-A*02:01,ELAGWGILTV,10,"10,2","2,10","C_+0,N_+1"
412,1I7R.pdb,HLA-A*02:01,FAPGFFPYL,9,"2,9","2,9","C_+0,N_+1"
415,4GKN.pdb,HLA-A*02:01,FATGIGIITV,10,"10,2","2,10","C_+0,N_+1"
967,1I1F.pdb,HLA-A*02:01,FLKEPVHGV,9,"2,9","2,9","C_+0,N_+1"
630,4U6Y_B.pdb,HLA-A*02:01,FLNKDLEVDGHFVTM,15,"15,2","2,15","C_+0,N_+1"
631,4U6Y_A.pdb,HLA-A*02:01,FLNKDLEVDGHFVTM,15,"15,2","2,15","C_+0,N_+1"
398,4GKS.pdb,HLA-A*02:01,FLTGIGIITV,10,"10,2","2,10","C_+0,N_+1"
1135,1QEW.pdb,HLA-A*02:01,FLWGPRALV,9,"2,9","2,9","C_+0,N_+1"
1082,5D9S_A.pdb,HLA-A*02:01,FVLELEPEWTV,11,"11,2","2,11","C_+0,N_+1"
1083,5D9S_B.pdb,HLA-A*02:01,FVLELEPEWTV,11,"11,2","2,11","C_+0,N_+1"
1033,6VRN.pdb,HLA-A*02:01,HMTEVVRHC,9,"2,9","2,9","C_+0,N_+1"
1034,6VR5.pdb,HLA-A*02:01,HMTEVVRHC,9,"2,9","2,9","C_+0,N_+1"
828,6VR1.pdb,HLA-A*02:01,HMTEVVRRC,9,"2,9","2,9","C_+0,N_+1"
1176,1QR1.pdb,HLA-A*02:01,IISAVVGIL,9,"2,9","2,9","C_+0,N_+1"
1138,4I4W_A.pdb,HLA-A*02:01,ILAKFLHRL,9,"2,9","2,9","C_+0,N_+1"
1139,4I4W_B.pdb,HLA-A*02:01,ILAKFLHRL,9,"2,9","2,9","C_+0,N_+1"
818,4MNQ.pdb,HLA-A*02:01,ILAKFLHWL,9,"2,9","2,9","C_+0,N_+1"
1157,5MEO_B.pdb,HLA-A*02:01,ILGKFLHRL,9,"2,9","2,9","C_+0,N_+1"
1158,5MEO_A.pdb,HLA-A*02:01,ILGKFLHRL,9,"2,9","2,9","C_+0,N_+1"
815,5MEP.pdb,HLA-A*02:01,ILGKFLHWL,9,"2,9","2,9","C_+0,N_+1"
325,1P7Q.pdb,HLA-A*02:01,ILKEPVHGV,9,"2,9","2,9","C_+0,N_+1"
326,6EWA.pdb,HLA-A*02:01,ILKEPVHGV,9,"2,9","2,9","C_+0,N_+1"
327,1AKJ.pdb,HLA-A*02:01,ILKEPVHGV,9,"2,9","2,9","C_+0,N_+1"
328,2X4U_A.pdb,HLA-A*02:01,ILKEPVHGV,9,"2,9","2,9","C_+0,N_+1"
329,2X4U_B.pdb,HLA-A*02:01,ILKEPVHGV,9,"2,9","2,9","C_+0,N_+1"
330,1HHJ.pdb,HLA-A*02:01,ILKEPVHGV,9,"2,9","2,9","C_+0,N_+1"
1151,6PTB.pdb,HLA-A*02:01,ILNAMIAKI,9,"2,9","2,9","C_+0,N_+1"
1153,6PTE_A.pdb,HLA-A*02:01,ILNAMITKI,9,"2,9","2,9","C_+0,N_+1"
1154,6PTE_B.pdb,HLA-A*02:01,ILNAMITKI,9,"2,9","2,9","C_+0,N_+1"
483,6OPD_A.pdb,HLA-A*02:01,ILNAMIVKI,9,"2,9","2,9","C_+0,N_+1"
484,6OPD_B.pdb,HLA-A*02:01,ILNAMIVKI,9,"2,9","2,9","C_+0,N_+1"
659,1EEZ.pdb,HLA-A*02:01,ILSALVGIL,9,"2,9","2,9","C_+0,N_+1"
812,1EEY.pdb,HLA-A*02:01,ILSALVGIV,9,"2,9","2,9","C_+0,N_+1"
452,1TVH_A.pdb,HLA-A*02:01,IMDQVPFSV,9,"2,9","2,9","C_+0,N_+1"
453,1TVH_B.pdb,HLA-A*02:01,IMDQVPFSV,9,"2,9","2,9","C_+0,N_+1"
968,1TVB_A.pdb,HLA-A*02:01,ITDQVPFSV,9,"2,9","2,9","C_+0,N_+1"
969,1TVB_B.pdb,HLA-A*02:01,ITDQVPFSV,9,"2,9","2,9","C_+0,N_+1"
448,6G3K_A.pdb,HLA-A*02:01,ITSGIGVLPV,10,"10,2","2,10","C_+0,N_+1"
449,6G3K_B.pdb,HLA-A*02:01,ITSGIGVLPV,10,"10,2","2,10","C_+0,N_+1"
450,2X4O_A.pdb,HLA-A*02:01,KLTPLCVTL,9,"2,9","2,9","C_+0,N_+1"
451,2X4O_B.pdb,HLA-A*02:01,KLTPLCVTL,9,"2,9","2,9","C_+0,N_+1"
805,5YXU.pdb,HLA-A*02:01,KLVALGINAV,10,"10,2","2,10","C_+0,N_+1"
806,5YXN.pdb,HLA-A*02:01,KLVALGINAV,10,"10,2","2,10","C_+0,N_+1"
807,3MRM_A.pdb,HLA-A*02:01,KLVALGINAV,10,"10,2","2,10","C_+0,N_+1"
808,3MRM_B.pdb,HLA-A*02:01,KLVALGINAV,10,"10,2","2,10","C_+0,N_+1"
809,5JZI.pdb,HLA-A*02:01,KLVALGINAV,10,"10,2","2,10","C_+0,N_+1"
394,6O4Y_B.pdb,HLA-A*02:01,KLVVGAVGV,9,"2,9","2,9","C_+0,N_+1"
395,6O4Y_A.pdb,HLA-A*02:01,KLVVGAVGV,9,"2,9","2,9","C_+0,N_+1"
1136,6O4Z_B.pdb,HLA-A*02:01,KLVVVAVGV,9,"2,9","2,9","C_+0,N_+1"
1137,6O4Z_A.pdb,HLA-A*02:01,KLVVVAVGV,9,"2,9","2,9","C_+0,N_+1"
410,6O53_B.pdb,HLA-A*02:01,KLVVVGAVGV,10,"10,2","2,10","C_+0,N_+1"
411,6O53_A.pdb,HLA-A*02:01,KLVVVGAVGV,10,"10,2","2,10","C_+0,N_+1"
636,3MGT.pdb,HLA-A*02:01,KLYQNPTTYI,10,"10,2","2,10","C_+0,N_+1"
1163,3BHB.pdb,HLA-A*02:01,KMDSFLDMQL,10,"10,2","2,10","C_+0,N_+1"
1104,3V5H.pdb,HLA-A*02:01,KVAEIVHFL,9,"2,9","2,9","C_+0,N_+1"
675,3V5D_B.pdb,HLA-A*02:01,KVAELVHFL,9,"2,9","2,9","C_+0,N_+1"
676,3V5D_A.pdb,HLA-A*02:01,KVAELVHFL,9,"2,9","2,9","C_+0,N_+1"
744,3V5K.pdb,HLA-A*02:01,KVAELVWFL,9,"2,9","2,9","C_+0,N_+1"
977,3TO2.pdb,HLA-A*02:01,LACFVLAAV,9,"2,9","2,9","C_+0,N_+1"
459,3MRR_A.pdb,HLA-A*02:01,LLAGIGTVPI,10,"10,2","2,10","C_+0,N_+1"
460,3MRR_B.pdb,HLA-A*02:01,LLAGIGTVPI,10,"10,2","2,10","C_+0,N_+1"
480,3D3V_B.pdb,HLA-A*02:01,LLFGFPVYV,9,"2,9","2,9","C_+0,N_+1"
481,3D3V_A.pdb,HLA-A*02:01,LLFGFPVYV,9,"2,9","2,9","C_+0,N_+1"
482,3QFJ.pdb,HLA-A*02:01,LLFGFPVYV,9,"2,9","2,9","C_+0,N_+1"
633,2GIT_A.pdb,HLA-A*02:01,LLFGKPVYV,9,"2,9","2,9","C_+0,N_+1"
634,2GJ6.pdb,HLA-A*02:01,LLFGKPVYV,9,"2,9","2,9","C_+0,N_+1"
635,2GIT_B.pdb,HLA-A*02:01,LLFGKPVYV,9,"2,9","2,9","C_+0,N_+1"
1027,1QRN.pdb,HLA-A*02:01,LLFGYAVYV,9,"2,9","2,9","C_+0,N_+1"
900,1QSE.pdb,HLA-A*02:01,LLFGYPRYV,9,"2,9","2,9","C_+0,N_+1"
225,1QSF.pdb,HLA-A*02:01,LLFGYPVAV,9,"2,9","2,9","C_+0,N_+1"
24,3IXA_B.pdb,HLA-A*02:01,LLFGYPVYV,9,"2,9","2,9","C_+0,N_+1"
25,1IM3.pdb,HLA-A*02:01,LLFGYPVYV,9,"2,9","2,9","C_+0,N_+1"
26,6UZ1.pdb,HLA-A*02:01,LLFGYPVYV,9,"2,9","2,9","C_+0,N_+1"
27,1DUZ.pdb,HLA-A*02:01,LLFGYPVYV,9,"2,9","2,9","C_+0,N_+1"
28,5IRO.pdb,HLA-A*02:01,LLFGYPVYV,9,"2,9","2,9","C_+0,N_+1"
29,3IXA_A.pdb,HLA-A*02:01,LLFGYPVYV,9,"2,9","2,9","C_+0,N_+1"
30,1BD2.pdb,HLA-A*02:01,LLFGYPVYV,9,"2,9","2,9","C_+0,N_+1"
31,4E5X.pdb,HLA-A*02:01,LLFGYPVYV,9,"2,9","2,9","C_+0,N_+1"
32,4FTV.pdb,HLA-A*02:01,LLFGYPVYV,9,"2,9","2,9","C_+0,N_+1"
33,1HHK.pdb,HLA-A*02:01,LLFGYPVYV,9,"2,9","2,9","C_+0,N_+1"
34,1AO7.pdb,HLA-A*02:01,LLFGYPVYV,9,"2,9","2,9","C_+0,N_+1"
35,2AV7.pdb,HLA-A*02:01,LLFGYPVYV,9,"2,9","2,9","C_+0,N_+1"
36,2AV1.pdb,HLA-A*02:01,LLFGYPVYV,9,"2,9","2,9","C_+0,N_+1"
385,3MRN_B.pdb,HLA-A*02:01,LLFNILGGWV,10,"10,2","2,10","C_+0,N_+1"
386,3MRN_A.pdb,HLA-A*02:01,LLFNILGGWV,10,"10,2","2,10","C_+0,N_+1"
228,6SS7.pdb,HLA-A*02:01,LLWAGPMAV,9,"2,9","2,9","C_+0,N_+1"
971,6SS8.pdb,HLA-A*02:01,LLWNGPIAV,9,"2,9","2,9","C_+0,N_+1"
839,5N6B_A.pdb,HLA-A*02:01,LLWNGPMAV,9,"2,9","2,9","C_+0,N_+1"
840,5N6B_B.pdb,HLA-A*02:01,LLWNGPMAV,9,"2,9","2,9","C_+0,N_+1"
956,6SS9.pdb,HLA-A*02:01,LLWNGPMHV,9,"2,9","2,9","C_+0,N_+1"
861,6SSA_A.pdb,HLA-A*02:01,LLWNGPMQV,9,"2,9","2,9","C_+0,N_+1"
862,6SSA_B.pdb,HLA-A*02:01,LLWNGPMQV,9,"2,9","2,9","C_+0,N_+1"
380,3PWN_A.pdb,HLA-A*02:01,LLYGFVNYI,9,"2,9","2,9","C_+0,N_+1"
381,3PWN_B.pdb,HLA-A*02:01,LLYGFVNYI,9,"2,9","2,9","C_+0,N_+1"
972,3PWJ_A.pdb,HLA-A*02:01,LLYGFVNYV,9,"2,9","2,9","C_+0,N_+1"
973,3PWJ_B.pdb,HLA-A*02:01,LLYGFVNYV,9,"2,9","2,9","C_+0,N_+1"
957,3H7B_B.pdb,HLA-A*02:01,MLWGYLQYV,9,"2,9","2,9","C_+0,N_+1"
958,3H9H_A.pdb,HLA-A*02:01,MLWGYLQYV,9,"2,9","2,9","C_+0,N_+1"
959,3H7B_A.pdb,HLA-A*02:01,MLWGYLQYV,9,"2,9","2,9","C_+0,N_+1"
960,3H9H_B.pdb,HLA-A*02:01,MLWGYLQYV,9,"2,9","2,9","C_+0,N_+1"
961,3H9S.pdb,HLA-A*02:01,MLWGYLQYV,9,"2,9","2,9","C_+0,N_+1"
289,6G3J_B.pdb,HLA-A*02:01,MTSAIGILPV,10,"10,2","2,10","C_+0,N_+1"
290,6G3J_A.pdb,HLA-A*02:01,MTSAIGILPV,10,"10,2","2,10","C_+0,N_+1"
751,5N1Y_A.pdb,HLA-A*02:01,MVWGPDPLYV,10,"10,2","2,10","C_+0,N_+1"
752,5C0A.pdb,HLA-A*02:01,MVWGPDPLYV,10,"10,2","2,10","C_+0,N_+1"
753,5N1Y_B.pdb,HLA-A*02:01,MVWGPDPLYV,10,"10,2","2,10","C_+0,N_+1"
416,3MR9_B.pdb,HLA-A*02:01,NLVPAVATV,9,"2,9","2,9","C_+0,N_+1"
417,3MR9_A.pdb,HLA-A*02:01,NLVPAVATV,9,"2,9","2,9","C_+0,N_+1"
121,3MRC_B.pdb,HLA-A*02:01,NLVPMCATV,9,"2,9","2,9","C_+0,N_+1"
122,3MRC_A.pdb,HLA-A*02:01,NLVPMCATV,9,"2,9","2,9","C_+0,N_+1"
708,3MRD_A.pdb,HLA-A*02:01,NLVPMGATV,9,"2,9","2,9","C_+0,N_+1"
709,3MRD_B.pdb,HLA-A*02:01,NLVPMGATV,9,"2,9","2,9","C_+0,N_+1"
293,3GSW_A.pdb,HLA-A*02:01,NLVPMVAAV,9,"2,9","2,9","C_+0,N_+1"
294,3GSW_B.pdb,HLA-A*02:01,NLVPMVAAV,9,"2,9","2,9","C_+0,N_+1"
418,2X4R_B.pdb,HLA-A*02:01,NLVPMVATV,9,"2,9","2,9","C_+0,N_+1"
419,6Q3K_B.pdb,HLA-A*02:01,NLVPMVATV,9,"2,9","2,9","C_+0,N_+1"
420,6Q3K_A.pdb,HLA-A*02:01,NLVPMVATV,9,"2,9","2,9","C_+0,N_+1"
421,3GSO_A.pdb,HLA-A*02:01,NLVPMVATV,9,"2,9","2,9","C_+0,N_+1"
422,5D2L.pdb,HLA-A*02:01,NLVPMVATV,9,"2,9","2,9","C_+0,N_+1"
423,3GSO_B.pdb,HLA-A*02:01,NLVPMVATV,9,"2,9","2,9","C_+0,N_+1"
424,3GSN.pdb,HLA-A*02:01,NLVPMVATV,9,"2,9","2,9","C_+0,N_+1"
425,2X4R_A.pdb,HLA-A*02:01,NLVPMVATV,9,"2,9","2,9","C_+0,N_+1"
426,5D2N.pdb,HLA-A*02:01,NLVPMVATV,9,"2,9","2,9","C_+0,N_+1"
37,3MRB_B.pdb,HLA-A*02:01,NLVPMVHTV,9,"2,9","2,9","C_+0,N_+1"
38,3MRB_A.pdb,HLA-A*02:01,NLVPMVHTV,9,"2,9","2,9","C_+0,N_+1"
176,3GSV_B.pdb,HLA-A*02:01,NLVPQVATV,9,"2,9","2,9","C_+0,N_+1"
177,3GSV_A.pdb,HLA-A*02:01,NLVPQVATV,9,"2,9","2,9","C_+0,N_+1"
822,3GSQ_A.pdb,HLA-A*02:01,NLVPSVATV,9,"2,9","2,9","C_+0,N_+1"
823,3GSQ_B.pdb,HLA-A*02:01,NLVPSVATV,9,"2,9","2,9","C_+0,N_+1"
940,3GSU_B.pdb,HLA-A*02:01,NLVPTVATV,9,"2,9","2,9","C_+0,N_+1"
941,3GSU_A.pdb,HLA-A*02:01,NLVPTVATV,9,"2,9","2,9","C_+0,N_+1"
174,3GSR_B.pdb,HLA-A*02:01,NLVPVVATV,9,"2,9","2,9","C_+0,N_+1"
175,3GSR_A.pdb,HLA-A*02:01,NLVPVVATV,9,"2,9","2,9","C_+0,N_+1"
93,6EWC.pdb,HLA-A*02:01,RLSSPLHFV,9,"2,9","2,9","C_+0,N_+1"
829,3MGO.pdb,HLA-A*02:01,RLYQNPTTYI,10,"10,2","2,10","C_+0,N_+1"
110,3HPJ_A.pdb,HLA-A*02:01,RMFPNAPYL,9,"2,9","2,9","C_+0,N_+1"
111,6RSY.pdb,HLA-A*02:01,RMFPNAPYL,9,"2,9","2,9","C_+0,N_+1"
112,4WUU.pdb,HLA-A*02:01,RMFPNAPYL,9,"2,9","2,9","C_+0,N_+1"
113,3HPJ_B.pdb,HLA-A*02:01,RMFPNAPYL,9,"2,9","2,9","C_+0,N_+1"
725,3BH8_A.pdb,HLA-A*02:01,RQASIELPSM,10,"10,2","2,10","C_+0,N_+1"
726,3BH8_B.pdb,HLA-A*02:01,RQASIELPSM,10,"10,2","2,10","C_+0,N_+1"
766,4NO2.pdb,HLA-A*02:01,RQASIELPSMAV,12,"12,2","2,12","C_+0,N_+1"
767,4NO0.pdb,HLA-A*02:01,RQASIELPSMAV,12,"12,2","2,12","C_+0,N_+1"
297,3BGM_A.pdb,HLA-A*02:01,RQASLSISV,9,"2,9","2,9","C_+0,N_+1"
298,4NNX_B.pdb,HLA-A*02:01,RQASLSISV,9,"2,9","2,9","C_+0,N_+1"
299,4NNX_A.pdb,HLA-A*02:01,RQASLSISV,9,"2,9","2,9","C_+0,N_+1"
300,3BGM_B.pdb,HLA-A*02:01,RQASLSISV,9,"2,9","2,9","C_+0,N_+1"
301,4NNY.pdb,HLA-A*02:01,RQASLSISV,9,"2,9","2,9","C_+0,N_+1"
199,5C0I_B.pdb,HLA-A*02:01,RQFGPDFPTI,10,"10,2","2,10","C_+0,N_+1"
200,5C0B_B.pdb,HLA-A*02:01,RQFGPDFPTI,10,"10,2","2,10","C_+0,N_+1"
201,5C0B_A.pdb,HLA-A*02:01,RQFGPDFPTI,10,"10,2","2,10","C_+0,N_+1"
202,5C0I_A.pdb,HLA-A*02:01,RQFGPDFPTI,10,"10,2","2,10","C_+0,N_+1"
951,5C0J_B.pdb,HLA-A*02:01,RQFGPDWIVA,10,"10,2","2,10","C_+0,N_+1"
952,5C0J_A.pdb,HLA-A*02:01,RQFGPDWIVA,10,"10,2","2,10","C_+0,N_+1"
953,5C0C.pdb,HLA-A*02:01,RQFGPDWIVA,10,"10,2","2,10","C_+0,N_+1"
589,4NO5_A.pdb,HLA-A*02:01,RQISQDVKL,9,"2,9","2,9","C_+0,N_+1"
590,4NO3_B.pdb,HLA-A*02:01,RQISQDVKL,9,"2,9","2,9","C_+0,N_+1"
591,4NO3_A.pdb,HLA-A*02:01,RQISQDVKL,9,"2,9","2,9","C_+0,N_+1"
592,4NO5_B.pdb,HLA-A*02:01,RQISQDVKL,9,"2,9","2,9","C_+0,N_+1"
717,5C0F_A.pdb,HLA-A*02:01,RQWGPDPAAV,10,"10,2","2,10","C_+0,N_+1"
718,5C08.pdb,HLA-A*02:01,RQWGPDPAAV,10,"10,2","2,10","C_+0,N_+1"
719,5C0F_B.pdb,HLA-A*02:01,RQWGPDPAAV,10,"10,2","2,10","C_+0,N_+1"
819,6EWO.pdb,HLA-A*02:01,RTFSPTYGL,9,"2,9","2,9","C_+0,N_+1"
910,3BH9_A.pdb,HLA-A*02:01,RTYSGPMNKV,10,"10,2","2,10","C_+0,N_+1"
911,3BH9_B.pdb,HLA-A*02:01,RTYSGPMNKV,10,"10,2","2,10","C_+0,N_+1"
541,3FQW_B.pdb,HLA-A*02:01,RVASPTSGV,9,"2,9","2,9","C_+0,N_+1"
542,3FQW_A.pdb,HLA-A*02:01,RVASPTSGV,9,"2,9","2,9","C_+0,N_+1"
543,3FQX_A.pdb,HLA-A*02:01,RVASPTSGV,9,"2,9","2,9","C_+0,N_+1"
544,3FQX_B.pdb,HLA-A*02:01,RVASPTSGV,9,"2,9","2,9","C_+0,N_+1"
1116,1S8D.pdb,HLA-A*02:01,SLANTVATL,9,"2,9","2,9","C_+0,N_+1"
317,6RPA.pdb,HLA-A*02:01,SLLMWITQV,9,"2,9","2,9","C_+0,N_+1"
318,3GJG.pdb,HLA-A*02:01,SLLMWITQV,9,"2,9","2,9","C_+0,N_+1"
319,6RP9.pdb,HLA-A*02:01,SLLMWITQV,9,"2,9","2,9","C_+0,N_+1"
320,3GJF.pdb,HLA-A*02:01,SLLMWITQV,9,"2,9","2,9","C_+0,N_+1"
321,2BNQ.pdb,HLA-A*02:01,SLLMWITQV,9,"2,9","2,9","C_+0,N_+1"
322,6RPB.pdb,HLA-A*02:01,SLLMWITQV,9,"2,9","2,9","C_+0,N_+1"
323,3HAE.pdb,HLA-A*02:01,SLLMWITQV,9,"2,9","2,9","C_+0,N_+1"
324,6Q3S.pdb,HLA-A*02:01,SLLMWITQV,9,"2,9","2,9","C_+0,N_+1"
771,5EU4_A.pdb,HLA-A*02:01,YLAPGPVTA,9,"2,9","2,9","C_+0,N_+1"
772,5EU4_B.pdb,HLA-A*02:01,YLAPGPVTA,9,"2,9","2,9","C_+0,N_+1"
796,3FQR_B.pdb,HLA-A*02:01,YLDSGIHSGA,10,"10,2","2,10","C_+0,N_+1"
797,3FQR_A.pdb,HLA-A*02:01,YLDSGIHSGA,10,"10,2","2,10","C_+0,N_+1"
436,5EU5_B.pdb,HLA-A*02:01,YLEPAPVTA,9,"2,9","2,9","C_+0,N_+1"
437,5EU5_A.pdb,HLA-A*02:01,YLEPAPVTA,9,"2,9","2,9","C_+0,N_+1"
357,5EU3_B.pdb,HLA-A*02:01,YLEPGPVTA,9,"2,9","2,9","C_+0,N_+1"
358,5EU3_A.pdb,HLA-A*02:01,YLEPGPVTA,9,"2,9","2,9","C_+0,N_+1"
1073,5EU6_A.pdb,HLA-A*02:01,YLEPGPVTV,9,"2,9","2,9","C_+0,N_+1"
1074,5EU6_B.pdb,HLA-A*02:01,YLEPGPVTV,9,"2,9","2,9","C_+0,N_+1"
720,5C0H_A.pdb,HLA-A*02:01,YLGGPDFPTI,10,"10,2","2,10","C_+0,N_+1"
721,5C0H_B.pdb,HLA-A*02:01,YLGGPDFPTI,10,"10,2","2,10","C_+0,N_+1"
722,5C0G_A.pdb,HLA-A*02:01,YLGGPDFPTI,10,"10,2","2,10","C_+0,N_+1"
723,5C09.pdb,HLA-A*02:01,YLGGPDFPTI,10,"10,2","2,10","C_+0,N_+1"
724,5C0G_B.pdb,HLA-A*02:01,YLGGPDFPTI,10,"10,2","2,10","C_+0,N_+1"
1173,1I1Y.pdb,HLA-A*02:01,YLKEPVHGV,9,"2,9","2,9","C_+0,N_+1"
924,4L3C.pdb,HLA-A*02:01,YLLMWITQV,9,"2,9","2,9","C_+0,N_+1"
925,4L29.pdb,HLA-A*02:01,YLLMWITQV,9,"2,9","2,9","C_+0,N_+1"
1127,5F9J.pdb,HLA-A*02:01,YLSPIASPL,9,"2,9","2,9","C_+0,N_+1"
1168,5FDW_A.pdb,HLA-A*02:01,YLSPIASPLL,10,"10,2","2,10","C_+0,N_+1"
1169,5FDW_B.pdb,HLA-A*02:01,YLSPIASPLL,10,"10,2","2,10","C_+0,N_+1"
974,6O51_B.pdb,HLA-A*02:01,YLVVVGAVGV,10,"10,2","2,10","C_+0,N_+1"
975,6O51_A.pdb,HLA-A*02:01,YLVVVGAVGV,10,"10,2","2,10","C_+0,N_+1"
373,3MYJ_B.pdb,HLA-A*02:01,YMFPNAPYL,9,"2,9","2,9","C_+0,N_+1"
374,3MYJ_A.pdb,HLA-A*02:01,YMFPNAPYL,9,"2,9","2,9","C_+0,N_+1"
123,5C07.pdb,HLA-A*02:01,YQFGPDFPIA,10,"10,2","2,10","C_+0,N_+1"
124,5C0E_A.pdb,HLA-A*02:01,YQFGPDFPIA,10,"10,2","2,10","C_+0,N_+1"
125,5C0E_B.pdb,HLA-A*02:01,YQFGPDFPIA,10,"10,2","2,10","C_+0,N_+1"
954,6NCA.pdb,HLA-A*02:01,YVLDHLIVV,9,"2,9","2,9","C_+0,N_+1"
231,3OX8_A.pdb,HLA-A*02:03,FLPSDFFPSV,10,"10,2","2,10","C_+0,N_+1"
232,3OX8_B.pdb,HLA-A*02:03,FLPSDFFPSV,10,"10,2","2,10","C_+0,N_+1"
1054,3OXR.pdb,HLA-A*02:06,FLPSDFFPSV,10,"10,2","2,10","C_+0,N_+1"
880,6UK4.pdb,HLA-A*02:06,KQWLVWLFL,9,"2,9","2,9","C_+0,N_+1"
881,6P64.pdb,HLA-A*02:06,KQWLVWLFL,9,"2,9","2,9","C_+0,N_+1"
882,6UJO.pdb,HLA-A*02:06,KQWLVWLFL,9,"2,9","2,9","C_+0,N_+1"
457,6UJQ.pdb,HLA-A*02:06,KQWLVWLLL,9,"2,9","2,9","C_+0,N_+1"
458,6UK2.pdb,HLA-A*02:06,KQWLVWLLL,9,"2,9","2,9","C_+0,N_+1"
937,2XPG.pdb,HLA-A*03:01,KLIETYFSK,9,"2,9","2,9","C_+0,N_+1"
88,5F1I.pdb,HLA-A*11:183,KLFSGELTK,9,"2,9","2,9","C_+0,N_+1"
691,4F7M.pdb,HLA-A*24:02,LYASPQLEGF,10,"10,2","2,10","C_+0,N_+1"
928,5WWU.pdb,HLA-A*24:02,LYKKLKREITF,11,"11,2","2,11","C_+0,N_+1"
238,5WWI.pdb,HLA-A*24:02,LYKKLKREMTF,11,"11,2","2,11","C_+0,N_+1"
239,5WXD.pdb,HLA-A*24:02,LYKKLKREMTF,11,"11,2","2,11","C_+0,N_+1"
788,3WL9.pdb,HLA-A*24:02,NYTPGPGIRF,10,"10,2","2,10","C_+0,N_+1"
907,3I6L.pdb,HLA-A*24:02,QFKDNVILL,9,"2,9","2,9","C_+0,N_+1"
142,5HGA.pdb,HLA-A*24:02,RFPLTFGW,8,"2,8","2,8","C_+0,N_+1"
143,4WU7.pdb,HLA-A*24:02,RFPLTFGW,8,"2,8","2,8","C_+0,N_+1"
696,4WU5.pdb,HLA-A*24:02,RYPLTFGW,8,"2,8","2,8","C_+0,N_+1"
697,7K81_A.pdb,HLA-A*24:02,RYPLTFGW,8,"2,8","2,8","C_+0,N_+1"
698,7K80.pdb,HLA-A*24:02,RYPLTFGW,8,"2,8","2,8","C_+0,N_+1"
699,7K81_B.pdb,HLA-A*24:02,RYPLTFGW,8,"2,8","2,8","C_+0,N_+1"
60,5HGH.pdb,HLA-A*24:02,RYPLTFGWCF,10,"10,2","2,10","C_+0,N_+1"
61,3NFN.pdb,HLA-A*24:02,RYPLTFGWCF,10,"10,2","2,10","C_+0,N_+1"
62,5XOV.pdb,HLA-A*24:02,RYPLTFGWCF,10,"10,2","2,10","C_+0,N_+1"
63,3VXN.pdb,HLA-A*24:02,RYPLTFGWCF,10,"10,2","2,10","C_+0,N_+1"
64,3NFJ.pdb,HLA-A*24:02,RYPLTFGWCF,10,"10,2","2,10","C_+0,N_+1"
65,3VXR.pdb,HLA-A*24:02,RYPLTFGWCF,10,"10,2","2,10","C_+0,N_+1"
66,3QZW.pdb,HLA-A*24:02,RYPLTFGWCF,10,"10,2","2,10","C_+0,N_+1"
738,3VXP.pdb,HLA-A*24:02,RYPLTLGWCF,10,"10,2","2,10","C_+0,N_+1"
739,3VXS.pdb,HLA-A*24:02,RYPLTLGWCF,10,"10,2","2,10","C_+0,N_+1"
1146,2BCK.pdb,HLA-A*24:02,VYGFVRACL,9,"2,9","2,9","C_+0,N_+1"
597,6J29_B.pdb,HLA-A*30:03,QIMYNYPAM,9,"2,9","2,9","C_+0,N_+1"
598,6J29_A.pdb,HLA-A*30:03,QIMYNYPAM,9,"2,9","2,9","C_+0,N_+1"
1119,4HWZ.pdb,HLA-A*68:01,AIFQSSMTK,9,"2,9","2,9","C_+0,N_+1"
390,3VCL_A.pdb,HLA-B*07:02,RPHERNGFTVL,11,"11,2","2,11","C_+0,N_+1"
391,3VCL_B.pdb,HLA-B*07:02,RPHERNGFTVL,11,"11,2","2,11","C_+0,N_+1"
466,5EO0_B.pdb,HLA-B*07:02,RPMTFKGAL,9,"2,9","2,9","C_+0,N_+1"
467,5EO0_A.pdb,HLA-B*07:02,RPMTFKGAL,9,"2,9","2,9","C_+0,N_+1"
257,5EO1_A.pdb,HLA-B*07:02,RPMTYKGAL,9,"2,9","2,9","C_+0,N_+1"
258,5EO1_B.pdb,HLA-B*07:02,RPMTYKGAL,9,"2,9","2,9","C_+0,N_+1"
537,6VMX_A.pdb,HLA-B*07:02,RPPIFIRRL,9,"2,9","2,9","C_+0,N_+1"
538,5WMO_B.pdb,HLA-B*07:02,RPPIFIRRL,9,"2,9","2,9","C_+0,N_+1"
539,5WMO_A.pdb,HLA-B*07:02,RPPIFIRRL,9,"2,9","2,9","C_+0,N_+1"
540,6VMX_B.pdb,HLA-B*07:02,RPPIFIRRL,9,"2,9","2,9","C_+0,N_+1"
440,4U1K_A.pdb,HLA-B*07:02,RPQVPLRPM,9,"2,9","2,9","C_+0,N_+1"
441,4U1K_B.pdb,HLA-B*07:02,RPQVPLRPM,9,"2,9","2,9","C_+0,N_+1"
182,3FFC_B.pdb,HLA-B*08:01,FLRGRAYGL,9,"2,9","2,9","C_+0,N_+1"
183,3X13_A.pdb,HLA-B*08:01,FLRGRAYGL,9,"2,9","2,9","C_+0,N_+1"
184,1MI5.pdb,HLA-B*08:01,FLRGRAYGL,9,"2,9","2,9","C_+0,N_+1"
185,3X13_B.pdb,HLA-B*08:01,FLRGRAYGL,9,"2,9","2,9","C_+0,N_+1"
186,3SKO_B.pdb,HLA-B*08:01,FLRGRAYGL,9,"2,9","2,9","C_+0,N_+1"
187,3SKO_A.pdb,HLA-B*08:01,FLRGRAYGL,9,"2,9","2,9","C_+0,N_+1"
188,3SJV.pdb,HLA-B*08:01,FLRGRAYGL,9,"2,9","2,9","C_+0,N_+1"
189,3FFC_A.pdb,HLA-B*08:01,FLRGRAYGL,9,"2,9","2,9","C_+0,N_+1"
190,3X14.pdb,HLA-B*08:01,FLRGRAYGL,9,"2,9","2,9","C_+0,N_+1"
191,1M05.pdb,HLA-B*08:01,FLRGRAYGL,9,"2,9","2,9","C_+0,N_+1"
1057,3SKM_A.pdb,HLA-B*08:01,FLRGRAYVL,9,"2,9","2,9","C_+0,N_+1"
1058,3SKM_B.pdb,HLA-B*08:01,FLRGRAYVL,9,"2,9","2,9","C_+0,N_+1"
22,3BXN_B.pdb,HLA-B*14:02,IRAAPPPLF,9,"2,9","2,9","C_+0,N_+1"
23,3BXN_A.pdb,HLA-B*14:02,IRAAPPPLF,9,"2,9","2,9","C_+0,N_+1"
1185,3BVN.pdb,HLA-B*14:02,RRRWRRLTV,9,"2,9","2,9","C_+0,N_+1"
593,4XXC_B.pdb,HLA-B*18:01,DELEIKAY,8,"2,8","2,8","C_+0,N_+1"
594,4XXC_A.pdb,HLA-B*18:01,DELEIKAY,8,"2,8","2,8","C_+0,N_+1"
929,4JQV_B.pdb,HLA-B*18:01,SELEIKRY,8,"2,8","2,8","C_+0,N_+1"
930,4JQV_A.pdb,HLA-B*18:01,SELEIKRY,8,"2,8","2,8","C_+0,N_+1"
810,6PYL_B.pdb,HLA-B*27:03,KRWIILGLNK,10,"10,2","2,10","C_+0,N_+1"
811,6PYL_A.pdb,HLA-B*27:03,KRWIILGLNK,10,"10,2","2,10","C_+0,N_+1"
942,2BSS.pdb,HLA-B*27:05,KRWIILGLNK,10,"10,2","2,10","C_+0,N_+1"
943,4G8G_B.pdb,HLA-B*27:05,KRWIILGLNK,10,"10,2","2,10","C_+0,N_+1"
944,4G8G_A.pdb,HLA-B*27:05,KRWIILGLNK,10,"10,2","2,10","C_+0,N_+1"
945,4G9D_A.pdb,HLA-B*27:05,KRWIILGLNK,10,"10,2","2,10","C_+0,N_+1"
946,4G9D_B.pdb,HLA-B*27:05,KRWIILGLNK,10,"10,2","2,10","C_+0,N_+1"
734,4G8I_B.pdb,HLA-B*27:05,KRWIIMGLNK,10,"10,2","2,10","C_+0,N_+1"
735,4G9F_B.pdb,HLA-B*27:05,KRWIIMGLNK,10,"10,2","2,10","C_+0,N_+1"
736,4G8I_A.pdb,HLA-B*27:05,KRWIIMGLNK,10,"10,2","2,10","C_+0,N_+1"
737,4G9F_A.pdb,HLA-B*27:05,KRWIIMGLNK,10,"10,2","2,10","C_+0,N_+1"
1156,2BSR.pdb,HLA-B*27:05,RRIYDLIEL,9,"2,9","2,9","C_+0,N_+1"
522,5IB3_B.pdb,HLA-B*27:05,RRKWRRWHL,9,"2,9","2,9","C_+0,N_+1"
523,5IB2_B.pdb,HLA-B*27:05,RRKWRRWHL,9,"2,9","2,9","C_+0,N_+1"
524,5IB1_B.pdb,HLA-B*27:05,RRKWRRWHL,9,"2,9","2,9","C_+0,N_+1"
525,5IB2_A.pdb,HLA-B*27:05,RRKWRRWHL,9,"2,9","2,9","C_+0,N_+1"
526,5IB4_B.pdb,HLA-B*27:05,RRKWRRWHL,9,"2,9","2,9","C_+0,N_+1"
527,5IB1_A.pdb,HLA-B*27:05,RRKWRRWHL,9,"2,9","2,9","C_+0,N_+1"
528,1OGT_A.pdb,HLA-B*27:05,RRKWRRWHL,9,"2,9","2,9","C_+0,N_+1"
529,1OGT_B.pdb,HLA-B*27:05,RRKWRRWHL,9,"2,9","2,9","C_+0,N_+1"
530,5IB4_A.pdb,HLA-B*27:05,RRKWRRWHL,9,"2,9","2,9","C_+0,N_+1"
531,5IB3_A.pdb,HLA-B*27:05,RRKWRRWHL,9,"2,9","2,9","C_+0,N_+1"
223,1W0V_B.pdb,HLA-B*27:05,RRLPIFSRL,9,"2,9","2,9","C_+0,N_+1"
224,1W0V_A.pdb,HLA-B*27:05,RRLPIFSRL,9,"2,9","2,9","C_+0,N_+1"
119,2A83_B.pdb,HLA-B*27:05,RRRWHRWRL,9,"2,9","2,9","C_+0,N_+1"
120,2A83_A.pdb,HLA-B*27:05,RRRWHRWRL,9,"2,9","2,9","C_+0,N_+1"
0,1UXS_A.pdb,HLA-B*27:05,RRRWRRLTV,9,"2,9","2,9","C_+0,N_+1"
1,1UXS_B.pdb,HLA-B*27:05,RRRWRRLTV,9,"2,9","2,9","C_+0,N_+1"
91,5DEG_B.pdb,HLA-B*27:06,RRKWRRWHL,9,"2,9","2,9","C_+0,N_+1"
92,5DEG_A.pdb,HLA-B*27:06,RRKWRRWHL,9,"2,9","2,9","C_+0,N_+1"
888,1OF2_A.pdb,HLA-B*27:09,RRKWRRWHL,9,"2,9","2,9","C_+0,N_+1"
889,5IB5_B.pdb,HLA-B*27:09,RRKWRRWHL,9,"2,9","2,9","C_+0,N_+1"
890,5IB5_A.pdb,HLA-B*27:09,RRKWRRWHL,9,"2,9","2,9","C_+0,N_+1"
891,1OF2_B.pdb,HLA-B*27:09,RRKWRRWHL,9,"2,9","2,9","C_+0,N_+1"
580,1JGD_B.pdb,HLA-B*27:09,RRLLRGHNQY,10,"10,2","2,10","C_+0,N_+1"
581,1JGD_A.pdb,HLA-B*27:09,RRLLRGHNQY,10,"10,2","2,10","C_+0,N_+1"
478,1W0W_A.pdb,HLA-B*27:09,RRLPIFSRL,9,"2,9","2,9","C_+0,N_+1"
479,1W0W_B.pdb,HLA-B*27:09,RRLPIFSRL,9,"2,9","2,9","C_+0,N_+1"
1044,3CZF_A.pdb,HLA-B*27:09,RRRWHRWRL,9,"2,9","2,9","C_+0,N_+1"
1045,3CZF_B.pdb,HLA-B*27:09,RRRWHRWRL,9,"2,9","2,9","C_+0,N_+1"
800,1ZSD.pdb,HLA-B*35:01,EPLPQGQLTAY,11,"11,2","2,11","C_+0,N_+1"
801,2NX5.pdb,HLA-B*35:01,EPLPQGQLTAY,11,"11,2","2,11","C_+0,N_+1"
1040,4PR5_A.pdb,HLA-B*35:01,HPVGDADYFEY,11,"11,2","2,11","C_+0,N_+1"
1041,4PR5_B.pdb,HLA-B*35:01,HPVGDADYFEY,11,"11,2","2,11","C_+0,N_+1"
67,4PRP_A.pdb,HLA-B*35:01,HPVGQADYFEY,11,"11,2","2,11","C_+0,N_+1"
68,4PRA_A.pdb,HLA-B*35:01,HPVGQADYFEY,11,"11,2","2,11","C_+0,N_+1"
69,4PRP_B.pdb,HLA-B*35:01,HPVGQADYFEY,11,"11,2","2,11","C_+0,N_+1"
70,4PRA_B.pdb,HLA-B*35:01,HPVGQADYFEY,11,"11,2","2,11","C_+0,N_+1"
280,5XOS_A.pdb,HLA-B*35:01,IPLTEEAEL,9,"2,9","2,9","C_+0,N_+1"
281,5XOS_B.pdb,HLA-B*35:01,IPLTEEAEL,9,"2,9","2,9","C_+0,N_+1"
282,5XOT.pdb,HLA-B*35:01,IPLTEEAEL,9,"2,9","2,9","C_+0,N_+1"
438,2CIK.pdb,HLA-B*35:01,KPIVVLHGY,9,"2,9","2,9","C_+0,N_+1"
439,2H6P.pdb,HLA-B*35:01,KPIVVLHGY,9,"2,9","2,9","C_+0,N_+1"
128,1XH3.pdb,HLA-B*35:01,LPAVVGLSPGEQEY,14,"14,2","2,14","C_+0,N_+1"
158,3LKP_B.pdb,HLA-B*35:01,LPFDKSTIM,9,"2,9","2,9","C_+0,N_+1"
159,3LKP_A.pdb,HLA-B*35:01,LPFDKSTIM,9,"2,9","2,9","C_+0,N_+1"
568,3LKQ_B.pdb,HLA-B*35:01,LPFDKTTIM,9,"2,9","2,9","C_+0,N_+1"
569,3LKQ_A.pdb,HLA-B*35:01,LPFDKTTIM,9,"2,9","2,9","C_+0,N_+1"
868,3LKO_A.pdb,HLA-B*35:01,LPFDRTTIM,9,"2,9","2,9","C_+0,N_+1"
869,3LKO_B.pdb,HLA-B*35:01,LPFDRTTIM,9,"2,9","2,9","C_+0,N_+1"
926,3LKR_A.pdb,HLA-B*35:01,LPFERATVM,9,"2,9","2,9","C_+0,N_+1"
927,3LKR_B.pdb,HLA-B*35:01,LPFERATVM,9,"2,9","2,9","C_+0,N_+1"
1053,4LNR.pdb,HLA-B*35:01,RPQVPLRPMTY,11,"11,2","2,11","C_+0,N_+1"
1064,1A1N.pdb,HLA-B*35:01,VPLRPMTY,8,"2,8","2,8","C_+0,N_+1"
612,3BWA_A.pdb,HLA-B*35:08,FPTKDVAL,8,"2,8","2,8","C_+0,N_+1"
613,3BWA_B.pdb,HLA-B*35:08,FPTKDVAL,8,"2,8","2,8","C_+0,N_+1"
731,4PRB_B.pdb,HLA-B*35:08,HPVAEADYFEY,11,"11,2","2,11","C_+0,N_+1"
732,4PRB_A.pdb,HLA-B*35:08,HPVAEADYFEY,11,"11,2","2,11","C_+0,N_+1"
354,2FZ3.pdb,HLA-B*35:08,HPVGEADYFEY,11,"11,2","2,11","C_+0,N_+1"
355,4PRI_B.pdb,HLA-B*35:08,HPVGEADYFEY,11,"11,2","2,11","C_+0,N_+1"
356,4PRI_A.pdb,HLA-B*35:08,HPVGEADYFEY,11,"11,2","2,11","C_+0,N_+1"
637,4PRE_A.pdb,HLA-B*35:08,HPVGQADYFEY,11,"11,2","2,11","C_+0,N_+1"
638,4PRE_B.pdb,HLA-B*35:08,HPVGQADYFEY,11,"11,2","2,11","C_+0,N_+1"
584,6MTM.pdb,HLA-B*37:01,FEDLRVLSF,9,"2,9","2,9","C_+0,N_+1"
585,6MT6_A.pdb,HLA-B*37:01,FEDLRVLSF,9,"2,9","2,9","C_+0,N_+1"
586,6MT6_B.pdb,HLA-B*37:01,FEDLRVLSF,9,"2,9","2,9","C_+0,N_+1"
715,6MT4_B.pdb,HLA-B*37:01,FEDLRVSSF,9,"2,9","2,9","C_+0,N_+1"
716,6MT4_A.pdb,HLA-B*37:01,FEDLRVSSF,9,"2,9","2,9","C_+0,N_+1"
442,5IEK_B.pdb,HLA-B*40:02,REFSKEPEL,9,"2,9","2,9","C_+0,N_+1"
443,5IEK_A.pdb,HLA-B*40:02,REFSKEPEL,9,"2,9","2,9","C_+0,N_+1"
444,5IEH_A.pdb,HLA-B*40:02,REFSKEPEL,9,"2,9","2,9","C_+0,N_+1"
445,5IEH_B.pdb,HLA-B*40:02,REFSKEPEL,9,"2,9","2,9","C_+0,N_+1"
114,4U1N_A.pdb,HLA-B*42:02,RPQVPLRPM,9,"2,9","2,9","C_+0,N_+1"
115,4U1N_B.pdb,HLA-B*42:02,RPQVPLRPM,9,"2,9","2,9","C_+0,N_+1"
762,3L3K.pdb,HLA-B*44:02,EEFGAAASF,9,"2,9","2,9","C_+0,N_+1"
313,3DX6_A.pdb,HLA-B*44:02,EENLLDFVRF,10,"10,2","2,10","C_+0,N_+1"
314,3DX6_B.pdb,HLA-B*44:02,EENLLDFVRF,10,"10,2","2,10","C_+0,N_+1"
855,3DX8_B.pdb,HLA-B*44:05,EENLLDFVRF,10,"10,2","2,10","C_+0,N_+1"
856,3DX8_A.pdb,HLA-B*44:05,EENLLDFVRF,10,"10,2","2,10","C_+0,N_+1"
857,3DXA.pdb,HLA-B*44:05,EENLLDFVRF,10,"10,2","2,10","C_+0,N_+1"
619,3KPQ_B.pdb,HLA-B*44:05,EEYLKAWTF,9,"2,9","2,9","C_+0,N_+1"
620,3KPQ_A.pdb,HLA-B*44:05,EEYLKAWTF,9,"2,9","2,9","C_+0,N_+1"
554,3KPP_A.pdb,HLA-B*44:05,EEYLQAFTY,9,"2,9","2,9","C_+0,N_+1"
555,3KPP_B.pdb,HLA-B*44:05,EEYLQAFTY,9,"2,9","2,9","C_+0,N_+1"
556,3KPS.pdb,HLA-B*44:05,EEYLQAFTY,9,"2,9","2,9","C_+0,N_+1"
773,6MTL_B.pdb,HLA-B*44:05,FEDLRVLSF,9,"2,9","2,9","C_+0,N_+1"
774,6MTL_A.pdb,HLA-B*44:05,FEDLRVLSF,9,"2,9","2,9","C_+0,N_+1"
1107,1A1O.pdb,HLA-B*53:01,KPIVQYDNF,9,"2,9","2,9","C_+0,N_+1"
982,6V2O_A.pdb,HLA-B*57:01,ASLNLPAVSW,10,"10,2","2,10","C_+0,N_+1"
983,6V2O_B.pdb,HLA-B*57:01,ASLNLPAVSW,10,"10,2","2,10","C_+0,N_+1"
863,2YPK.pdb,HLA-B*57:01,KAFSPEVIPMF,11,"11,2","2,11","C_+0,N_+1"
614,6D2T_A.pdb,HLA-B*57:01,LALLTGVRW,9,"2,9","2,9","C_+0,N_+1"
615,6D2T_B.pdb,HLA-B*57:01,LALLTGVRW,9,"2,9","2,9","C_+0,N_+1"
338,2RFX_B.pdb,HLA-B*57:01,LSSPVTKSF,9,"2,9","2,9","C_+0,N_+1"
339,3X11_B.pdb,HLA-B*57:01,LSSPVTKSF,9,"2,9","2,9","C_+0,N_+1"
340,5B38.pdb,HLA-B*57:01,LSSPVTKSF,9,"2,9","2,9","C_+0,N_+1"
341,5B39.pdb,HLA-B*57:01,LSSPVTKSF,9,"2,9","2,9","C_+0,N_+1"
342,3VH8.pdb,HLA-B*57:01,LSSPVTKSF,9,"2,9","2,9","C_+0,N_+1"
343,3X12_B.pdb,HLA-B*57:01,LSSPVTKSF,9,"2,9","2,9","C_+0,N_+1"
344,2RFX_A.pdb,HLA-B*57:01,LSSPVTKSF,9,"2,9","2,9","C_+0,N_+1"
345,3WUW.pdb,HLA-B*57:01,LSSPVTKSF,9,"2,9","2,9","C_+0,N_+1"
346,3X11_A.pdb,HLA-B*57:01,LSSPVTKSF,9,"2,9","2,9","C_+0,N_+1"
347,3X12_A.pdb,HLA-B*57:01,LSSPVTKSF,9,"2,9","2,9","C_+0,N_+1"
1070,5VUD_A.pdb,HLA-B*57:01,LSSPVTKSW,9,"2,9","2,9","C_+0,N_+1"
1071,5VUD_B.pdb,HLA-B*57:01,LSSPVTKSW,9,"2,9","2,9","C_+0,N_+1"
802,5VUE_B.pdb,HLA-B*57:01,LTVQVARVW,9,"2,9","2,9","C_+0,N_+1"
803,5VUE_A.pdb,HLA-B*57:01,LTVQVARVW,9,"2,9","2,9","C_+0,N_+1"
895,5VUF_B.pdb,HLA-B*57:01,LTVQVARVY,9,"2,9","2,9","C_+0,N_+1"
896,5VUF_A.pdb,HLA-B*57:01,LTVQVARVY,9,"2,9","2,9","C_+0,N_+1"
302,6D29_B.pdb,HLA-B*57:01,TSMSFVPRPW,10,"10,2","2,10","C_+0,N_+1"
303,6D29_A.pdb,HLA-B*57:01,TSMSFVPRPW,10,"10,2","2,10","C_+0,N_+1"
950,5T70.pdb,HLA-B*57:01,TSNLQEQIGW,10,"10,2","2,10","C_+0,N_+1"
608,6V2P_A.pdb,HLA-B*57:03,ASLNLPAVSW,10,"10,2","2,10","C_+0,N_+1"
609,6V2P_B.pdb,HLA-B*57:03,ASLNLPAVSW,10,"10,2","2,10","C_+0,N_+1"
976,2BVQ.pdb,HLA-B*57:03,KAFSPEVI,8,"2,8","2,8","C_+0,N_+1"
309,2BVO.pdb,HLA-B*57:03,KAFSPEVIPMF,11,"11,2","2,11","C_+0,N_+1"
754,6V2Q_B.pdb,HLA-B*57:03,LSSPVTKSF,9,"2,9","2,9","C_+0,N_+1"
755,6V3J_A.pdb,HLA-B*57:03,LSSPVTKSF,9,"2,9","2,9","C_+0,N_+1"
756,6V3J_B.pdb,HLA-B*57:03,LSSPVTKSF,9,"2,9","2,9","C_+0,N_+1"
757,6V2Q_A.pdb,HLA-B*57:03,LSSPVTKSF,9,"2,9","2,9","C_+0,N_+1"
18,5VVP_B.pdb,HLA-B*57:03,LSSPVTKSW,9,"2,9","2,9","C_+0,N_+1"
19,5VVP_A.pdb,HLA-B*57:03,LSSPVTKSW,9,"2,9","2,9","C_+0,N_+1"
428,5VWD_B.pdb,HLA-B*57:03,LTVQVARVW,9,"2,9","2,9","C_+0,N_+1"
429,5VWD_A.pdb,HLA-B*57:03,LTVQVARVW,9,"2,9","2,9","C_+0,N_+1"
220,5VWF_A.pdb,HLA-B*57:03,LTVQVARVY,9,"2,9","2,9","C_+0,N_+1"
221,5VWF_B.pdb,HLA-B*57:03,LTVQVARVY,9,"2,9","2,9","C_+0,N_+1"
1167,2HJL.pdb,HLA-B*57:06,KAFNPEIIPMF,11,"11,2","2,11","C_+0,N_+1"
1175,2YPL.pdb,HLA-B*57:06,KAFSPEVIPMF,11,"11,2","2,11","C_+0,N_+1"
906,5IND.pdb,HLA-B*58:11,QASQDVKNW,9,"2,9","2,9","C_+0,N_+1"
446,5IM7_A.pdb,HLA-B*58:11,QASQEVKNW,9,"2,9","2,9","C_+0,N_+1"
447,5IM7_B.pdb,HLA-B*58:11,QASQEVKNW,9,"2,9","2,9","C_+0,N_+1"
1036,5INC.pdb,HLA-B*58:11,QATQEVANW,9,"2,9","2,9","C_+0,N_+1"
1067,4U1L_B.pdb,HLA-B*81:01,RPQVPLRPM,9,"2,9","2,9","C_+0,N_+1"
1068,4U1L_A.pdb,HLA-B*81:01,RPQVPLRPM,9,"2,9","2,9","C_+0,N_+1"
1179,6GHN.pdb,HLA-E*01:03,RLPAKAPLF,9,"2,9","2,9","C_+0,N_+1"
997,6GH1.pdb,HLA-E*01:03,RLPAKAPLL,9,"2,9","2,9","C_+0,N_+1"
493,6GL1.pdb,HLA-E*01:03,RMYSPTSIL,9,"2,9","2,9","C_+0,N_+1"
923,6GH4.pdb,HLA-E*01:03,RQPAKAPLL,9,"2,9","2,9","C_+0,N_+1"
799,3JTT.pdb,Mamu-A1*002:01:01:01,YTSGPGIRY,9,"2,9","2,9","C_+0,N_+1"
1182,3KYO.pdb,Mamu-B*008:01:01:01,KLPAQFYIL,9,"2,9","2,9","C_+0,N_+1"
1134,1ED3.pdb,Rano-A1*b,ILFPSSERLISNR,13,"13,2","2,13","C_+0,N_+1"
557,1KJV_B.pdb,Rano-A1*b,NPRAMQALL,9,"2,9","2,9","C_+0,N_+1"
558,1KJV_A.pdb,Rano-A1*b,NPRAMQALL,9,"2,9","2,9","C_+0,N_+1"
1000,6KWL.pdb,SLA-1*04:01:01,MTAHITVPY,9,"2,9","2,9","C_+0,N_+1"
1001,6KWK.pdb,SLA-1*04:01:01,MTAHITVPY,9,"2,9","2,9","C_+0,N_+1"
1183,3QQ3.pdb,SLA-1*04:01:01,NSDTVGWSW,9,"2,9","2,9","C_+0,N_+1"
867,5H94.pdb,SLA-1*07:04,KMNTQFTAV,9,"2,9","2,9","C_+0,N_+1"
758,5NQ3_B.pdb,SLA-1*14:02,EFEDLTFLA,9,"2,9","2,9","C_+0,N_+1"
759,5NPZ_B.pdb,SLA-1*14:02,EFEDLTFLA,9,"2,9","2,9","C_+0,N_+1"
760,5NQ3_A.pdb,SLA-1*14:02,EFEDLTFLA,9,"2,9","2,9","C_+0,N_+1"
761,5NPZ_A.pdb,SLA-1*14:02,EFEDLTFLA,9,"2,9","2,9","C_+0,N_+1"
622,5YLX.pdb,SLA-1*15:01,TMPPGFELY,9,"2,9","2,9","C_+0,N_+1"
1106,1BZ9.pdb,H2-Db,FAPGVFPYM,9,"2,3,9","2,9","C_+0,N_+1,N_+2"
573,5M02_B.pdb,H2-Db,KAPFNFATM,9,"2,3,9","2,9","C_+0,N_+1,N_+2"
574,3TBY.pdb,H2-Db,KAPFNFATM,9,"2,3,9","2,9","C_+0,N_+1,N_+2"
575,5M02_A.pdb,H2-Db,KAPFNFATM,9,"2,3,9","2,9","C_+0,N_+1,N_+2"
1030,5WEU_B.pdb,H2-Dd,RGPGCAFVTI,10,"10,2,3","2,10","C_+0,N_+1,N_+2"
1031,5WEU_A.pdb,H2-Dd,RGPGCAFVTI,10,"10,2,3","2,10","C_+0,N_+1,N_+2"
1149,1S7R.pdb,H2-Kb,KAVYNLATM,9,"2,3,9","2,9","C_+0,N_+1,N_+2"
1178,1LD9.pdb,H2-Ld,YPNVNIHNF,9,"2,3,9","2,9","C_+0,N_+1,N_+2"
865,6P2F.pdb,HLA-B*08:01,AAAKKGYCL,9,"2,3,9","2,9","C_+0,N_+1,N_+2"
576,6P23.pdb,HLA-B*08:01,AAAKKKYCL,9,"2,3,9","2,9","C_+0,N_+1,N_+2"
577,6P27.pdb,HLA-B*08:01,AAAKKKYCL,9,"2,3,9","2,9","C_+0,N_+1,N_+2"
578,6P2S.pdb,HLA-B*08:01,AAAKKKYCL,9,"2,3,9","2,9","C_+0,N_+1,N_+2"
579,6P2C.pdb,HLA-B*08:01,AAAKKKYCL,9,"2,3,9","2,9","C_+0,N_+1,N_+2"
265,4PRH.pdb,HLA-B*35:08,HPVGDADYFEY,11,"11,2,3","2,11","C_+0,N_+1,N_+2"
266,4PRD_B.pdb,HLA-B*35:08,HPVGDADYFEY,11,"11,2,3","2,11","C_+0,N_+1,N_+2"
267,4PRD_A.pdb,HLA-B*35:08,HPVGDADYFEY,11,"11,2,3","2,11","C_+0,N_+1,N_+2"
1025,1E27.pdb,HLA-B*51:01,LPPVVAKEI,9,"2,3,9","2,9","C_+0,N_+1,N_+2"
1172,5T6W.pdb,HLA-B*57:01,SSTRGISQLW,10,"10,2,3","2,10","C_+0,N_+1,N_+2"
647,5T6Z.pdb,HLA-B*57:01,TSTLQEQIGW,10,"10,2,3","3,10","C_+0,N_+1,N_+2"
648,5V5M_B.pdb,HLA-B*57:01,TSTLQEQIGW,10,"10,2,3","3,10","C_+0,N_+1,N_+2"
649,5V5M_A.pdb,HLA-B*57:01,TSTLQEQIGW,10,"10,2,3","3,10","C_+0,N_+1,N_+2"
378,5T6X_A.pdb,HLA-B*57:01,TSTTSVASSW,10,"10,2,3","2,10","C_+0,N_+1,N_+2"
379,5T6X_B.pdb,HLA-B*57:01,TSTTSVASSW,10,"10,2,3","2,10","C_+0,N_+1,N_+2"
1140,2BVP.pdb,HLA-B*57:03,ISPRTLDAW,9,"2,3,9","2,9","C_+0,N_+1,N_+2"
1028,5V5L_A.pdb,HLA-B*58:01,TSTLQEQIGW,10,"10,2,3","2,10","C_+0,N_+1,N_+2"
1029,5V5L_B.pdb,HLA-B*58:01,TSTLQEQIGW,10,"10,2,3","2,10","C_+0,N_+1,N_+2"
532,3RWI_B.pdb,Mamu-B*017:01:01:01,GSHLEVQGYW,10,"10,2,3","3,10","C_+0,N_+1,N_+2"
533,3RWI_A.pdb,Mamu-B*017:01:01:01,GSHLEVQGYW,10,"10,2,3","3,10","C_+0,N_+1,N_+2"
384,6NF7.pdb,Rano-A1*b,YLRYDSDVGEYR,12,"12,2,3","2,12","C_+0,N_+1,N_+2"
141,6KWO.pdb,SLA-1*13:01,ESDTVGWSW,9,"2,3,9","2,9","C_+0,N_+1,N_+2"
1155,1CE6.pdb,H2-Db,FAPGNYPAL,9,"2,3,5,9","2,9","C_+0,N_+1,N_+2,N_+4"
1159,1QLF.pdb,H2-Db,FAPSNYPAL,9,"2,3,5,9","2,9","C_+0,N_+1,N_+2,N_+4"
1095,5M01_A.pdb,H2-Db,KAPANFATM,9,"2,3,5,9","2,9","C_+0,N_+1,N_+2,N_+4"
1096,5M01_B.pdb,H2-Db,KAPANFATM,9,"2,3,5,9","2,9","C_+0,N_+1,N_+2,N_+4"
1097,3TBS.pdb,H2-Db,KAPANFATM,9,"2,3,5,9","2,9","C_+0,N_+1,N_+2,N_+4"
434,6G9Q.pdb,H2-Db,KAPYDYAPI,9,"2,3,5,9","2,9","C_+0,N_+1,N_+2,N_+4"
435,6G9R.pdb,H2-Db,KAPYDYAPI,9,"2,3,5,9","2,9","C_+0,N_+1,N_+2,N_+4"
295,4NSK.pdb,H2-Db,KAPYNFATM,9,"2,3,5,9","2,9","C_+0,N_+1,N_+2,N_+4"
296,5TIL.pdb,H2-Db,KAPYNFATM,9,"2,3,5,9","2,9","C_+0,N_+1,N_+2,N_+4"
496,1S7X.pdb,H2-Db,KAVFNFATM,9,"2,3,5,9","2,9","C_+0,N_+1,N_+2,N_+4"
209,1N5A.pdb,H2-Db,KAVYNFATM,9,"2,3,5,9","2,9","C_+0,N_+1,N_+2,N_+4"
210,1FFN.pdb,H2-Db,KAVYNFATM,9,"2,3,5,9","2,9","C_+0,N_+1,N_+2,N_+4"
211,5TJE.pdb,H2-Db,KAVYNFATM,9,"2,3,5,9","2,9","C_+0,N_+1,N_+2,N_+4"
212,1S7U.pdb,H2-Db,KAVYNFATM,9,"2,3,5,9","2,9","C_+0,N_+1,N_+2,N_+4"
213,2F74.pdb,H2-Db,KAVYNFATM,9,"2,3,5,9","2,9","C_+0,N_+1,N_+2,N_+4"
508,3CC5.pdb,H2-Db,KVPRNQDWL,9,"2,3,5,9","2,9","C_+0,N_+1,N_+2,N_+4"
1005,5E8N.pdb,H2-Db,MCLRMTAVM,9,"2,3,5,9","2,9","C_+0,N_+1,N_+2,N_+4"
454,5MZM.pdb,H2-Db,MCPRMTAVM,9,"2,3,5,9","2,9","C_+0,N_+1,N_+2,N_+4"
1016,3WS6.pdb,H2-Db,YAIENYLEL,9,"2,3,5,9","2,9","C_+0,N_+1,N_+2,N_+4"
778,3WS3_B.pdb,H2-Db,YQLENYCGL,9,"2,3,5,9","2,9","C_+0,N_+1,N_+2,N_+4"
779,3WS3_A.pdb,H2-Db,YQLENYCGL,9,"2,3,5,9","2,9","C_+0,N_+1,N_+2,N_+4"
991,4Z76_A.pdb,H2-Kd,LYLVCGERV,9,"2,3,5,9","2,9","C_+0,N_+1,N_+2,N_+4"
992,4Z76_B.pdb,H2-Kd,LYLVCGERV,9,"2,3,5,9","2,9","C_+0,N_+1,N_+2,N_+4"
993,4Z77.pdb,H2-Kd,LYLVCGERV,9,"2,3,5,9","2,9","C_+0,N_+1,N_+2,N_+4"
607,1JPG.pdb,H2-Db,FQPQNGQFI,9,"2,5,9","2,9","C_+0,N_+1,N_+4"
570,5M00.pdb,H2-Db,KAVANFATM,9,"2,5,9","2,9","C_+0,N_+1,N_+4"
571,3QUK_A.pdb,H2-Db,KAVANFATM,9,"2,5,9","2,9","C_+0,N_+1,N_+4"
572,3QUK_B.pdb,H2-Db,KAVANFATM,9,"2,5,9","2,9","C_+0,N_+1,N_+4"
214,5NQ1_B.pdb,SLA-1*14:02,DFEREGYSL,9,"2,5,9","2,9","C_+0,N_+1,N_+4"
215,5NQ0_A.pdb,SLA-1*14:02,DFEREGYSL,9,"2,5,9","2,9","C_+0,N_+1,N_+4"
216,5NQ0_B.pdb,SLA-1*14:02,DFEREGYSL,9,"2,5,9","2,9","C_+0,N_+1,N_+4"
217,5NQ1_A.pdb,SLA-1*14:02,DFEREGYSL,9,"2,5,9","2,9","C_+0,N_+1,N_+4"
365,3ECB.pdb,H2-Dd,RGPGRAFVTI,10,"10,3","2,10","C_+0,N_+2"
366,6NPR.pdb,H2-Dd,RGPGRAFVTI,10,"10,3","2,10","C_+0,N_+2"
367,1QO3.pdb,H2-Dd,RGPGRAFVTI,10,"10,3","2,10","C_+0,N_+2"
368,1BII.pdb,H2-Dd,RGPGRAFVTI,10,"10,3","2,10","C_+0,N_+2"
369,3DMM.pdb,H2-Dd,RGPGRAFVTI,10,"10,3","2,10","C_+0,N_+2"
370,5IVX_A.pdb,H2-Dd,RGPGRAFVTI,10,"10,3","2,10","C_+0,N_+2"
371,1DDH.pdb,H2-Dd,RGPGRAFVTI,10,"10,3","2,10","C_+0,N_+2"
372,5IVX_B.pdb,H2-Dd,RGPGRAFVTI,10,"10,3","2,10","C_+0,N_+2"
689,3CCH_B.pdb,H2-Db,EGSRNQDWL,9,"5,9","2,9","C_+0,N_+4"
690,3CCH_A.pdb,H2-Db,EGSRNQDWL,9,"5,9","2,9","C_+0,N_+4"
1079,6MT5_A.pdb,HLA-B*37:01,FEDLRLLSF,9,"5,9","2,9","C_+0,N_+4"
1080,6MT5_B.pdb,HLA-B*37:01,FEDLRLLSF,9,"5,9","2,9","C_+0,N_+4"
998,1E28.pdb,HLA-B*51:01,TAFTIPSI,8,"1,2","2,8","N_+0,N_+1"
999,4MJI.pdb,HLA-B*51:01,TAFTIPSI,8,"1,2","2,8","N_+0,N_+1"
949,4Z78.pdb,H2-Kd,LYLVCGERGF,10,"1,2,3","2,10","N_+0,N_+1,N_+2"
288,3E6F.pdb,H2-Dd,IGPGRAFYA,9,"1,3,5","2,9","N_+0,N_+2,N_+4"
984,6AMU.pdb,HLA-A*02:01,MMWDRGLGMM,10,2,"2,10",N_+1
985,6AMT.pdb,HLA-A*02:01,MMWDRGLGMM,10,2,"2,10",N_+1
497,6PAG_B.pdb,HLA-C*07:02,RYRPGTVAL,9,2,"2,9",N_+1
498,6PAG_A.pdb,HLA-C*07:02,RYRPGTVAL,9,2,"2,9",N_+1
499,5VGE.pdb,HLA-C*07:02,RYRPGTVAL,9,2,"2,9",N_+1
500,6PA1.pdb,HLA-C*07:02,RYRPGTVAL,9,2,"2,9",N_+1
