,pdb_code,MHC,peptide,peptide_length,Major_anchors,Secondary_anchors,Major_anchor_not,Secondary_anchor_not
0,1UXS_A.pdb,HLA-B*27:05,RRRWRRLTV,9,"2,9","9,2","C_+0,N_+1","C_+0,N_+1"
1,1I7T.pdb,HLA-A*02:01,ALWGVFPVL,9,"2,9","1,2,9","C_+0,N_+1","C_+0,N_+0,N_+1"
2,3BO8_A.pdb,HLA-A*01:01,EADPTGHSY,9,"2,9","9,1,2","C_+0,N_+1","C_+0,N_+0,N_+1"
3,1RK0.pdb,H2-Kb,SSIEFARL,8,"2,8","1,2,3,5,8","C_+0,N_+1","C_+0,C_-3,N_+0,N_+1,N_+2"
4,4EUQ.pdb,HLA-A*02:01,EAAGIGILTV,10,"2,10","2,7,10","C_+0,N_+1","C_+0,C_-3,N_+1"
5,4U1H_B.pdb,HLA-B*07:02,TPQDLNTML,9,"2,9","1,2,3,9","C_+0,N_+1","C_+0,N_+0,N_+1,N_+2"
6,5VVP_B.pdb,HLA-B*57:03,LSSPVTKSW,9,"2,9","9,2","C_+0,N_+1","C_+0,N_+1"
7,4U1S_B.pdb,HLA-B*81:01,FPRPWLHGL,9,"2,9","1,2,3,9","C_+0,N_+1","C_+0,N_+0,N_+1,N_+2"
8,3BXN_B.pdb,HLA-B*14:02,IRAAPPPLF,9,"2,9","1,2,9","C_+0,N_+1","C_+0,N_+0,N_+1"
9,3IXA_B.pdb,HLA-A*02:01,LLFGYPVYV,9,"2,9","9,2","C_+0,N_+1","C_+0,N_+1"
10,3MRB_B.pdb,HLA-A*02:01,NLVPMVHTV,9,"2,9","9,2","C_+0,N_+1","C_+0,N_+1"
11,5WLG_B.pdb,H2-Db,SQLLNAKYL,9,"2,9","1,2,3,5,9","C_+0,N_+1","C_+0,N_+0,N_+1,N_+2,N_+4"
12,6PZ5_A.pdb,HLA-B*27:03,LRNQSVFNF,9,"2,9","1,2,9","C_+0,N_+1","C_+0,N_+0,N_+1"
13,4HUX_B.pdb,H2-Db,ASNENMETM,9,"2,9","1,2,5,9","C_+0,N_+1","C_+0,N_+0,N_+1,N_+4"
14,3MV9.pdb,HLA-B*35:01,HPVGEADYFEY,11,"2,11","1,2,11","C_+0,N_+1","C_+0,N_+0,N_+1"
15,3DX7_B.pdb,HLA-B*44:03,EENLLDFVRF,10,"2,10","1,2,10","C_+0,N_+1","C_+0,N_+0,N_+1"
16,1T1Y.pdb,HLA-A*02:01,SLYNVVATL,9,"2,9","1,2,9","C_+0,N_+1","C_+0,N_+0,N_+1"
17,5HGH.pdb,HLA-A*24:02,RYPLTFGWCF,10,"2,10","2,10","C_+0,N_+1","C_+0,N_+1"
18,4PRP_A.pdb,HLA-B*35:01,HPVGQADYFEY,11,"2,11","1,2,11","C_+0,N_+1","C_+0,N_+0,N_+1"
19,6EQB_B.pdb,HLA-A*02:01,AAGIGILTV,9,"2,9","9,1,2","C_+0,N_+1","C_+0,N_+0,N_+1"
20,2D31.pdb,Mamu-B*008:01:01:01,RIIPRHLQL,9,"2,9","6,2,3,9","C_+0,N_+1","C_+0,C_-3,N_+1,N_+2"
21,5F1I.pdb,HLA-A*11:183,KLFSGELTK,9,"2,9","9,2","C_+0,N_+1","C_+0,N_+1"
22,4PRN_B.pdb,HLA-B*35:01,HPVAEADYFEY,11,"2,11","1,2,11","C_+0,N_+1","C_+0,N_+0,N_+1"
23,5DEG_B.pdb,HLA-B*27:06,RRKWRRWHL,9,"2,9","9,2","C_+0,N_+1","C_+0,N_+1"
24,6EWC.pdb,HLA-A*02:01,RLSSPLHFV,9,"2,9","6,2,9","C_+0,N_+1","C_+0,C_-3,N_+1"
25,2YF6.pdb,Gaga-BF2*021:01:01,TAGQEDYDRL,10,"2,10","1,2,8,10","C_+0,N_+1","C_+0,C_-2,N_+0,N_+1"
26,3VFM_B.pdb,HLA-B*35:08,LPEPLPQGQLTAY,13,"2,13","1,2,13","C_+0,N_+1","C_+0,N_+0,N_+1"
27,3PQY.pdb,H2-Db,SSLENFRAYV,10,"2,10","1,2,3,5,10","C_+0,N_+1","C_+0,N_+0,N_+1,N_+2,N_+4"
28,1IM3.pdb,HLA-A*02:01,LLFGYPVYV,9,"2,9","9,2","C_+0,N_+1","C_+0,N_+1"
29,3HPJ_A.pdb,HLA-A*02:01,RMFPNAPYL,9,"2,9","9,2","C_+0,N_+1","C_+0,N_+1"
30,4U1N_A.pdb,HLA-B*42:02,RPQVPLRPM,9,"2,9","9,2","C_+0,N_+1","C_+0,N_+1"
31,5WMP_A.pdb,HLA-B*07:02,TPRVTGGGAM,10,"2,10","1,2,3,10","C_+0,N_+1","C_+0,N_+0,N_+1,N_+2"
32,1SYV.pdb,HLA-B*44:05,EEFGRAFSF,9,"2,9","1,2,9","C_+0,N_+1","C_+0,N_+0,N_+1"
33,2A83_B.pdb,HLA-B*27:05,RRRWHRWRL,9,"2,9","9,2","C_+0,N_+1","C_+0,N_+1"
34,3MRC_B.pdb,HLA-A*02:01,NLVPMCATV,9,"2,9","9,2","C_+0,N_+1","C_+0,N_+1"
35,5C07.pdb,HLA-A*02:01,YQFGPDFPIA,10,"2,10","2,10","C_+0,N_+1","C_+0,N_+1"
36,1XR9_B.pdb,HLA-B*15:01,ILGPPGSVY,9,"2,9","1,2,9","C_+0,N_+1","C_+0,N_+0,N_+1"
37,1XH3.pdb,HLA-B*35:01,LPAVVGLSPGEQEY,14,"2,14","1,2,14","C_+0,N_+1","C_+0,N_+0,N_+1"
38,3W39.pdb,HLA-B*52:01,TAFTIPSI,8,"2,8","1,2,8","C_+0,N_+1","C_+0,N_+0,N_+1"
39,2VLJ.pdb,HLA-A*02:01,GILGFVFTL,9,"2,9","1,2,9","C_+0,N_+1","C_+0,N_+0,N_+1"
40,6KWO.pdb,SLA-1*13:01,ESDTVGWSW,9,"2,9","1,2,3,9","C_+0,N_+1","C_+0,N_+0,N_+1,N_+2"
41,5HGA.pdb,HLA-A*24:02,RFPLTFGW,8,"2,8","2,3,5,8","C_+0,N_+1","C_+0,C_-3,N_+1,N_+2"
42,6O9C_B.pdb,HLA-A*03:01,TTAPFLSGK,9,"2,9","6,1,2,9","C_+0,N_+1","C_+0,C_-3,N_+0,N_+1"
43,1JPF.pdb,H2-Db,SGVENPGGYCL,11,"2,11","1,2,3,5,11","C_+0,N_+1","C_+0,N_+0,N_+1,N_+2,N_+4"
44,3FOM_B.pdb,H2-Kb,IQQSIERI,8,"2,8","2,5,8","C_+0,N_+1","C_+0,C_-3,N_+1"
45,4PG9_B.pdb,H2-Kb,FAPGNYPAL,9,"2,9","9,2","C_+0,N_+1","C_+0,N_+1"
46,5VVP_A.pdb,HLA-B*57:03,LSSPVTKSW,9,"2,9","9,2","C_+0,N_+1","C_+0,N_+1"
47,3LKP_B.pdb,HLA-B*35:01,LPFDKSTIM,9,"2,9","1,2,9","C_+0,N_+1","C_+0,N_+0,N_+1"
48,4ZEZ.pdb,HLA-A*02:01,KLVALVINAV,10,"2,10","6,2,10","C_+0,N_+1","C_+0,C_-4,N_+1"
49,2F54.pdb,HLA-A*02:01,SLLMWITQC,9,"2,9","1,2,9","C_+0,N_+1","C_+0,N_+0,N_+1"
50,6JQ3_A.pdb,H2-Kb,SIIVFNLL,8,"2,8","1,2,5,8","C_+0,N_+1","C_+0,C_-3,N_+0,N_+1"
51,3BUY.pdb,H2-Db,LSLRNPILV,9,"2,9","1,2,3,5,9","C_+0,N_+1","C_+0,N_+0,N_+1,N_+2,N_+4"
52,3GSR_B.pdb,HLA-A*02:01,NLVPVVATV,9,"2,9","1,2,9","C_+0,N_+1","C_+0,N_+0,N_+1"
53,3GSV_B.pdb,HLA-A*02:01,NLVPQVATV,9,"2,9","1,2,9","C_+0,N_+1","C_+0,N_+0,N_+1"
54,4L8C.pdb,H2-Db,ASDENMETM,9,"2,9","1,2,5,9","C_+0,N_+1","C_+0,N_+0,N_+1,N_+4"
55,5GRD_A.pdb,HLA-A*11:01,SSCSSCPLSK,10,"2,10","6,1,2,10","C_+0,N_+1","C_+0,C_-4,N_+0,N_+1"
56,6A6H.pdb,SLA-2*04:02:01,MTAHIVVPY,9,"2,9","1,2,9","C_+0,N_+1","C_+0,N_+0,N_+1"
57,3FFC_B.pdb,HLA-B*08:01,FLRGRAYGL,9,"2,9","9,2","C_+0,N_+1","C_+0,N_+1"
58,3L3J_A.pdb,HLA-B*44:02,EEAGAAFSF,9,"2,9","1,2,9","C_+0,N_+1","C_+0,N_+0,N_+1"
59,4ZUW.pdb,Eqca-N*006:01,GSQKLTTGNCNW,12,"2,12","1,2,12","C_+0,N_+1","C_+0,N_+0,N_+1"
60,5WJN_B.pdb,HLA-A*11:01,GTSGSPIINR,10,"2,10","1,2,10","C_+0,N_+1","C_+0,N_+0,N_+1"
61,4U1N_B.pdb,HLA-B*42:02,RPQVPLRPM,9,"2,9","9,2","C_+0,N_+1","C_+0,N_+1"
62,5C0I_B.pdb,HLA-A*02:01,RQFGPDFPTI,10,"2,10","2,10","C_+0,N_+1","C_+0,N_+1"
63,3RWC_B.pdb,Mamu-B*017:01:01:01,IRYPKTFGW,9,"2,9","1,2,9","C_+0,N_+1","C_+0,N_+0,N_+1"
64,5WKH.pdb,HLA-A*11:01,GTSGSPIINR,10,"2,10","1,2,10","C_+0,N_+1","C_+0,N_+0,N_+1"
65,4QOK_B.pdb,HLA-A*02:01,EAAGIGILTV,10,"2,10","2,10","C_+0,N_+1","C_+0,N_+1"
66,3FT3_B.pdb,HLA-A*02:01,VLHDDLLEA,9,"2,9","1,2,9","C_+0,N_+1","C_+0,N_+0,N_+1"
67,2GT9_B.pdb,HLA-A*02:01,EAAGIGILTV,10,"2,10","2,10","C_+0,N_+1","C_+0,N_+1"
68,1YDP.pdb,Mamu-B*008:01:01:01,RIIPRHLQL,9,"2,9","6,2,3,7,9","C_+0,N_+1","C_+0,C_-2,C_-3,N_+1,N_+2"
69,1N5A.pdb,H2-Db,KAVYNFATM,9,"2,9","1,2,3,5,9","C_+0,N_+1","C_+0,N_+0,N_+1,N_+2,N_+4"
70,5NQ1_B.pdb,SLA-1*14:02,DFEREGYSL,9,"2,9","1,2,5,9","C_+0,N_+1","C_+0,N_+0,N_+1,N_+4"
71,2VLR.pdb,HLA-A*02:01,GILGFVFTL,9,"2,9","1,2,9","C_+0,N_+1","C_+0,N_+0,N_+1"
72,6Y29_A.pdb,HLA-B*27:09,GRLNEPIKV,9,"2,9","1,2,9","C_+0,N_+1","C_+0,N_+0,N_+1"
73,5VWF_A.pdb,HLA-B*57:03,LTVQVARVY,9,"2,9","9,2","C_+0,N_+1","C_+0,N_+1"
74,3RWD.pdb,Mamu-B*017:01:01:01,IRYPKTFGWLW,11,"2,11","1,2,11","C_+0,N_+1","C_+0,N_+0,N_+1"
75,1W0V_B.pdb,HLA-B*27:05,RRLPIFSRL,9,"2,9","9,2","C_+0,N_+1","C_+0,N_+1"
76,6D78_B.pdb,HLA-A*02:01,AAGIGILTV,9,"1,9","9,1","C_+0,N_+0","C_+0,N_+0"
77,1QSF.pdb,HLA-A*02:01,LLFGYPVAV,9,"2,9","9,2","C_+0,N_+1","C_+0,N_+1"
78,3L3J_B.pdb,HLA-B*44:02,EEAGAAFSF,9,"2,9","1,2,9","C_+0,N_+1","C_+0,N_+0,N_+1"
79,6Y26_B.pdb,HLA-B*27:05,GRLNAPIKV,9,"2,9","1,2,9","C_+0,N_+1","C_+0,N_+0,N_+1"
80,6SS7.pdb,HLA-A*02:01,LLWAGPMAV,9,"2,9","9,2","C_+0,N_+1","C_+0,N_+1"
81,1RJZ.pdb,H2-Kb,SEIEFARL,8,"2,8","1,2,5,8","C_+0,N_+1","C_+0,C_-3,N_+0,N_+1"
82,3OX8_A.pdb,HLA-A*02:03,FLPSDFFPSV,10,"2,10","2,10","C_+0,N_+1","C_+0,N_+1"
83,5C0E_A.pdb,HLA-A*02:01,YQFGPDFPIA,10,"2,10","2,10","C_+0,N_+1","C_+0,N_+1"
84,5KD7.pdb,H2-Dd,IGPGRAFYV,9,"2,9","1,2,3,5,9","C_+0,N_+1","C_+0,N_+0,N_+1,N_+2,N_+4"
85,4ZUT.pdb,Eqca-N*006:01,GSQKLTTGNCNW,12,"2,12","1,2,12","C_+0,N_+1","C_+0,N_+0,N_+1"
86,3UTS.pdb,HLA-A*02:01,ALWGPDPAAA,10,"2,10","1,2,10","C_+0,N_+1","C_+0,N_+0,N_+1"
87,5WWI.pdb,HLA-A*24:02,LYKKLKREMTF,11,"2,11","2,11","C_+0,N_+1","C_+0,N_+1"
88,3GIV.pdb,HLA-A*02:01,SLFNTVATLY,10,"2,9","1,2,9","C_-1,N_+1","C_-1,N_+0,N_+1"
89,4U1S_A.pdb,HLA-B*81:01,FPRPWLHGL,9,"2,9","1,2,3,9","C_+0,N_+1","C_+0,N_+0,N_+1,N_+2"
90,3QDM.pdb,HLA-A*02:01,ELAGIGILTV,10,"2,10","2,10","C_+0,N_+1","C_+0,N_+1"
91,3LKS_A.pdb,HLA-B*35:01,LPFEKSTVM,9,"2,9","1,2,9","C_+0,N_+1","C_+0,N_+0,N_+1"
92,6X00_B.pdb,H2-Db,SGPDNGAVAVL,11,"2,11","1,2,3,5,11","C_+0,N_+1","C_+0,N_+0,N_+1,N_+2,N_+4"
93,5EO1_A.pdb,HLA-B*07:02,RPMTYKGAL,9,"2,9","9,2","C_+0,N_+1","C_+0,N_+1"
94,5WKF.pdb,HLA-A*11:01,GTSGSPIVNR,10,"2,10","1,2,10","C_+0,N_+1","C_+0,N_+0,N_+1"
95,6JOZ_B.pdb,HLA-A*11:01,ATIGTAMYK,9,"2,9","1,2,9","C_+0,N_+1","C_+0,N_+0,N_+1"
96,6Y2B_B.pdb,HLA-B*27:09,GRLNQPIKV,9,"2,9","1,2,9","C_+0,N_+1","C_+0,N_+0,N_+1"
97,4PRH.pdb,HLA-B*35:08,HPVGDADYFEY,11,"2,11","1,2,3,11","C_+0,N_+1","C_+0,N_+0,N_+1,N_+2"
98,4WDI_B.pdb,H2-Kd,LYLVCGERG,9,"2,9","1,2,3,5,9","C_+0,N_+1","C_+0,N_+0,N_+1,N_+2,N_+4"
99,1LK2_B.pdb,H2-Kb,GNYSFYAL,8,"2,8","1,2,3,8","C_+0,N_+1","C_+0,N_+0,N_+1,N_+2"
100,4HUU_B.pdb,H2-Db,ASNENIETM,9,"2,9","1,2,5,9","C_+0,N_+1","C_+0,N_+0,N_+1,N_+4"
101,3QFD_A.pdb,HLA-A*02:01,AAGIGILTV,9,"2,9","6,1,2,9","C_+0,N_+1","C_+0,C_-3,N_+0,N_+1"
102,6O9B_B.pdb,HLA-A*03:01,TTAPSLSGK,9,"2,9","6,1,2,9","C_+0,N_+1","C_+0,C_-3,N_+0,N_+1"
103,5VZ5.pdb,HLA-B*15:01,AQDIYRASYY,10,"2,10","6,1,2,10","C_+0,N_+1","C_+0,C_-4,N_+0,N_+1"
104,5XOS_A.pdb,HLA-B*35:01,IPLTEEAEL,9,"2,9","1,2,9","C_+0,N_+1","C_+0,N_+0,N_+1"
105,3FOL_A.pdb,H2-Kb,VNDIFERI,8,"2,8","2,5,8","C_+0,N_+1","C_+0,C_-3,N_+1"
106,5JWD.pdb,H2-Db,WLVTNGSYL,9,"2,9","1,2,3,5,9","C_+0,N_+1","C_+0,N_+0,N_+1,N_+2,N_+4"
107,6TRN_A.pdb,HLA-A*02:01,AVYDGREHTV,10,"2,10","1,2,10","C_+0,N_+1","C_+0,N_+0,N_+1"
108,3E6F.pdb,H2-Dd,IGPGRAFYA,9,"2,9","1,2,3,5,9","C_+0,N_+1","C_+0,N_+0,N_+1,N_+2,N_+4"
109,6G3J_B.pdb,HLA-A*02:01,MTSAIGILPV,10,"2,10","2,10","C_+0,N_+1","C_+0,N_+1"
110,6UZ1.pdb,HLA-A*02:01,LLFGYPVYV,9,"2,9","9,2","C_+0,N_+1","C_+0,N_+1"
111,3VFS_A.pdb,HLA-B*35:08,LPEPAPQGQLTAY,13,"2,13","1,2,13","C_+0,N_+1","C_+0,N_+0,N_+1"
112,3GSW_A.pdb,HLA-A*02:01,NLVPMVAAV,9,"2,9","6,2,9","C_+0,N_+1","C_+0,C_-3,N_+1"
113,4NSK.pdb,H2-Db,KAPYNFATM,9,"2,9","1,2,3,5,9","C_+0,N_+1","C_+0,N_+0,N_+1,N_+2,N_+4"
114,3BGM_A.pdb,HLA-A*02:01,RQASLSISV,9,"2,9","9,2","C_+0,N_+1","C_+0,N_+1"
115,6D29_B.pdb,HLA-B*57:01,TSMSFVPRPW,10,"2,10","1,2,10","C_+0,N_+1","C_+0,N_+0,N_+1"
116,5NME_B.pdb,HLA-A*02:01,SLYNTVATL,9,"2,9","1,2,9","C_+0,N_+1","C_+0,N_+0,N_+1"
117,2BVO.pdb,HLA-B*57:03,KAFSPEVIPMF,11,"2,11","2,11","C_+0,N_+1","C_+0,N_+1"
118,4ZUS.pdb,Eqca-N*006:01,QAEVLQERLEW,11,"2,11","1,2,10,11","C_+0,N_+1","C_+0,C_-1,N_+0,N_+1"
119,4QRS_A.pdb,HLA-B*08:01,ELKRKMIYM,9,"2,9","1,2,9","C_+0,N_+1","C_+0,N_+0,N_+1"
120,3DX6_A.pdb,HLA-B*44:02,EENLLDFVRF,10,"2,10","1,2,10","C_+0,N_+1","C_+0,N_+0,N_+1"
121,3LV3_B.pdb,HLA-B*27:05,SRRWRRWNR,9,"2,9","1,2,9","C_+0,N_+1","C_+0,N_+0,N_+1"
122,6RPA.pdb,HLA-A*02:01,SLLMWITQV,9,"2,9","1,2,9","C_+0,N_+1","C_+0,N_+0,N_+1"
123,1P7Q.pdb,HLA-A*02:01,ILKEPVHGV,9,"2,9","6,1,2,9","C_+0,N_+1","C_+0,C_-3,N_+0,N_+1"
124,3MRG_A.pdb,HLA-A*02:01,CINGVCWTV,9,"2,9","6,1,2,9","C_+0,N_+1","C_+0,C_-3,N_+0,N_+1"
125,5NMK_A.pdb,HLA-A*02:01,SLFNTIAVL,9,"2,9","1,2,9","C_+0,N_+1","C_+0,N_+0,N_+1"
126,5WMP_B.pdb,HLA-B*07:02,TPRVTGGGAM,10,"2,10","1,2,3,10","C_+0,N_+1","C_+0,N_+0,N_+1,N_+2"
127,2RFX_B.pdb,HLA-B*57:01,LSSPVTKSF,9,"2,9","7,2,9","C_+0,N_+1","C_+0,C_-2,N_+1"
128,3MRP_A.pdb,HLA-A*02:01,ELAGLGINTV,10,"2,10","2,7,10","C_+0,N_+1","C_+0,C_-3,N_+1"
129,1DUZ.pdb,HLA-A*02:01,LLFGYPVYV,9,"2,9","9,2","C_+0,N_+1","C_+0,N_+1"
130,4E0R.pdb,Gaga-BF2*004:01:01,IDWFDGKE,8,"2,8","2,5,8","C_+0,N_+1","C_+0,C_-3,N_+1"
131,1FZO_B.pdb,H2-Kb,FAPGNYPAL,9,"2,9","9,1,2","C_+0,N_+1","C_+0,N_+0,N_+1"
132,2FZ3.pdb,HLA-B*35:08,HPVGEADYFEY,11,"2,11","1,2,11","C_+0,N_+1","C_+0,N_+0,N_+1"
133,4QOK_A.pdb,HLA-A*02:01,EAAGIGILTV,10,"2,10","2,10","C_+0,N_+1","C_+0,N_+1"
134,5WLI.pdb,H2-Db,SQLLNAKYL,9,"2,9","1,2,3,5,9","C_+0,N_+1","C_+0,N_+0,N_+1,N_+2,N_+4"
135,3DX7_A.pdb,HLA-B*44:03,EENLLDFVRF,10,"2,10","1,2,10","C_+0,N_+1","C_+0,N_+0,N_+1"
136,6TRN_B.pdb,HLA-A*02:01,AVYDGREHTV,10,"2,10","1,2,10","C_+0,N_+1","C_+0,N_+0,N_+1"
137,1T1W.pdb,HLA-A*02:01,SLFNTIAVL,9,"2,9","1,2,9","C_+0,N_+1","C_+0,N_+0,N_+1"
138,5EU3_B.pdb,HLA-A*02:01,YLEPGPVTA,9,"2,9","9,2","C_+0,N_+1","C_+0,N_+1"
139,2AXF_A.pdb,HLA-B*35:08,APQPAPENAY,10,"2,10","1,2,10","C_+0,N_+1","C_+0,N_+0,N_+1"
140,2C7U.pdb,HLA-A*02:01,SLFNTIAVL,9,"2,9","1,2,9","C_+0,N_+1","C_+0,N_+0,N_+1"
141,1WBX.pdb,H2-Db,SQLKNNAKEI,10,"2,10","1,2,3,5,10","C_+0,N_+1","C_+0,N_+0,N_+1,N_+2,N_+4"
142,4QRP.pdb,HLA-B*08:01,HSKKKCDEL,9,"2,9","9,1,2","C_+0,N_+1","C_+0,N_+0,N_+1"
143,5IRO.pdb,HLA-A*02:01,LLFGYPVYV,9,"2,9","1,2,9","C_+0,N_+1","C_+0,N_+0,N_+1"
144,3ECB.pdb,H2-Dd,RGPGRAFVTI,10,"2,10","1,2,3,5,10","C_+0,N_+1","C_+0,N_+0,N_+1,N_+2,N_+4"
145,5TEZ.pdb,HLA-A*02:01,GILGFVFTL,9,"2,9","1,2,9","C_+0,N_+1","C_+0,N_+0,N_+1"
146,3MYJ_B.pdb,HLA-A*02:01,YMFPNAPYL,9,"2,9","9,2","C_+0,N_+1","C_+0,N_+1"
147,5FA3_A.pdb,HLA-A*02:01,GLLPELPAV,9,"2,9","6,1,2,9","C_+0,N_+1","C_+0,C_-3,N_+0,N_+1"
148,6J1V.pdb,HLA-A*30:03,AIFQSSMTK,9,"2,9","1,2,9","C_+0,N_+1","C_+0,N_+0,N_+1"
149,5T6X_A.pdb,HLA-B*57:01,TSTTSVASSW,10,"2,10","2,3,10","C_+0,N_+1","C_+0,N_+1,N_+2"
150,3PWN_A.pdb,HLA-A*02:01,LLYGFVNYI,9,"2,9","9,2","C_+0,N_+1","C_+0,N_+1"
151,2OL3.pdb,H2-Kb,SQYYYNSL,8,"2,8","1,2,8","C_+0,N_+1","C_+0,N_+0,N_+1"
152,6NF7.pdb,Rano-A1*b,YLRYDSDVGEYR,12,"2,12","2,3,12","C_+0,N_+1","C_+0,N_+1,N_+2"
153,3MRN_B.pdb,HLA-A*02:01,LLFNILGGWV,10,"2,10","2,10","C_+0,N_+1","C_+0,N_+1"
154,5HHQ_B.pdb,HLA-A*02:01,GIWGFVFTL,9,"2,9","1,2,9","C_+0,N_+1","C_+0,N_+0,N_+1"
155,1HHH.pdb,HLA-A*02:01,FLPSDFFPSV,10,"2,10","2,7,10","C_+0,N_+1","C_+0,C_-3,N_+1"
156,2AK4.pdb,HLA-B*35:08,LPEPLPQGQLTAY,13,"2,13","1,2,13","C_+0,N_+1","C_+0,N_+0,N_+1"
157,3VCL_A.pdb,HLA-B*07:02,RPHERNGFTVL,11,"2,11","2,11","C_+0,N_+1","C_+0,N_+1"
158,3VFN_B.pdb,HLA-B*35:08,LPEPLPQGQLTAY,13,"2,13","1,2,13","C_+0,N_+1","C_+0,N_+0,N_+1"
159,6D2R_B.pdb,HLA-B*57:01,GSFDYSGVHLW,11,"2,11","1,2,11","C_+0,N_+1","C_+0,N_+0,N_+1"
160,6O4Y_B.pdb,HLA-A*02:01,KLVVGAVGV,9,"2,9","9,2","C_+0,N_+1","C_+0,N_+1"
161,5VWH_B.pdb,HLA-B*58:01,LSSPVTKSW,9,"2,9","7,2,9","C_+0,N_+1","C_+0,C_-2,N_+1"
162,4GKS.pdb,HLA-A*02:01,FLTGIGIITV,10,"2,10","2,10","C_+0,N_+1","C_+0,N_+1"
163,6NPR.pdb,H2-Dd,RGPGRAFVTI,10,"2,10","2,3,5,10","C_+0,N_+1","C_+0,N_+1,N_+2,N_+4"
164,1KPU_A.pdb,H2-Kb,RGYVYQGL,8,"2,8","8,2","C_+0,N_+1","C_+0,N_+1"
165,5XOS_B.pdb,HLA-B*35:01,IPLTEEAEL,9,"2,9","1,2,9","C_+0,N_+1","C_+0,N_+0,N_+1"
166,4G42.pdb,Gaga-BF2*004:01:01,IDWFDGKD,8,"2,8","2,5,8","C_+0,N_+1","C_+0,C_-3,N_+1"
167,6O53_B.pdb,HLA-A*02:01,KLVVVGAVGV,10,"2,10","2,10","C_+0,N_+1","C_+0,N_+1"
168,2V2W.pdb,HLA-A*02:01,SLYNTVATL,9,"2,9","1,2,9","C_+0,N_+1","C_+0,N_+0,N_+1"
169,1I7R.pdb,HLA-A*02:01,FAPGFFPYL,9,"2,9","9,2","C_+0,N_+1","C_+0,N_+1"
170,4U1J_A.pdb,HLA-B*42:01,TPQDLNTML,9,"2,9","1,2,9","C_+0,N_+1","C_+0,N_+0,N_+1"
171,4GKN.pdb,HLA-A*02:01,FATGIGIITV,10,"2,10","2,10","C_+0,N_+1","C_+0,N_+1"
172,3MR9_B.pdb,HLA-A*02:01,NLVPAVATV,9,"2,9","1,2,9","C_+0,N_+1","C_+0,N_+0,N_+1"
173,2X4R_B.pdb,HLA-A*02:01,NLVPMVATV,9,"2,9","9,2","C_+0,N_+1","C_+0,N_+1"
174,5F7D.pdb,HLA-A*02:01,GLKEGIPALD,10,"2,9","6,1,2,9","C_-1,N_+1","C_-1,C_-4,N_+0,N_+1"
175,5VWD_B.pdb,HLA-B*57:03,LTVQVARVW,9,"2,9","9,2","C_+0,N_+1","C_+0,N_+1"
176,2CLZ.pdb,H2-Kb,INFDFNTI,8,"2,8","1,2,3,5,8","C_+0,N_+1","C_+0,C_-3,N_+0,N_+1,N_+2"
177,3I6K.pdb,HLA-A*02:01,TLACFVLAAV,10,"2,10","1,2,10","C_+0,N_+1","C_+0,N_+0,N_+1"
178,6G9Q.pdb,H2-Db,KAPYDYAPI,9,"2,9","2,3,5,9","C_+0,N_+1","C_+0,N_+1,N_+2,N_+4"
179,5EU5_B.pdb,HLA-A*02:01,YLEPAPVTA,9,"2,9","9,2","C_+0,N_+1","C_+0,N_+1"
180,2CIK.pdb,HLA-B*35:01,KPIVVLHGY,9,"2,9","9,2","C_+0,N_+1","C_+0,N_+1"
181,5WJL.pdb,HLA-A*11:01,GTSGSPIVNR,10,"2,10","1,2,10","C_+0,N_+1","C_+0,N_+0,N_+1"
182,4U1K_A.pdb,HLA-B*07:02,RPQVPLRPM,9,"2,9","9,2","C_+0,N_+1","C_+0,N_+1"
183,6G9R.pdb,H2-Db,KAPYDYAPI,9,"2,9","1,2,3,5,9","C_+0,N_+1","C_+0,N_+0,N_+1,N_+2,N_+4"
184,5IEK_B.pdb,HLA-B*40:02,REFSKEPEL,9,"2,9","9,2","C_+0,N_+1","C_+0,N_+1"
185,3IXA_A.pdb,HLA-A*02:01,LLFGYPVYV,9,"2,9","9,2","C_+0,N_+1","C_+0,N_+1"
186,1FZJ_B.pdb,H2-Kb,RGYVYQGL,8,"2,8","1,8,2","C_+0,N_+1","C_+0,N_+0,N_+1"
187,5IM7_A.pdb,HLA-B*58:11,QASQEVKNW,9,"2,9","9,2","C_+0,N_+1","C_+0,N_+1"
188,6G3K_A.pdb,HLA-A*02:01,ITSGIGVLPV,10,"2,10","1,2,10","C_+0,N_+1","C_+0,N_+0,N_+1"
189,2X4O_A.pdb,HLA-A*02:01,KLTPLCVTL,9,"2,9","9,2","C_+0,N_+1","C_+0,N_+1"
190,6Q3K_B.pdb,HLA-A*02:01,NLVPMVATV,9,"2,9","1,2,9","C_+0,N_+1","C_+0,N_+0,N_+1"
191,1TVH_A.pdb,HLA-A*02:01,IMDQVPFSV,9,"2,9","9,2","C_+0,N_+1","C_+0,N_+1"
192,5MZM.pdb,H2-Db,MCPRMTAVM,9,"2,9","1,2,3,5,9","C_+0,N_+1","C_+0,N_+0,N_+1,N_+2,N_+4"
193,3FTG_B.pdb,H2-Db,ASAENMETM,9,"2,9","1,2,5,9","C_+0,N_+1","C_+0,N_+0,N_+1,N_+4"
194,6UJQ.pdb,HLA-A*02:06,KQWLVWLLL,9,"2,9","9,2","C_+0,N_+1","C_+0,N_+1"
195,3MRR_A.pdb,HLA-A*02:01,LLAGIGTVPI,10,"2,10","2,10","C_+0,N_+1","C_+0,N_+1"
196,6PYV_A.pdb,HLA-B*27:03,LRNQSVFNF,9,"2,9","1,2,9","C_+0,N_+1","C_+0,N_+0,N_+1"
197,1TVH_B.pdb,HLA-A*02:01,IMDQVPFSV,9,"2,9","9,2","C_+0,N_+1","C_+0,N_+1"
198,4PGD.pdb,H2-Kb,FAPGNYPAF,9,"2,9","9,2","C_+0,N_+1","C_+0,N_+1"
199,3FTG_A.pdb,H2-Db,ASAENMETM,9,"2,9","1,2,5,9","C_+0,N_+1","C_+0,N_+0,N_+1,N_+4"
200,5TXS_A.pdb,HLA-B*15:01,AQDIYRASY,9,"2,9","1,2,9","C_+0,N_+1","C_+0,N_+0,N_+1"
201,3CPL_A.pdb,H2-Db,ASNENAETM,9,"2,9","1,2,5,9","C_+0,N_+1","C_+0,N_+0,N_+1,N_+4"
202,1QO3.pdb,H2-Dd,RGPGRAFVTI,10,"2,10","2,3,5,10","C_+0,N_+1","C_+0,N_+1,N_+2,N_+4"
203,5EO0_B.pdb,HLA-B*07:02,RPMTFKGAL,9,"2,9","1,2,9","C_+0,N_+1","C_+0,N_+0,N_+1"
204,3MR9_A.pdb,HLA-A*02:01,NLVPAVATV,9,"2,9","1,2,9","C_+0,N_+1","C_+0,N_+0,N_+1"
205,5W69_B.pdb,HLA-C*06:02,ARFNDLRFV,9,"2,9","1,2,7,9","C_+0,N_+1","C_+0,C_-2,N_+0,N_+1"
206,1N59.pdb,H2-Kb,AVYNFATM,8,"2,8","1,2,5,8","C_+0,N_+1","C_+0,C_-3,N_+0,N_+1"
207,1W0W_A.pdb,HLA-B*27:09,RRLPIFSRL,9,"2,9","9,2","C_+0,N_+1","C_+0,N_+1"
208,3D3V_B.pdb,HLA-A*02:01,LLFGFPVYV,9,"2,9","9,2","C_+0,N_+1","C_+0,N_+1"
209,6OPD_A.pdb,HLA-A*02:01,ILNAMIVKI,9,"2,9","9,2","C_+0,N_+1","C_+0,N_+1"
210,1I7U.pdb,HLA-A*02:01,ALWGFVPVL,9,"2,9","1,2,9","C_+0,N_+1","C_+0,N_+0,N_+1"
211,6AVF.pdb,HLA-B*07:02,APRGPHGGAASGL,13,"2,13","1,2,3,13","C_+0,N_+1","C_+0,N_+0,N_+1,N_+2"
212,5MER_B.pdb,HLA-A*02:01,ILAKFLHEL,9,"2,9","1,2,9","C_+0,N_+1","C_+0,N_+0,N_+1"
213,6JTO.pdb,HLA-C*05:01,GADGVGKSAL,10,"2,10","1,2,3,10","C_+0,N_+1","C_+0,N_+0,N_+1,N_+2"
214,6GL1.pdb,HLA-E*01:03,RMYSPTSIL,9,"2,9","9,2","C_+0,N_+1","C_+0,N_+1"
215,3GJG.pdb,HLA-A*02:01,SLLMWITQV,9,"2,9","1,2,9","C_+0,N_+1","C_+0,N_+0,N_+1"
216,6EQB_A.pdb,HLA-A*02:01,AAGIGILTV,9,"1,9","9,1","C_+0,N_+0","C_+0,N_+0"
217,2YF5.pdb,Gaga-BF2*021:01:01,TAGQSNYDRL,10,"2,10","1,2,8,10","C_+0,N_+1","C_+0,C_-2,N_+0,N_+1"
218,5EO0_A.pdb,HLA-B*07:02,RPMTFKGAL,9,"2,9","9,2","C_+0,N_+1","C_+0,N_+1"
219,1S7X.pdb,H2-Db,KAVFNFATM,9,"2,9","1,2,3,5,9","C_+0,N_+1","C_+0,N_+0,N_+1,N_+2,N_+4"
220,6PAG_B.pdb,HLA-C*07:02,RYRPGTVAL,9,"2,9","1,2,9","C_+0,N_+1","C_+0,N_+0,N_+1"
221,1W0V_A.pdb,HLA-B*27:05,RRLPIFSRL,9,"2,9","9,2","C_+0,N_+1","C_+0,N_+1"
222,4NQX_B.pdb,HLA-A*01:01,CTELKLNDY,9,"2,9","6,1,2,9","C_+0,N_+1","C_+0,C_-3,N_+0,N_+1"
223,1EFX.pdb,HLA-C*03:04,GAVDPLLAL,9,"2,9","1,2,3,5,9","C_+0,N_+1","C_+0,N_+0,N_+1,N_+2,N_+4"
224,3BP7_B.pdb,HLA-B*27:09,IRAAPPPLF,9,"2,9","1,2,9","C_+0,N_+1","C_+0,N_+0,N_+1"
225,1OSZ.pdb,H2-Kb,RGYLYQGL,8,"2,8","1,2,3,5,8","C_+0,N_+1","C_+0,C_-3,N_+0,N_+1,N_+2"
226,3E6H.pdb,H2-Dd,IGPGRAFYTI,10,"2,10","1,2,3,5,10","C_+0,N_+1","C_+0,N_+0,N_+1,N_+2,N_+4"
227,6Q3K_A.pdb,HLA-A*02:01,NLVPMVATV,9,"2,9","1,2,9","C_+0,N_+1","C_+0,N_+0,N_+1"
228,3CC5.pdb,H2-Db,KVPRNQDWL,9,"2,9","1,2,3,5,9","C_+0,N_+1","C_+0,N_+0,N_+1,N_+2,N_+4"
229,3PWV.pdb,BoLA-2*018:01,IPAYGVLTI,9,"2,9","1,2,7,9","C_+0,N_+1","C_+0,C_-2,N_+0,N_+1"
230,3C8K.pdb,H2-Kb,SIINFEKL,8,"2,8","1,2,5,8","C_+0,N_+1","C_+0,C_-3,N_+0,N_+1"
231,1Q94.pdb,HLA-A*11:01,AIFQSSMTK,9,"2,9","1,2,9","C_+0,N_+1","C_+0,N_+0,N_+1"
232,1FO0.pdb,H2-Kb,INFDFNTI,8,"2,8","1,2,5,8","C_+0,N_+1","C_+0,C_-3,N_+0,N_+1"
233,5IB3_B.pdb,HLA-B*27:05,RRKWRRWHL,9,"2,9","9,2","C_+0,N_+1","C_+0,N_+1"
234,6D2R_A.pdb,HLA-B*57:01,GSFDYSGVHLW,11,"2,11","1,2,11","C_+0,N_+1","C_+0,N_+0,N_+1"
235,3RWI_B.pdb,Mamu-B*017:01:01:01,GSHLEVQGYW,10,"3,10","2,3,10","C_+0,N_+2","C_+0,N_+1,N_+2"
236,3VFO_B.pdb,HLA-B*35:01,LPEPLPQGQLTAY,13,"2,13","1,2,13","C_+0,N_+1","C_+0,N_+0,N_+1"
237,6VMX_A.pdb,HLA-B*07:02,RPPIFIRRL,9,"2,9","9,2","C_+0,N_+1","C_+0,N_+1"
238,3FQW_B.pdb,HLA-A*02:01,RVASPTSGV,9,"2,9","9,2","C_+0,N_+1","C_+0,N_+1"
239,3BEW.pdb,Gaga-BF2*021:01:01,REVDEQLLSV,10,"2,10","2,8,10","C_+0,N_+1","C_+0,C_-2,N_+1"
240,3BO8_B.pdb,HLA-A*01:01,EADPTGHSY,9,"2,9","9,1,2","C_+0,N_+1","C_+0,N_+0,N_+1"
241,4HUW_B.pdb,H2-Db,ASNENTETM,9,"2,9","1,2,5,9","C_+0,N_+1","C_+0,N_+0,N_+1,N_+4"
242,6RP9.pdb,HLA-A*02:01,SLLMWITQV,9,"2,9","1,2,9","C_+0,N_+1","C_+0,N_+0,N_+1"
243,4PRI_B.pdb,HLA-B*35:08,HPVGEADYFEY,11,"2,11","1,2,11","C_+0,N_+1","C_+0,N_+0,N_+1"
244,3C9N_B.pdb,HLA-B*15:01,VQQESSFVM,9,"2,9","1,2,9","C_+0,N_+1","C_+0,N_+0,N_+1"
245,3FON_A.pdb,H2-Kb,VNDIFEAI,8,"2,8","2,5,8","C_+0,N_+1","C_+0,C_-3,N_+1"
246,1JUF.pdb,H2-Db,SSVIGVWYL,9,"2,9","1,2,3,9","C_+0,N_+1","C_+0,N_+0,N_+1,N_+2"
247,6O9C_A.pdb,HLA-A*03:01,TTAPFLSGK,9,"2,9","6,1,2,9","C_+0,N_+1","C_+0,C_-3,N_+0,N_+1"
248,3X13_A.pdb,HLA-B*08:01,FLRGRAYGL,9,"2,9","1,2,9","C_+0,N_+1","C_+0,N_+0,N_+1"
249,1AGE.pdb,HLA-B*08:01,GGKKKYRL,8,"2,8","1,2,5,8","C_+0,N_+1","C_+0,C_-3,N_+0,N_+1"
250,3KPP_A.pdb,HLA-B*44:05,EEYLQAFTY,9,"2,9","1,2,9","C_+0,N_+1","C_+0,N_+0,N_+1"
251,1KJV_B.pdb,Rano-A1*b,NPRAMQALL,9,"2,9","1,2,9","C_+0,N_+1","C_+0,N_+0,N_+1"
252,3MRQ_B.pdb,HLA-A*02:01,ELAGLGINTV,10,"2,10","2,7,10","C_+0,N_+1","C_+0,C_-3,N_+1"
253,5C0B_B.pdb,HLA-A*02:01,RQFGPDFPTI,10,"2,10","2,10","C_+0,N_+1","C_+0,N_+1"
254,2PYE.pdb,HLA-A*02:01,SLLMWITQC,9,"2,9","1,2,9","C_+0,N_+1","C_+0,N_+0,N_+1"
255,6JTP_A.pdb,HLA-C*08:02,GADGVGKSA,9,"2,9","1,2,3,9","C_+0,N_+1","C_+0,N_+0,N_+1,N_+2"
256,3RWE_A.pdb,Mamu-B*017:01:01:01,FQWMGYELW,9,"2,9","1,2,7,9","C_+0,N_+1","C_+0,C_-2,N_+0,N_+1"
257,3TBT.pdb,H2-Db,KAPSNFATM,9,"2,9","1,2,3,5,9","C_+0,N_+1","C_+0,N_+0,N_+1,N_+2,N_+4"
258,1FFP.pdb,H2-Db,SAVYNFATM,9,"2,9","1,2,3,5,9","C_+0,N_+1","C_+0,N_+0,N_+1,N_+2,N_+4"
259,3LKQ_B.pdb,HLA-B*35:01,LPFDKTTIM,9,"2,9","1,2,9","C_+0,N_+1","C_+0,N_+0,N_+1"
260,5M00.pdb,H2-Db,KAVANFATM,9,"2,9","1,2,3,5,9","C_+0,N_+1","C_+0,N_+0,N_+1,N_+2,N_+4"
261,5M02_B.pdb,H2-Db,KAPFNFATM,9,"2,9","2,3,5,9","C_+0,N_+1","C_+0,N_+1,N_+2,N_+4"
262,6P23.pdb,HLA-B*08:01,AAAKKKYCL,9,"2,9","6,2,9","C_+0,N_+1","C_+0,C_-3,N_+1"
263,1JGD_B.pdb,HLA-B*27:09,RRLLRGHNQY,10,"2,10","2,10","C_+0,N_+1","C_+0,N_+1"
264,1WBY.pdb,H2-Db,SSLENFRAYV,10,"2,10","1,2,3,5,10","C_+0,N_+1","C_+0,N_+0,N_+1,N_+2,N_+4"
265,3LKQ_A.pdb,HLA-B*35:01,LPFDKTTIM,9,"2,9","1,2,9","C_+0,N_+1","C_+0,N_+0,N_+1"
266,6AT5_B.pdb,HLA-B*07:02,APRGPHGGAASGL,13,"2,13","1,2,13","C_+0,N_+1","C_+0,N_+0,N_+1"
267,3TIE_A.pdb,H2-Kb,AIVNYANL,8,"2,8","1,2,5,8","C_+0,N_+1","C_+0,C_-3,N_+0,N_+1"
268,6MTM.pdb,HLA-B*37:01,FEDLRVLSF,9,"2,9","2,5,9","C_+0,N_+1","C_+0,N_+1,N_+4"
269,5ENW_A.pdb,HLA-A*02:01,GLKEGIPAL,9,"2,9","6,1,2,9","C_+0,N_+1","C_+0,C_-3,N_+0,N_+1"
270,3X11_B.pdb,HLA-B*57:01,LSSPVTKSF,9,"2,9","7,2,9","C_+0,N_+1","C_+0,C_-2,N_+1"
271,6JQ3_B.pdb,H2-Kb,SIIVFNLL,8,"2,8","1,2,5,8","C_+0,N_+1","C_+0,C_-3,N_+0,N_+1"
272,4NO5_A.pdb,HLA-A*02:01,RQISQDVKL,9,"2,9","9,2","C_+0,N_+1","C_+0,N_+1"
273,3TID_B.pdb,H2-Kb,AVYNFATM,8,"2,8","1,2,3,5,8","C_+0,N_+1","C_+0,C_-3,N_+0,N_+1,N_+2"
274,4XXC_B.pdb,HLA-B*18:01,DELEIKAY,8,"2,8","1,2,5,8","C_+0,N_+1","C_+0,C_-3,N_+0,N_+1"
275,3GJF.pdb,HLA-A*02:01,SLLMWITQV,9,"2,9","1,2,9","C_+0,N_+1","C_+0,N_+0,N_+1"
276,5WMO_B.pdb,HLA-B*07:02,RPPIFIRRL,9,"2,9","9,2","C_+0,N_+1","C_+0,N_+1"
277,4NNX_B.pdb,HLA-A*02:01,RQASLSISV,9,"2,9","9,2","C_+0,N_+1","C_+0,N_+1"
278,3VFU_A.pdb,HLA-B*35:08,LPEPLPAGQLTAY,13,"2,13","1,2,13","C_+0,N_+1","C_+0,N_+0,N_+1"
279,6J29_B.pdb,HLA-A*30:03,QIMYNYPAM,9,"2,9","6,2,9","C_+0,N_+1","C_+0,C_-3,N_+1"
280,5T7G.pdb,H2-Dd,IGPGRAFYT,9,"2,9","1,2,3,5,9","C_+0,N_+1","C_+0,N_+0,N_+1,N_+2,N_+4"
281,6MPP.pdb,HLA-A*01:01,ILDTAGKEEY,10,"2,10","2,3,8,10","C_+0,N_+1","C_+0,C_-2,N_+1,N_+2"
282,5IB2_B.pdb,HLA-B*27:05,RRKWRRWHL,9,"2,9","9,2","C_+0,N_+1","C_+0,N_+1"
283,5HHN_B.pdb,HLA-A*02:01,GILGLVFTL,9,"2,9","1,2,9","C_+0,N_+1","C_+0,N_+0,N_+1"
284,4PG9_A.pdb,H2-Kb,FAPGNYPAL,9,"2,9","9,2","C_+0,N_+1","C_+0,N_+1"
285,4QRQ_B.pdb,HLA-B*08:01,HSKKKCDEL,9,"2,9","1,2,9","C_+0,N_+1","C_+0,N_+0,N_+1"
286,4XXC_A.pdb,HLA-B*18:01,DELEIKAY,8,"2,8","1,2,5,8","C_+0,N_+1","C_+0,C_-3,N_+0,N_+1"
287,3MRR_B.pdb,HLA-A*02:01,LLAGIGTVPI,10,"2,10","2,10","C_+0,N_+1","C_+0,N_+1"
288,3KXF.pdb,HLA-B*35:08,LPEPLPQGQLTAY,13,"2,13","1,2,13","C_+0,N_+1","C_+0,N_+0,N_+1"
289,1KJ2.pdb,H2-Kb,KVITFIDL,8,"2,8","2,5,8","C_+0,N_+1","C_+0,C_-3,N_+1"
290,1P1Z.pdb,H2-Kb,SIINFEKL,8,"2,8","1,2,5,8","C_+0,N_+1","C_+0,C_-3,N_+0,N_+1"
291,1JPG.pdb,H2-Db,FQPQNGQFI,9,"2,9","2,3,5,9","C_+0,N_+1","C_+0,N_+1,N_+2,N_+4"
292,3GSO_A.pdb,HLA-A*02:01,NLVPMVATV,9,"2,9","9,2","C_+0,N_+1","C_+0,N_+1"
293,2BNQ.pdb,HLA-A*02:01,SLLMWITQV,9,"2,9","1,2,9","C_+0,N_+1","C_+0,N_+0,N_+1"
294,6V2P_A.pdb,HLA-B*57:03,ASLNLPAVSW,10,"2,10","2,10","C_+0,N_+1","C_+0,N_+1"
295,1NAN.pdb,H2-Kb,INFDFNTI,8,"2,8","1,2,8","C_+0,N_+1","C_+0,N_+0,N_+1"
296,3RWJ_B.pdb,Mamu-B*017:01:01:01,HLEVQGYW,8,"1,8","1,8","C_+0,N_+0","C_+0,N_+0"
297,3C9N_A.pdb,HLA-B*15:01,VQQESSFVM,9,"2,9","1,2,9","C_+0,N_+1","C_+0,N_+0,N_+1"
298,3BWA_A.pdb,HLA-B*35:08,FPTKDVAL,8,"2,8","1,2,5,8","C_+0,N_+1","C_+0,C_-3,N_+0,N_+1"
299,6D2T_A.pdb,HLA-B*57:01,LALLTGVRW,9,"2,9","9,2","C_+0,N_+1","C_+0,N_+1"
300,4O2E.pdb,HLA-B*39:01,SHVAVENAL,9,"2,9","1,2,9","C_+0,N_+1","C_+0,N_+0,N_+1"
301,3RWH_A.pdb,Mamu-B*017:01:01:01,MRHVLEPF,8,"2,8","1,2,5,8","C_+0,N_+1","C_+0,C_-3,N_+0,N_+1"
302,3FOL_B.pdb,H2-Kb,VNDIFERI,8,"2,8","2,5,8","C_+0,N_+1","C_+0,C_-3,N_+1"
303,3KPQ_B.pdb,HLA-B*44:05,EEYLKAWTF,9,"2,9","9,2","C_+0,N_+1","C_+0,N_+1"
304,3TBV.pdb,H2-Db,KGPANFATM,9,"2,9","1,2,3,5,9","C_+0,N_+1","C_+0,N_+0,N_+1,N_+2,N_+4"
305,3VFP_A.pdb,HLA-B*35:08,LPEPLPQGQLTAY,13,"2,13","1,2,13","C_+0,N_+1","C_+0,N_+0,N_+1"
306,5IEK_A.pdb,HLA-B*40:02,REFSKEPEL,9,"2,9","9,2","C_+0,N_+1","C_+0,N_+1"
307,5YLX.pdb,SLA-1*15:01,TMPPGFELY,9,"2,9","1,2,9","C_+0,N_+1","C_+0,N_+0,N_+1"
308,5DDH_B.pdb,HLA-A*02:01,FVLELEPEWTVK,12,"2,11","2,11","C_-1,N_+1","C_-1,N_+1"
309,3LKP_A.pdb,HLA-B*35:01,LPFDKSTIM,9,"2,9","1,2,9","C_+0,N_+1","C_+0,N_+0,N_+1"
310,4HS3_B.pdb,H2-Kb,AVYNFATM,8,"2,8","1,2,3,5,8","C_+0,N_+1","C_+0,C_-3,N_+0,N_+1,N_+2"
311,3MRJ_B.pdb,HLA-A*02:01,CINGMCWTV,9,"2,9","1,2,9","C_+0,N_+1","C_+0,N_+0,N_+1"
312,3VJ6_B.pdb,H2-Dk,AMAPRTLLL,9,"2,7","6,1,2,7,9","C_-2,N_+1","C_+0,C_-2,C_-3,N_+0,N_+1"
313,5SWZ_B.pdb,H2-Db,ASNENMETM,9,"2,9","1,2,5,9","C_+0,N_+1","C_+0,N_+0,N_+1,N_+4"
314,4U6Y_B.pdb,HLA-A*02:01,FLNKDLEVDGHFVTM,15,"2,15","6,2,15","C_+0,N_+1","C_+0,N_+1,N_+5"
315,1HHG.pdb,HLA-A*02:01,TLTSCNTSV,9,"2,9","1,2,9","C_+0,N_+1","C_+0,N_+0,N_+1"
316,2GIT_A.pdb,HLA-A*02:01,LLFGKPVYV,9,"2,9","9,2","C_+0,N_+1","C_+0,N_+1"
317,3QEQ.pdb,HLA-A*02:01,AAGIGILTV,9,"2,9","1,2,9","C_+0,N_+1","C_+0,N_+0,N_+1"
318,3MGT.pdb,HLA-A*02:01,KLYQNPTTYI,10,"2,10","2,10","C_+0,N_+1","C_+0,N_+1"
319,4PRE_A.pdb,HLA-B*35:08,HPVGQADYFEY,11,"2,11","1,2,11","C_+0,N_+1","C_+0,N_+0,N_+1"
320,1AGC.pdb,HLA-B*08:01,GGKKKYQL,8,"2,8","1,2,5,8","C_+0,N_+1","C_+0,C_-3,N_+0,N_+1"
321,1A9E.pdb,HLA-B*35:01,LPPLDITPY,9,"2,9","1,2,9","C_+0,N_+1","C_+0,N_+0,N_+1"
322,5B38.pdb,HLA-B*57:01,LSSPVTKSF,9,"2,9","9,2","C_+0,N_+1","C_+0,N_+1"
323,3L3D_A.pdb,HLA-B*44:02,EEAGRAFSF,9,"2,9","1,2,9","C_+0,N_+1","C_+0,N_+0,N_+1"
324,3BZF.pdb,HLA-E*01:01,VMAPRALLL,9,"2,9","1,2,7,9","C_+0,N_+1","C_+0,C_-2,N_+0,N_+1"
325,5T6Z.pdb,HLA-B*57:01,TSTLQEQIGW,10,"2,10","2,3,10","C_+0,N_+1","C_+0,N_+1,N_+2"
326,3FON_B.pdb,H2-Kb,VNDIFEAI,8,"2,8","2,5,8","C_+0,N_+1","C_+0,C_-3,N_+1"
327,3TID_A.pdb,H2-Kb,AVYNFATM,8,"2,8","1,2,3,5,8","C_+0,N_+1","C_+0,C_-3,N_+0,N_+1,N_+2"
328,6JTP_B.pdb,HLA-C*08:02,GADGVGKSA,9,"2,9","1,2,3,9","C_+0,N_+1","C_+0,N_+0,N_+1,N_+2"
329,1S7V.pdb,H2-Db,KAVYNLATM,9,"2,9","1,2,3,5,9","C_+0,N_+1","C_+0,N_+0,N_+1,N_+2,N_+4"
330,3CVH.pdb,H2-Kb,SIINFEKL,8,"2,8","1,2,5,8","C_+0,N_+1","C_+0,C_-3,N_+0,N_+1"
331,3MRI_B.pdb,HLA-A*02:01,CINMWCWTV,9,"2,9","1,2,9","C_+0,N_+1","C_+0,N_+0,N_+1"
332,3NFN.pdb,HLA-A*24:02,RYPLTFGWCF,10,"2,10","2,10","C_+0,N_+1","C_+0,N_+1"
333,3FT4_B.pdb,HLA-A*02:01,VLRDDLLEA,9,"2,9","1,2,9","C_+0,N_+1","C_+0,N_+0,N_+1"
334,1JGE_A.pdb,HLA-B*27:05,GRFAAAIAK,9,"2,9","1,2,9","C_+0,N_+1","C_+0,N_+0,N_+1"
335,1UXS_B.pdb,HLA-B*27:05,RRRWRRLTV,9,"2,9","9,2","C_+0,N_+1","C_+0,N_+1"
336,3SPV_B.pdb,HLA-B*08:01,RAKFKQLL,8,"2,8","5,8,2","C_+0,N_+1","C_+0,C_-3,N_+1"
337,1EEZ.pdb,HLA-A*02:01,ILSALVGIL,9,"2,9","9,2","C_+0,N_+1","C_+0,N_+1"
338,6TMO.pdb,HLA-A*02:01,EAAGIGILTV,10,"2,10","2,10","C_+0,N_+1","C_+0,N_+1"
339,4HS3_A.pdb,H2-Kb,AVYNFATM,8,"2,8","1,2,3,5,8","C_+0,N_+1","C_+0,C_-3,N_+0,N_+1,N_+2"
340,2F53_A.pdb,HLA-A*02:01,SLLMWITQC,9,"2,9","1,2,9","C_+0,N_+1","C_+0,N_+0,N_+1"
341,5Y91_B.pdb,Onmy-UBA*18:01,FANFCLMMI,9,"2,9","9,2","C_+0,N_+1","C_+0,N_+1"
342,1KPV_A.pdb,H2-Kb,FAPGNYPAL,9,"2,9","9,1,2","C_+0,N_+1","C_+0,N_+0,N_+1"
343,2HN7_A.pdb,HLA-A*11:01,AIMPARFYPK,10,"2,10","1,2,3,10","C_+0,N_+1","C_+0,N_+0,N_+1,N_+2"
344,6LHF.pdb,Gaga-BF2*015:01:01,RRREQTDY,8,"2,8","8,2","C_+0,N_+1","C_+0,N_+1"
345,4PG2.pdb,H2-Db,CSLWNGPHL,9,"2,9","1,2,3,5,9","C_+0,N_+1","C_+0,N_+0,N_+1,N_+2,N_+4"
346,5C0D_A.pdb,HLA-A*02:01,AQWGPDPAAA,10,"2,10","1,2,10","C_+0,N_+1","C_+0,N_+0,N_+1"
347,3V5D_B.pdb,HLA-A*02:01,KVAELVHFL,9,"2,9","9,2","C_+0,N_+1","C_+0,N_+1"
348,5ENW_B.pdb,HLA-A*02:01,GLKEGIPAL,9,"2,9","6,1,2,9","C_+0,N_+1","C_+0,C_-3,N_+0,N_+1"
349,1ZT7.pdb,H2-Kk,SEFLLEKRI,9,"2,9","1,2,7,9","C_+0,N_+1","C_+0,C_-2,N_+0,N_+1"
350,6EQA_B.pdb,HLA-A*02:01,AAGIGILTV,9,"2,9","9,1,2","C_+0,N_+1","C_+0,N_+0,N_+1"
351,4NO3_B.pdb,HLA-A*02:01,RQISQDVKL,9,"2,9","9,2","C_+0,N_+1","C_+0,N_+1"
352,5NHT.pdb,HLA-A*02:01,ELAGIGILTV,10,"2,10","2,10","C_+0,N_+1","C_+0,N_+1"
353,1JHT.pdb,HLA-A*02:01,ALGIGILTV,9,"2,9","1,2,9","C_+0,N_+1","C_+0,N_+0,N_+1"
354,3ROO_A.pdb,H2-Kb,AVYNFATM,8,"2,8","1,2,3,5,8","C_+0,N_+1","C_+0,C_-3,N_+0,N_+1,N_+2"
355,3VFP_B.pdb,HLA-B*35:08,LPEPLPQGQLTAY,13,"2,13","1,2,13","C_+0,N_+1","C_+0,N_+0,N_+1"
356,1G7Q.pdb,H2-Kb,SAPDTRPA,8,"2,8","1,8,2,3","C_+0,N_+1","C_+0,N_+0,N_+1,N_+2"
357,3MRI_A.pdb,HLA-A*02:01,CINMWCWTV,9,"2,9","1,2,9","C_+0,N_+1","C_+0,N_+0,N_+1"
358,2BST.pdb,HLA-B*27:05,SRYWAIRTR,9,"2,9","1,2,9","C_+0,N_+1","C_+0,N_+0,N_+1"
359,5GSB.pdb,H2-Kd,YYSIIPHSI,9,"2,9","1,2,5,9","C_+0,N_+1","C_+0,N_+0,N_+1,N_+4"
360,2VAA.pdb,H2-Kb,RGYVYQGL,8,"2,8","5,8,2","C_+0,N_+1","C_+0,C_-3,N_+1"
361,3QDJ_B.pdb,HLA-A*02:01,AAGIGILTV,9,"2,9","6,1,2,9","C_+0,N_+1","C_+0,C_-3,N_+0,N_+1"
362,5WMR_A.pdb,HLA-B*08:01,QIKVRVDMV,9,"2,9","1,2,5,9","C_+0,N_+1","C_+0,N_+0,N_+1,N_+4"
363,4PRE_B.pdb,HLA-B*35:08,HPVGQADYFEY,11,"2,11","1,2,11","C_+0,N_+1","C_+0,N_+0,N_+1"
364,2CLR.pdb,HLA-A*02:01,MLLSVPLLLG,10,"2,9","9,2","C_-1,N_+1","C_-1,N_+1"
365,3CCH_B.pdb,H2-Db,EGSRNQDWL,9,"2,9","5,2,9","C_+0,N_+1","C_+0,N_+1,N_+4"
366,4F7M.pdb,HLA-A*24:02,LYASPQLEGF,10,"2,10","1,2,10","C_+0,N_+1","C_+0,N_+0,N_+1"
367,6LBE.pdb,Onmy-UBA*18:01,FANFCLMMI,9,"2,9","9,1,2","C_+0,N_+1","C_+0,N_+0,N_+1"
368,6ULN.pdb,HLA-C*08:02,GADGVGKSA,9,"2,9","1,2,3,5,9","C_+0,N_+1","C_+0,N_+0,N_+1,N_+2,N_+4"
369,2GTZ_A.pdb,HLA-A*02:01,ALGIGILTV,9,"2,9","6,1,2,9","C_+0,N_+1","C_+0,C_-3,N_+0,N_+1"
370,3VFT_A.pdb,HLA-B*35:08,LPEPLAQGQLTAY,13,"2,13","1,2,13","C_+0,N_+1","C_+0,N_+0,N_+1"
371,6X00_A.pdb,H2-Db,SGPDNGAVAVL,11,"2,11","1,2,3,5,11","C_+0,N_+1","C_+0,N_+0,N_+1,N_+2,N_+4"
372,4PGE_B.pdb,H2-Kb,FAPGNYPAW,9,"2,9","9,1,2","C_+0,N_+1","C_+0,N_+0,N_+1"
373,3P9L_A.pdb,H2-Kb,SIINFEKL,8,"2,8","1,2,5,8","C_+0,N_+1","C_+0,C_-3,N_+0,N_+1"
374,5VWF_B.pdb,HLA-B*57:03,LTVQVARVY,9,"2,9","9,2","C_+0,N_+1","C_+0,N_+1"
375,6EQA_A.pdb,HLA-A*02:01,AAGIGILTV,9,"1,9","9,1","C_+0,N_+0","C_+0,N_+0"
376,4WU5.pdb,HLA-A*24:02,RYPLTFGW,8,"2,8","2,3,5,8","C_+0,N_+1","C_+0,C_-3,N_+1,N_+2"
377,3L3G_A.pdb,HLA-B*44:02,EEFGAAFSF,9,"2,9","1,2,9","C_+0,N_+1","C_+0,N_+0,N_+1"
378,6Y28_A.pdb,HLA-B*27:05,GRLNEPIKV,9,"2,9","1,2,9","C_+0,N_+1","C_+0,N_+0,N_+1"
379,2FO4.pdb,H2-Kb,SAPDFRPL,8,"2,8","1,2,5,8","C_+0,N_+1","C_+0,C_-3,N_+0,N_+1"
380,1X7Q_B.pdb,HLA-A*11:01,KTFPPTEPK,9,"2,9","1,2,9","C_+0,N_+1","C_+0,N_+0,N_+1"
381,1N3N.pdb,H2-Db,SALQNAASIA,10,"2,10","1,2,3,5,10","C_+0,N_+1","C_+0,N_+0,N_+1,N_+2,N_+4"
382,3MRD_A.pdb,HLA-A*02:01,NLVPMGATV,9,"2,9","2,5,9","C_+0,N_+1","C_+0,N_+1,N_+4"
383,3VFV_A.pdb,HLA-B*35:08,LPEPLPQGALTAY,13,"2,13","1,2,13","C_+0,N_+1","C_+0,N_+0,N_+1"
384,6Y26_A.pdb,HLA-B*27:05,GRLNAPIKV,9,"2,9","1,2,9","C_+0,N_+1","C_+0,N_+0,N_+1"
385,5WMN_B.pdb,HLA-B*07:02,SPIVPSFDM,9,"2,9","1,2,3,9","C_+0,N_+1","C_+0,N_+0,N_+1,N_+2"
386,1MI5.pdb,HLA-B*08:01,FLRGRAYGL,9,"2,9","9,2","C_+0,N_+1","C_+0,N_+1"
387,5WSH.pdb,HLA-A*02:01,GVWIRTPTA,9,"2,9","1,2,9","C_+0,N_+1","C_+0,N_+0,N_+1"
388,6MT4_B.pdb,HLA-B*37:01,FEDLRVSSF,9,"2,9","1,2,5,9","C_+0,N_+1","C_+0,N_+0,N_+1,N_+4"
389,3FT4_A.pdb,HLA-A*02:01,VLRDDLLEA,9,"2,9","6,1,2,9","C_+0,N_+1","C_+0,C_-3,N_+0,N_+1"
390,5D2L.pdb,HLA-A*02:01,NLVPMVATV,9,"2,9","9,2","C_+0,N_+1","C_+0,N_+1"
391,3GSO_B.pdb,HLA-A*02:01,NLVPMVATV,9,"2,9","9,2","C_+0,N_+1","C_+0,N_+1"
392,5C0F_A.pdb,HLA-A*02:01,RQWGPDPAAV,10,"2,10","2,10","C_+0,N_+1","C_+0,N_+1"
393,5C0H_A.pdb,HLA-A*02:01,YLGGPDFPTI,10,"2,10","2,10","C_+0,N_+1","C_+0,N_+1"
394,3KPP_B.pdb,HLA-B*44:05,EEYLQAFTY,9,"2,9","1,2,9","C_+0,N_+1","C_+0,N_+0,N_+1"
395,3BH8_A.pdb,HLA-A*02:01,RQASIELPSM,10,"2,10","2,7,10","C_+0,N_+1","C_+0,C_-3,N_+1"
396,3MRD_B.pdb,HLA-A*02:01,NLVPMGATV,9,"2,9","9,2","C_+0,N_+1","C_+0,N_+1"
397,4JQX_A.pdb,HLA-B*44:03,EECDSELEIKRY,12,"2,12","1,2,12,10","C_+0,N_+1","C_+0,C_-2,N_+0,N_+1"
398,3REW_B.pdb,HLA-A*02:01,CLGGLLTMV,9,"2,9","1,2,9","C_+0,N_+1","C_+0,N_+0,N_+1"
399,3MRC_A.pdb,HLA-A*02:01,NLVPMCATV,9,"2,9","9,2","C_+0,N_+1","C_+0,N_+1"
400,3VFV_B.pdb,HLA-B*35:08,LPEPLPQGALTAY,13,"2,13","1,2,13","C_+0,N_+1","C_+0,N_+0,N_+1"
401,4PRB_B.pdb,HLA-B*35:08,HPVAEADYFEY,11,"2,11","1,2,11","C_+0,N_+1","C_+0,N_+0,N_+1"
402,3P4N.pdb,H2-Kb,YTVKFPNM,8,"2,8","6,2,5,8","C_+0,N_+1","C_+0,C_-2,C_-3,N_+1"
403,4NO3_A.pdb,HLA-A*02:01,RQISQDVKL,9,"2,9","9,2","C_+0,N_+1","C_+0,N_+1"
404,4NNX_A.pdb,HLA-A*02:01,RQASLSISV,9,"2,9","9,2","C_+0,N_+1","C_+0,N_+1"
405,4G8I_B.pdb,HLA-B*27:05,KRWIIMGLNK,10,"2,10","1,2,10","C_+0,N_+1","C_+0,N_+0,N_+1"
406,3VXP.pdb,HLA-A*24:02,RYPLTLGWCF,10,"2,10","2,8,10","C_+0,N_+1","C_+0,C_-2,N_+1"
407,1IM9.pdb,HLA-C*04:01,QYDDAVYKL,9,"2,9","1,2,3,7,9","C_+0,N_+1","C_+0,C_-2,N_+0,N_+1,N_+2"
408,4QRT_B.pdb,HLA-B*08:01,ELNRKMIYM,9,"2,9","1,2,9","C_+0,N_+1","C_+0,N_+0,N_+1"
409,3V5K.pdb,HLA-A*02:01,KVAELVWFL,9,"2,9","9,2","C_+0,N_+1","C_+0,N_+1"
410,1LEK.pdb,H2-Kb,EQYKFYSV,8,"2,8","1,2,8","C_+0,N_+1","C_+0,N_+0,N_+1"
411,5N1Y_A.pdb,HLA-A*02:01,MVWGPDPLYV,10,"2,10","2,10","C_+0,N_+1","C_+0,N_+1"
412,6V2Q_B.pdb,HLA-B*57:03,LSSPVTKSF,9,"2,9","5,2,9","C_+0,N_+1","C_+0,N_+1,N_+4"
413,5NQ3_B.pdb,SLA-1*14:02,EFEDLTFLA,9,"2,9","6,1,2,9","C_+0,N_+1","C_+0,C_-3,N_+0,N_+1"
414,3L3K.pdb,HLA-B*44:02,EEFGAAASF,9,"2,9","1,2,9","C_+0,N_+1","C_+0,N_+0,N_+1"
415,2F53_B.pdb,HLA-A*02:01,SLLMWITQC,9,"2,9","1,2,9","C_+0,N_+1","C_+0,N_+0,N_+1"
416,4JFD.pdb,HLA-A*02:01,ELAAIGILTV,10,"2,10","2,10","C_+0,N_+1","C_+0,N_+1"
417,4NO2.pdb,HLA-A*02:01,RQASIELPSMAV,12,"2,12","2,12","C_+0,N_+1","C_+0,N_+1"
418,3MRQ_A.pdb,HLA-A*02:01,ELAGLGINTV,10,"2,10","2,7,10","C_+0,N_+1","C_+0,C_-3,N_+1"
419,3P9M_A.pdb,H2-Kb,SIIGFEKL,8,"2,8","1,2,5,8","C_+0,N_+1","C_+0,C_-3,N_+0,N_+1"
420,2HJK.pdb,HLA-B*57:06,KGFNPEVIPMF,11,"2,11","2,11","C_+0,N_+1","C_+0,N_+1"
421,3BH8_B.pdb,HLA-A*02:01,RQASIELPSM,10,"2,10","2,7,10","C_+0,N_+1","C_+0,C_-3,N_+1"
422,5EU4_A.pdb,HLA-A*02:01,YLAPGPVTA,9,"2,9","9,2","C_+0,N_+1","C_+0,N_+1"
423,6UK2.pdb,HLA-A*02:06,KQWLVWLLL,9,"2,9","9,2","C_+0,N_+1","C_+0,N_+1"
424,6MTL_B.pdb,HLA-B*44:05,FEDLRVLSF,9,"2,9","9,2","C_+0,N_+1","C_+0,N_+1"
425,3MRB_A.pdb,HLA-A*02:01,NLVPMVHTV,9,"2,9","6,2,9","C_+0,N_+1","C_+0,C_-3,N_+1"
426,3TIE_B.pdb,H2-Kb,AIVNYANL,8,"2,8","1,2,5,8","C_+0,N_+1","C_+0,C_-3,N_+0,N_+1"
427,3BZE.pdb,HLA-E*01:01,VMAPRTLFL,9,"2,9","6,1,2,7,9","C_+0,N_+1","C_+0,C_-2,C_-3,N_+0,N_+1"
428,3QUK_A.pdb,H2-Db,KAVANFATM,9,"2,9","1,2,3,5,9","C_+0,N_+1","C_+0,N_+0,N_+1,N_+2,N_+4"
429,6PAG_A.pdb,HLA-C*07:02,RYRPGTVAL,9,"2,9","1,2,9","C_+0,N_+1","C_+0,N_+0,N_+1"
430,1KJ3_B.pdb,H2-Kb,KVITFIDL,8,"2,8","2,5,8","C_+0,N_+1","C_+0,C_-3,N_+1"
431,3WS3_B.pdb,H2-Db,YQLENYCGL,9,"2,9","2,3,5,9","C_+0,N_+1","C_+0,N_+1,N_+2,N_+4"
432,4PRN_A.pdb,HLA-B*35:01,HPVAEADYFEY,11,"2,11","1,2,11","C_+0,N_+1","C_+0,N_+0,N_+1"
433,4NQV.pdb,HLA-A*01:01,CTELKLSDY,9,"2,9","6,2,3,9","C_+0,N_+1","C_+0,C_-3,N_+1,N_+2"
434,3BGM_B.pdb,HLA-A*02:01,RQASLSISV,9,"2,9","9,2","C_+0,N_+1","C_+0,N_+1"
435,6PYJ_A.pdb,HLA-B*27:05,LRNQSVFNF,9,"2,9","1,2,9","C_+0,N_+1","C_+0,N_+0,N_+1"
436,6EWA.pdb,HLA-A*02:01,ILKEPVHGV,9,"2,9","1,2,9","C_+0,N_+1","C_+0,N_+0,N_+1"
437,1T0M.pdb,H2-Kb,SSIEFARL,8,"2,8","1,2,5,8","C_+0,N_+1","C_+0,C_-3,N_+0,N_+1"
438,4JFQ_B.pdb,HLA-A*02:01,ELAGIGIATV,10,"2,10","2,7,10","C_+0,N_+1","C_+0,C_-3,N_+1"
439,3RL1.pdb,HLA-A*03:01,AIFQSSMTK,9,"2,9","1,2,9","C_+0,N_+1","C_+0,N_+0,N_+1"
440,2X4O_B.pdb,HLA-A*02:01,KLTPLCVTL,9,"2,9","9,2","C_+0,N_+1","C_+0,N_+1"
441,3WL9.pdb,HLA-A*24:02,NYTPGPGIRF,10,"2,10","1,2,10","C_+0,N_+1","C_+0,N_+0,N_+1"
442,5C08.pdb,HLA-A*02:01,RQWGPDPAAV,10,"2,10","2,10","C_+0,N_+1","C_+0,N_+1"
443,5NQ0_A.pdb,SLA-1*14:02,DFEREGYSL,9,"2,9","2,5,9","C_+0,N_+1","C_+0,N_+1,N_+4"
444,3MRL_A.pdb,HLA-A*02:01,CINGVVWTV,9,"2,9","1,2,9","C_+0,N_+1","C_+0,N_+0,N_+1"
445,5HGD.pdb,HLA-A*24:02,RFPLTFGWCF,10,"2,10","2,8,10","C_+0,N_+1","C_+0,C_-2,N_+1"
446,1LK2_A.pdb,H2-Kb,GNYSFYAL,8,"2,8","1,2,3,8","C_+0,N_+1","C_+0,N_+0,N_+1,N_+2"
447,4JFF.pdb,HLA-A*02:01,ELAGIGILTV,10,"2,10","2,10","C_+0,N_+1","C_+0,N_+1"
448,1P4L.pdb,H2-Kb,SIINFEKL,8,"2,8","1,2,8","C_+0,N_+1","C_+0,N_+0,N_+1"
449,3FQR_B.pdb,HLA-A*02:01,YLDSGIHSGA,10,"2,10","2,10","C_+0,N_+1","C_+0,N_+1"
450,3BEV.pdb,Gaga-BF2*021:01:01,GHAEEYGAETL,11,"2,11","1,2,9,11","C_+0,N_+1","C_+0,C_-2,N_+0,N_+1"
451,1AKJ.pdb,HLA-A*02:01,ILKEPVHGV,9,"2,9","1,2,9","C_+0,N_+1","C_+0,N_+0,N_+1"
452,3JTT.pdb,Mamu-A1*002:01:01:01,YTSGPGIRY,9,"2,9","1,2,9","C_+0,N_+1","C_+0,N_+0,N_+1"
453,1ZSD.pdb,HLA-B*35:01,EPLPQGQLTAY,11,"2,11","1,2,11","C_+0,N_+1","C_+0,N_+0,N_+1"
454,5VUE_B.pdb,HLA-B*57:01,LTVQVARVW,9,"2,9","9,2","C_+0,N_+1","C_+0,N_+1"
455,3OXS.pdb,HLA-A*02:07,FLPSDFFPSV,10,"2,10","2,7,10","C_+0,N_+1","C_+0,C_-3,N_+1"
456,2DYP.pdb,Mamu-B*008:01:01:01,RIIPRHLQL,9,"2,9","6,2,3,7,9","C_+0,N_+1","C_+0,C_-2,C_-3,N_+1,N_+2"
457,2A83_A.pdb,HLA-B*27:05,RRRWHRWRL,9,"2,9","9,2","C_+0,N_+1","C_+0,N_+1"
458,5YXU.pdb,HLA-A*02:01,KLVALGINAV,10,"2,10","2,7,10","C_+0,N_+1","C_+0,C_-3,N_+1"
459,4JFP_B.pdb,HLA-A*02:01,ELAAIGILTV,10,"2,10","2,10","C_+0,N_+1","C_+0,N_+1"
460,6PYL_B.pdb,HLA-B*27:03,KRWIILGLNK,10,"2,10","2,10","C_+0,N_+1","C_+0,N_+1"
461,1EEY.pdb,HLA-A*02:01,ILSALVGIV,9,"2,9","9,2","C_+0,N_+1","C_+0,N_+1"
462,2GTW_A.pdb,HLA-A*02:01,LAGIGILTV,9,"1,9","6,1,9","C_+0,N_+0","C_+0,C_-3,N_+0"
463,5MEP.pdb,HLA-A*02:01,ILGKFLHWL,9,"2,9","1,2,9","C_+0,N_+1","C_+0,N_+0,N_+1"
464,5VWJ_A.pdb,HLA-B*58:01,LTVQVARVW,9,"2,9","2,7,9","C_+0,N_+1","C_+0,C_-2,N_+1"
465,4MNQ.pdb,HLA-A*02:01,ILAKFLHWL,9,"2,9","2,5,9","C_+0,N_+1","C_+0,N_+1,N_+4"
466,5C0H_B.pdb,HLA-A*02:01,YLGGPDFPTI,10,"2,10","2,10","C_+0,N_+1","C_+0,N_+1"
467,3GSW_B.pdb,HLA-A*02:01,NLVPMVAAV,9,"2,9","6,2,9","C_+0,N_+1","C_+0,C_-3,N_+1"
468,4QRS_B.pdb,HLA-B*08:01,ELKRKMIYM,9,"2,9","1,2,9","C_+0,N_+1","C_+0,N_+0,N_+1"
469,6EWO.pdb,HLA-A*02:01,RTFSPTYGL,9,"2,9","9,2","C_+0,N_+1","C_+0,N_+1"
470,4NO5_B.pdb,HLA-A*02:01,RQISQDVKL,9,"2,9","9,2","C_+0,N_+1","C_+0,N_+1"
471,5EO1_B.pdb,HLA-B*07:02,RPMTYKGAL,9,"2,9","9,2","C_+0,N_+1","C_+0,N_+1"
472,5C0G_A.pdb,HLA-A*02:01,YLGGPDFPTI,10,"2,10","2,10","C_+0,N_+1","C_+0,N_+1"
473,3P4M_A.pdb,H2-Kb,YTVKYPNL,8,"2,8","6,2,5,8","C_+0,N_+1","C_+0,C_-2,C_-3,N_+1"
474,3GSQ_A.pdb,HLA-A*02:01,NLVPSVATV,9,"2,9","9,2","C_+0,N_+1","C_+0,N_+1"
475,6Y2A_B.pdb,HLA-B*27:05,GRLNQPIKV,9,"2,9","1,2,9","C_+0,N_+1","C_+0,N_+0,N_+1"
476,6J2A_A.pdb,HLA-A*30:03,CTELKLSDY,9,"2,9","6,1,2,9","C_+0,N_+1","C_+0,C_-3,N_+0,N_+1"
477,6VR1.pdb,HLA-A*02:01,HMTEVVRRC,9,"2,9","9,2","C_+0,N_+1","C_+0,N_+1"
478,5WMN_A.pdb,HLA-B*07:02,SPIVPSFDM,9,"2,9","1,2,3,9","C_+0,N_+1","C_+0,N_+0,N_+1,N_+2"
479,3MGO.pdb,HLA-A*02:01,RLYQNPTTYI,10,"2,10","2,10","C_+0,N_+1","C_+0,N_+1"
480,3VXS.pdb,HLA-A*24:02,RYPLTLGWCF,10,"2,10","2,10","C_+0,N_+1","C_+0,N_+1"
481,5HHQ_A.pdb,HLA-A*02:01,GIWGFVFTL,9,"2,9","1,2,9","C_+0,N_+1","C_+0,N_+0,N_+1"
482,3QQ4.pdb,SLA-1*04:01:01,ATAAATEAY,9,"2,9","6,1,2,9","C_+0,N_+1","C_+0,C_-3,N_+0,N_+1"
483,5E00.pdb,HLA-A*02:01,GVWIRTPPA,9,"2,9","1,2,9","C_+0,N_+1","C_+0,N_+0,N_+1"
484,1ZHK.pdb,HLA-B*35:01,LPEPLPQGQLTAY,13,"2,13","1,2,13","C_+0,N_+1","C_+0,N_+0,N_+1"
485,3VFO_A.pdb,HLA-B*35:01,LPEPLPQGQLTAY,13,"2,13","1,2,13","C_+0,N_+1","C_+0,N_+0,N_+1"
486,1AGB.pdb,HLA-B*08:01,GGRKKYKL,8,"2,8","1,2,5,8","C_+0,N_+1","C_+0,C_-3,N_+0,N_+1"
487,1K5N_B.pdb,HLA-B*27:09,GRFAAAIAK,9,"2,9","1,2,9","C_+0,N_+1","C_+0,N_+0,N_+1"
488,2VLK.pdb,HLA-A*02:01,GILGFVFTL,9,"2,9","1,2,9","C_+0,N_+1","C_+0,N_+0,N_+1"
489,4IHO_A.pdb,H2-Db,EGPRNQDWL,9,"2,9","1,2,3,5,9","C_+0,N_+1","C_+0,N_+0,N_+1,N_+2,N_+4"
490,5N6B_A.pdb,HLA-A*02:01,LLWNGPMAV,9,"2,9","9,2","C_+0,N_+1","C_+0,N_+1"
491,1FFO.pdb,H2-Db,AAVYNFATM,9,"2,9","1,2,3,5,9","C_+0,N_+1","C_+0,N_+0,N_+1,N_+2,N_+4"
492,4ZUU.pdb,Eqca-N*006:01,CTSEEMNAF,9,"2,9","1,2,9","C_+0,N_+1","C_+0,N_+0,N_+1"
493,3HG1.pdb,HLA-A*02:01,ELAGIGILTV,10,"2,10","1,2,10","C_+0,N_+1","C_+0,N_+0,N_+1"
494,5J6H.pdb,H2-Ld,VGITNVDL,8,"2,8","1,2,3,5,8","C_+0,N_+1","C_+0,C_-3,N_+0,N_+1,N_+2"
495,4HX1_B.pdb,HLA-A*68:02,SVYDFFVWL,9,"2,9","1,2,9","C_+0,N_+1","C_+0,N_+0,N_+1"
496,5J6G.pdb,H2-Ld,VGITNVDL,8,"2,8","2,3,5,8","C_+0,N_+1","C_+0,C_-3,N_+1,N_+2"
497,5VWD_A.pdb,HLA-B*57:03,LTVQVARVW,9,"2,9","9,2","C_+0,N_+1","C_+0,N_+1"
498,2FWO.pdb,H2-Kd,TYQRTRALV,9,"2,9","1,2,5,9","C_+0,N_+1","C_+0,N_+0,N_+1,N_+4"
499,2NW3_A.pdb,HLA-B*35:08,EPLPQGQLTAY,11,"2,11","1,2,11","C_+0,N_+1","C_+0,N_+0,N_+1"
500,7K81_A.pdb,HLA-A*24:02,RYPLTFGW,8,"2,8","2,3,5,8","C_+0,N_+1","C_+0,C_-3,N_+1,N_+2"
501,5IB1_B.pdb,HLA-B*27:05,RRKWRRWHL,9,"2,9","9,2","C_+0,N_+1","C_+0,N_+1"
502,4PRA_A.pdb,HLA-B*35:01,HPVGQADYFEY,11,"2,11","1,2,11","C_+0,N_+1","C_+0,N_+0,N_+1"
503,3LN5_A.pdb,HLA-B*41:04,HEEAVSVDRVL,11,"2,11","1,2,11","C_+0,N_+1","C_+0,N_+0,N_+1"
504,1FFN.pdb,H2-Db,KAVYNFATM,9,"2,9","1,2,3,5,9","C_+0,N_+1","C_+0,N_+0,N_+1,N_+2,N_+4"
505,6MTL_A.pdb,HLA-B*44:05,FEDLRVLSF,9,"2,9","9,2","C_+0,N_+1","C_+0,N_+1"
506,2CKB_B.pdb,H2-Kb,EQYKFYSV,8,"2,8","2,5,8","C_+0,N_+1","C_+0,C_-3,N_+1"
507,3RWG_B.pdb,Mamu-B*017:01:01:01,MHPAQTSQW,9,"2,9","1,2,3,9","C_+0,N_+1","C_+0,N_+0,N_+1,N_+2"
508,5EOT.pdb,HLA-A*02:01,GLLPELPAVGG,11,"2,9","6,1,2,9","C_-2,N_+1","C_-2,N_+0,N_+1,N_+5"
509,3DX8_B.pdb,HLA-B*44:05,EENLLDFVRF,10,"2,10","1,2,10","C_+0,N_+1","C_+0,N_+0,N_+1"
510,3LKN_B.pdb,HLA-B*35:01,LPFERATIM,9,"2,9","1,2,9","C_+0,N_+1","C_+0,N_+0,N_+1"
511,3X13_B.pdb,HLA-B*08:01,FLRGRAYGL,9,"2,9","1,2,5,9","C_+0,N_+1","C_+0,N_+0,N_+1,N_+4"
512,2HN7_B.pdb,HLA-A*11:01,AIMPARFYPK,10,"2,10","1,2,3,10","C_+0,N_+1","C_+0,N_+0,N_+1,N_+2"
513,5YMW.pdb,Gaga-BF2*012:01:01,LPACVLEV,8,"2,8","2,5,8","C_+0,N_+1","C_+0,C_-3,N_+1"
514,6SSA_A.pdb,HLA-A*02:01,LLWNGPMQV,9,"2,9","1,2,9","C_+0,N_+1","C_+0,N_+0,N_+1"
515,1L6Q.pdb,H2-Kd,LYLVCGERG,9,"2,9","1,2,3,7,9","C_+0,N_+1","C_+0,C_-2,N_+0,N_+1,N_+2"
516,2YPK.pdb,HLA-B*57:01,KAFSPEVIPMF,11,"2,11","2,11","C_+0,N_+1","C_+0,N_+1"
517,2GJ6.pdb,HLA-A*02:01,LLFGKPVYV,9,"2,9","9,2","C_+0,N_+1","C_+0,N_+1"
518,5JHD_B.pdb,HLA-A*02:01,GILGFVFTL,9,"2,9","1,2,9","C_+0,N_+1","C_+0,N_+0,N_+1"
519,5XOV.pdb,HLA-A*24:02,RYPLTFGWCF,10,"2,10","2,10","C_+0,N_+1","C_+0,N_+1"
520,5NME_A.pdb,HLA-A*02:01,SLYNTVATL,9,"2,9","1,2,9","C_+0,N_+1","C_+0,N_+0,N_+1"
521,3JTS.pdb,Mamu-A1*002:01:01:01,GSENLKSLY,9,"2,9","1,2,5,9","C_+0,N_+1","C_+0,N_+0,N_+1,N_+4"
522,6PZ5_B.pdb,HLA-B*27:03,LRNQSVFNF,9,"2,9","1,2,9","C_+0,N_+1","C_+0,N_+0,N_+1"
523,6P2F.pdb,HLA-B*08:01,AAAKKGYCL,9,"2,9","9,2","C_+0,N_+1","C_+0,N_+1"
524,6SSA_B.pdb,HLA-A*02:01,LLWNGPMQV,9,"2,9","1,2,9","C_+0,N_+1","C_+0,N_+0,N_+1"
525,3VXN.pdb,HLA-A*24:02,RYPLTFGWCF,10,"2,10","2,10","C_+0,N_+1","C_+0,N_+1"
526,5SWS.pdb,H2-Db,ASNENMETM,9,"2,9","1,2,5,9","C_+0,N_+1","C_+0,N_+0,N_+1,N_+4"
527,1CG9_A.pdb,HLA-B*35:01,LPPLDITPY,9,"2,9","1,2,9","C_+0,N_+1","C_+0,N_+0,N_+1"
528,6RSY.pdb,HLA-A*02:01,RMFPNAPYL,9,"2,9","9,2","C_+0,N_+1","C_+0,N_+1"
529,1SYS.pdb,HLA-B*44:03,EEPTVIKKY,9,"2,9","1,2,7,9","C_+0,N_+1","C_+0,C_-2,N_+0,N_+1"
530,5H94.pdb,SLA-1*07:04,KMNTQFTAV,9,"2,9","2,3,5,9","C_+0,N_+1","C_+0,N_+1,N_+2,N_+4"
531,3SKO_B.pdb,HLA-B*08:01,FLRGRAYGL,9,"2,9","1,2,9","C_+0,N_+1","C_+0,N_+0,N_+1"
532,5WMO_A.pdb,HLA-B*07:02,RPPIFIRRL,9,"2,9","9,2","C_+0,N_+1","C_+0,N_+1"
533,3PWN_B.pdb,HLA-A*02:01,LLYGFVNYI,9,"2,9","9,2","C_+0,N_+1","C_+0,N_+1"
534,3LKO_A.pdb,HLA-B*35:01,LPFDRTTIM,9,"2,9","1,2,9","C_+0,N_+1","C_+0,N_+0,N_+1"
535,6D29_A.pdb,HLA-B*57:01,TSMSFVPRPW,10,"2,10","1,2,10","C_+0,N_+1","C_+0,N_+0,N_+1"
536,6MT6_A.pdb,HLA-B*37:01,FEDLRVLSF,9,"2,9","1,2,5,9","C_+0,N_+1","C_+0,N_+0,N_+1,N_+4"
537,1KPV_B.pdb,H2-Kb,FAPGNYPAL,9,"2,9","9,1,2","C_+0,N_+1","C_+0,N_+0,N_+1"
538,4PGB_A.pdb,H2-Kb,FAPGNWPAL,9,"2,9","9,2","C_+0,N_+1","C_+0,N_+1"
539,6H6D_B.pdb,H2-Db,SGPSNTPPEI,10,"2,10","1,2,3,5,10","C_+0,N_+1","C_+0,N_+0,N_+1,N_+2,N_+4"
540,1ZHB.pdb,H2-Db,KALYNYAPI,9,"2,9","1,2,3,5,9","C_+0,N_+1","C_+0,N_+0,N_+1,N_+2,N_+4"
541,5IB2_A.pdb,HLA-B*27:05,RRKWRRWHL,9,"2,9","9,2","C_+0,N_+1","C_+0,N_+1"
542,3FQU_B.pdb,HLA-A*02:01,GLLGSPVRA,9,"2,9","1,2,9","C_+0,N_+1","C_+0,N_+0,N_+1"
543,5Y91_A.pdb,Onmy-UBA*18:01,FANFCLMMI,9,"2,9","9,2","C_+0,N_+1","C_+0,N_+1"
544,4U1J_B.pdb,HLA-B*42:01,TPQDLNTML,9,"2,9","1,2,9","C_+0,N_+1","C_+0,N_+0,N_+1"
545,3CII.pdb,HLA-E*01:01,VMAPRTLFL,9,"2,9","6,1,2,7,9","C_+0,N_+1","C_+0,C_-2,C_-3,N_+0,N_+1"
546,6UK4.pdb,HLA-A*02:06,KQWLVWLFL,9,"2,9","9,2","C_+0,N_+1","C_+0,N_+1"
547,2X4U_A.pdb,HLA-A*02:01,ILKEPVHGV,9,"2,9","9,2","C_+0,N_+1","C_+0,N_+1"
548,5IB4_B.pdb,HLA-B*27:05,RRKWRRWHL,9,"2,9","9,2","C_+0,N_+1","C_+0,N_+1"
549,4PRB_A.pdb,HLA-B*35:08,HPVAEADYFEY,11,"2,11","1,2,3,11","C_+0,N_+1","C_+0,N_+0,N_+1,N_+2"
550,3VFM_A.pdb,HLA-B*35:08,LPEPLPQGQLTAY,13,"2,13","1,2,13","C_+0,N_+1","C_+0,N_+0,N_+1"
551,6ULK.pdb,HLA-C*08:02,GADGVGKSAL,10,"2,10","1,2,3,10","C_+0,N_+1","C_+0,N_+0,N_+1,N_+2"
552,5BRZ.pdb,HLA-A*01:01,EVDPIGHLY,9,"2,9","1,2,3,9","C_+0,N_+1","C_+0,N_+0,N_+1,N_+2"
553,3QFD_B.pdb,HLA-A*02:01,AAGIGILTV,9,"2,9","6,1,2,9","C_+0,N_+1","C_+0,C_-3,N_+0,N_+1"
554,1OF2_A.pdb,HLA-B*27:09,RRKWRRWHL,9,"2,9","9,2","C_+0,N_+1","C_+0,N_+1"
555,3MRH_A.pdb,HLA-A*02:01,CISGVCWTV,9,"2,9","1,2,9","C_+0,N_+1","C_+0,N_+0,N_+1"
556,3QDG_A.pdb,HLA-A*02:01,ELAGIGILTV,10,"2,10","2,10","C_+0,N_+1","C_+0,N_+1"
557,1CG9_B.pdb,HLA-B*35:01,LPPLDITPY,9,"2,9","1,2,9","C_+0,N_+1","C_+0,N_+0,N_+1"
558,4I48.pdb,HLA-A*68:02,TLTSCNTSV,9,"2,9","1,2,9","C_+0,N_+1","C_+0,N_+0,N_+1"
559,5VUF_B.pdb,HLA-B*57:01,LTVQVARVY,9,"2,9","9,2","C_+0,N_+1","C_+0,N_+1"
560,6RPB.pdb,HLA-A*02:01,SLLMWITQV,9,"2,9","1,2,9","C_+0,N_+1","C_+0,N_+0,N_+1"
561,1K5N_A.pdb,HLA-B*27:09,GRFAAAIAK,9,"2,9","1,2,9","C_+0,N_+1","C_+0,N_+0,N_+1"
562,3RL2_B.pdb,HLA-A*03:01,QVPLRPMTYK,10,"2,10","2,7,10","C_+0,N_+1","C_+0,C_-3,N_+1"
563,1S9Y.pdb,HLA-A*02:01,SLLMWITQS,9,"2,9","6,1,2,3,9","C_+0,N_+1","C_+0,C_-3,N_+0,N_+1,N_+2"
564,1QSE.pdb,HLA-A*02:01,LLFGYPRYV,9,"2,9","1,2,9","C_+0,N_+1","C_+0,N_+0,N_+1"
565,5C09.pdb,HLA-A*02:01,YLGGPDFPTI,10,"2,10","2,10","C_+0,N_+1","C_+0,N_+1"
566,5NQ0_B.pdb,SLA-1*14:02,DFEREGYSL,9,"2,9","2,5,9","C_+0,N_+1","C_+0,N_+1,N_+4"
567,5FA4.pdb,HLA-A*02:01,YLSPIASPLLD,11,"2,9","9,2","C_-2,N_+1","C_-2,N_+1"
568,6J29_A.pdb,HLA-A*30:03,QIMYNYPAM,9,"2,9","6,2,9","C_+0,N_+1","C_+0,C_-3,N_+1"
569,6AT9.pdb,HLA-A*01:01,AQDIYRASYY,10,"2,10","1,2,5,10","C_+0,N_+1","C_+0,N_+0,N_+1,N_+4"
570,4PGB_B.pdb,H2-Kb,FAPGNWPAL,9,"2,9","9,2","C_+0,N_+1","C_+0,N_+1"
571,3BP4_B.pdb,HLA-B*27:05,IRAAPPPLF,9,"2,9","1,2,9","C_+0,N_+1","C_+0,N_+0,N_+1"
572,1T1X.pdb,HLA-A*02:01,SLYLTVATL,9,"2,9","1,2,9","C_+0,N_+1","C_+0,N_+0,N_+1"
573,5IND.pdb,HLA-B*58:11,QASQDVKNW,9,"2,9","9,2","C_+0,N_+1","C_+0,N_+1"
574,3I6L.pdb,HLA-A*24:02,QFKDNVILL,9,"2,9","9,2","C_+0,N_+1","C_+0,N_+1"
575,3RWJ_A.pdb,Mamu-B*017:01:01:01,HLEVQGYW,8,"1,8","1,8","C_+0,N_+0","C_+0,N_+0"
576,5EUO.pdb,HLA-A*02:01,GILGFVFTL,9,"2,9","1,2,9","C_+0,N_+1","C_+0,N_+0,N_+1"
577,3CPL_B.pdb,H2-Db,ASNENAETM,9,"2,9","1,2,5,9","C_+0,N_+1","C_+0,N_+0,N_+1,N_+4"
578,1BII.pdb,H2-Dd,RGPGRAFVTI,10,"2,10","1,2,3,5,10","C_+0,N_+1","C_+0,N_+0,N_+1,N_+2,N_+4"
579,4HUV_B.pdb,H2-Db,ASNENWETM,9,"2,9","1,2,5,9","C_+0,N_+1","C_+0,N_+0,N_+1,N_+4"
580,3MRG_B.pdb,HLA-A*02:01,CINGVCWTV,9,"2,9","6,1,2,9","C_+0,N_+1","C_+0,C_-3,N_+0,N_+1"
581,3CH1_B.pdb,H2-Db,EGPRNQDWL,9,"2,9","1,2,3,5,9","C_+0,N_+1","C_+0,N_+0,N_+1,N_+2,N_+4"
582,5B39.pdb,HLA-B*57:01,LSSPVTKSF,9,"2,9","7,2,9","C_+0,N_+1","C_+0,C_-2,N_+1"
583,1FZM_A.pdb,H2-Kb,RGYVYQGL,8,"2,8","1,8,2","C_+0,N_+1","C_+0,N_+0,N_+1"
584,3VXU.pdb,HLA-A*24:02,RFPLTFGWCF,10,"2,10","2,10","C_+0,N_+1","C_+0,N_+1"
585,3BH9_A.pdb,HLA-A*02:01,RTYSGPMNKV,10,"2,10","2,10","C_+0,N_+1","C_+0,N_+1"
586,3VXM.pdb,HLA-A*24:02,RFPLTFGWCF,10,"2,10","2,10","C_+0,N_+1","C_+0,N_+1"
587,3GSQ_B.pdb,HLA-A*02:01,NLVPSVATV,9,"2,9","9,2","C_+0,N_+1","C_+0,N_+1"
588,2UWE_A.pdb,HLA-A*02:01,ALWGFFPVL,9,"2,9","1,2,9","C_+0,N_+1","C_+0,N_+0,N_+1"
589,1VGK.pdb,H2-Kd,SYVNTNMGL,9,"2,9","1,2,3,5,9","C_+0,N_+1","C_+0,N_+0,N_+1,N_+2,N_+4"
590,3MV8_A.pdb,HLA-B*35:01,HPVGEADYFEY,11,"2,11","1,2,11","C_+0,N_+1","C_+0,N_+0,N_+1"
591,3VFN_A.pdb,HLA-B*35:08,LPEPLPQGQLTAY,13,"2,13","1,2,13","C_+0,N_+1","C_+0,N_+0,N_+1"
592,5TIL.pdb,H2-Db,KAPYNFATM,9,"2,9","2,3,5,9","C_+0,N_+1","C_+0,N_+1,N_+2,N_+4"
593,5SWQ_B.pdb,HLA-A*02:01,CVNGSCFTV,9,"2,9","1,2,9","C_+0,N_+1","C_+0,N_+0,N_+1"
594,4U1I_B.pdb,HLA-B*81:01,TPQDLNTML,9,"2,9","1,2,9","C_+0,N_+1","C_+0,N_+0,N_+1"
595,6GH4.pdb,HLA-E*01:03,RQPAKAPLL,9,"2,9","2,7,9","C_+0,N_+1","C_+0,C_-2,N_+1"
596,4L3C.pdb,HLA-A*02:01,YLLMWITQV,9,"2,9","9,2","C_+0,N_+1","C_+0,N_+1"
597,3LKR_A.pdb,HLA-B*35:01,LPFERATVM,9,"2,9","1,2,9","C_+0,N_+1","C_+0,N_+0,N_+1"
598,5WWU.pdb,HLA-A*24:02,LYKKLKREITF,11,"2,11","2,11","C_+0,N_+1","C_+0,N_+1"
599,2GTZ_B.pdb,HLA-A*02:01,ALGIGILTV,9,"2,9","6,1,2,9","C_+0,N_+1","C_+0,C_-3,N_+0,N_+1"
600,4JQV_B.pdb,HLA-B*18:01,SELEIKRY,8,"2,8","1,2,5,8","C_+0,N_+1","C_+0,C_-3,N_+0,N_+1"
601,4CVZ.pdb,Gaga-BF2*021:01:01,YELDEKFDRL,10,"2,10","2,8,10","C_+0,N_+1","C_+0,C_-2,N_+1"
602,3PWP.pdb,HLA-A*02:01,LGYGFVNYI,9,"2,9","9,2","C_+0,N_+1","C_+0,N_+1"
603,4L8D_B.pdb,H2-Db,ASNEDMETM,9,"2,9","1,2,5,9","C_+0,N_+1","C_+0,N_+0,N_+1,N_+4"
604,6G3J_A.pdb,HLA-A*02:01,MTSAIGILPV,10,"2,10","2,10","C_+0,N_+1","C_+0,N_+1"
605,2X4U_B.pdb,HLA-A*02:01,ILKEPVHGV,9,"2,9","9,2","C_+0,N_+1","C_+0,N_+1"
606,1JTR.pdb,H2-Kb,EQYKFYSV,8,"2,8","1,2,8","C_+0,N_+1","C_+0,N_+0,N_+1"
607,2XPG.pdb,HLA-A*03:01,KLIETYFSK,9,"2,9","1,2,9","C_+0,N_+1","C_+0,N_+0,N_+1"
608,6Y2A_A.pdb,HLA-B*27:05,GRLNQPIKV,9,"2,9","1,2,9","C_+0,N_+1","C_+0,N_+0,N_+1"
609,3OX8_B.pdb,HLA-A*02:03,FLPSDFFPSV,10,"2,10","2,10","C_+0,N_+1","C_+0,N_+1"
610,3RWI_A.pdb,Mamu-B*017:01:01:01,GSHLEVQGYW,10,"3,10","2,3,10","C_+0,N_+2","C_+0,N_+1,N_+2"
611,4HV8_B.pdb,H2-Db,ASNENIETM,9,"2,9","1,2,5,9","C_+0,N_+1","C_+0,N_+0,N_+1,N_+4"
612,3P4M_B.pdb,H2-Kb,YTVKYPNL,8,"2,8","6,2,5,8","C_+0,N_+1","C_+0,C_-2,C_-3,N_+1"
613,3FOM_A.pdb,H2-Kb,IQQSIERI,8,"2,8","2,5,8","C_+0,N_+1","C_+0,C_-3,N_+1"
614,3DX6_B.pdb,HLA-B*44:02,EENLLDFVRF,10,"2,10","2,10","C_+0,N_+1","C_+0,N_+1"
615,6WZY_B.pdb,H2-Db,SGPDNGAVAV,10,"2,10","1,2,3,5,10","C_+0,N_+1","C_+0,N_+0,N_+1,N_+2,N_+4"
616,6LHG.pdb,Gaga-BF2*004:01:01,IDWFDGKE,8,"2,8","2,5,8","C_+0,N_+1","C_+0,C_-3,N_+1"
617,3GSU_B.pdb,HLA-A*02:01,NLVPTVATV,9,"2,9","1,2,9","C_+0,N_+1","C_+0,N_+0,N_+1"
618,1FZK_B.pdb,H2-Kb,FAPGNYPAL,9,"2,9","9,1,2","C_+0,N_+1","C_+0,N_+0,N_+1"
619,2BSS.pdb,HLA-B*27:05,KRWIILGLNK,10,"2,10","2,10","C_+0,N_+1","C_+0,N_+1"
620,5VGD_B.pdb,HLA-C*05:01,SAEPVPLQL,9,"2,9","1,2,3,7,9","C_+0,N_+1","C_+0,C_-2,N_+0,N_+1,N_+2"
621,4Z78.pdb,H2-Kd,LYLVCGERGF,10,"2,10","1,2,3,5,10","C_+0,N_+1","C_+0,N_+0,N_+1,N_+2,N_+4"
622,5T70.pdb,HLA-B*57:01,TSNLQEQIGW,10,"2,10","1,2,10","C_+0,N_+1","C_+0,N_+0,N_+1"
623,5C0J_B.pdb,HLA-A*02:01,RQFGPDWIVA,10,"2,10","2,10","C_+0,N_+1","C_+0,N_+1"
624,6V2P_B.pdb,HLA-B*57:03,ASLNLPAVSW,10,"2,10","2,10","C_+0,N_+1","C_+0,N_+1"
625,4L29.pdb,HLA-A*02:01,YLLMWITQV,9,"2,9","9,2","C_+0,N_+1","C_+0,N_+1"
626,3VH8.pdb,HLA-B*57:01,LSSPVTKSF,9,"2,9","9,2","C_+0,N_+1","C_+0,N_+1"
627,2CLV.pdb,H2-Kb,SQYYYNSL,8,"2,8","1,2,3,8","C_+0,N_+1","C_+0,N_+0,N_+1,N_+2"
628,6NCA.pdb,HLA-A*02:01,YVLDHLIVV,9,"2,9","9,2","C_+0,N_+1","C_+0,N_+1"
629,3L3H.pdb,H2-Db,SSLENARAYV,10,"2,10","1,2,3,5,10","C_+0,N_+1","C_+0,N_+0,N_+1,N_+2,N_+4"
630,6SS9.pdb,HLA-A*02:01,LLWNGPMHV,9,"2,9","9,2","C_+0,N_+1","C_+0,N_+1"
631,3BWA_B.pdb,HLA-B*35:08,FPTKDVAL,8,"2,8","1,2,5,8","C_+0,N_+1","C_+0,C_-3,N_+0,N_+1"
632,5NPZ_B.pdb,SLA-1*14:02,EFEDLTFLA,9,"2,9","9,2","C_+0,N_+1","C_+0,N_+1"
633,3MRP_B.pdb,HLA-A*02:01,ELAGLGINTV,10,"2,10","2,7,10","C_+0,N_+1","C_+0,C_-3,N_+1"
634,3X12_B.pdb,HLA-B*57:01,LSSPVTKSF,9,"2,9","9,2","C_+0,N_+1","C_+0,N_+1"
635,3H7B_B.pdb,HLA-A*02:01,MLWGYLQYV,9,"2,9","9,2","C_+0,N_+1","C_+0,N_+1"
636,5GSX.pdb,H2-Kd,FYAPEPITSL,10,"2,10","6,1,2,10","C_+0,N_+1","C_+0,C_-4,N_+0,N_+1"
637,3RWC_A.pdb,Mamu-B*017:01:01:01,IRYPKTFGW,9,"2,9","1,2,9","C_+0,N_+1","C_+0,N_+0,N_+1"
638,5TRZ.pdb,H2-Kd,YQSGLSIVM,9,"1,8","1,2,8","C_-1,N_+0","C_-1,N_+0,N_+1"
639,5C0B_A.pdb,HLA-A*02:01,RQFGPDFPTI,10,"2,10","2,10","C_+0,N_+1","C_+0,N_+1"
640,3PWL_A.pdb,HLA-A*02:01,LGYGFVNYI,9,"2,9","9,2","C_+0,N_+1","C_+0,N_+1"
642,1BD2.pdb,HLA-A*02:01,LLFGYPVYV,9,"2,9","9,2","C_+0,N_+1","C_+0,N_+1"
643,5NMK_B.pdb,HLA-A*02:01,SLFNTIAVL,9,"2,9","1,2,9","C_+0,N_+1","C_+0,N_+0,N_+1"
644,3LKO_B.pdb,HLA-B*35:01,LPFDRTTIM,9,"2,9","1,2,9","C_+0,N_+1","C_+0,N_+0,N_+1"
645,1I1F.pdb,HLA-A*02:01,FLKEPVHGV,9,"2,9","9,2","C_+0,N_+1","C_+0,N_+1"
646,1TVB_A.pdb,HLA-A*02:01,ITDQVPFSV,9,"2,9","9,2","C_+0,N_+1","C_+0,N_+1"
647,4CW1.pdb,Gaga-BF2*014:01:01,SWFRKPMTR,9,"2,9","1,2,9","C_+0,N_+1","C_+0,N_+0,N_+1"
648,5IB5_B.pdb,HLA-B*27:09,RRKWRRWHL,9,"2,9","9,2","C_+0,N_+1","C_+0,N_+1"
649,6SS8.pdb,HLA-A*02:01,LLWNGPIAV,9,"2,9","1,2,9","C_+0,N_+1","C_+0,N_+0,N_+1"
650,3PWJ_A.pdb,HLA-A*02:01,LLYGFVNYV,9,"2,9","9,2","C_+0,N_+1","C_+0,N_+1"
651,6O51_B.pdb,HLA-A*02:01,YLVVVGAVGV,10,"2,10","2,10","C_+0,N_+1","C_+0,N_+1"
652,5E9D.pdb,HLA-A*02:01,ELAGIGILTV,10,"2,10","1,2,7,10","C_+0,N_+1","C_+0,C_-3,N_+0,N_+1"
653,3DX8_A.pdb,HLA-B*44:05,EENLLDFVRF,10,"2,10","1,2,10","C_+0,N_+1","C_+0,N_+0,N_+1"
654,2BVQ.pdb,HLA-B*57:03,KAFSPEVI,8,"2,8","8,2","C_+0,N_+1","C_+0,N_+1"
655,6MT6_B.pdb,HLA-B*37:01,FEDLRVLSF,9,"2,9","1,2,5,9","C_+0,N_+1","C_+0,N_+0,N_+1,N_+4"
656,3REW_A.pdb,HLA-A*02:01,CLGGLLTMV,9,"2,9","1,2,9","C_+0,N_+1","C_+0,N_+0,N_+1"
657,3TO2.pdb,HLA-A*02:01,LACFVLAAV,9,"2,9","9,2","C_+0,N_+1","C_+0,N_+1"
658,5VGE.pdb,HLA-C*07:02,RYRPGTVAL,9,"2,9","9,2","C_+0,N_+1","C_+0,N_+1"
659,1RK1.pdb,H2-Kb,SEIEFARL,8,"2,8","1,2,5,8","C_+0,N_+1","C_+0,C_-3,N_+0,N_+1"
660,4D0C.pdb,Gaga-BF2*021:01:01,TAGQSNYDRL,10,"2,10","1,2,8,10","C_+0,N_+1","C_+0,C_-2,N_+0,N_+1"
661,6MT3_B.pdb,HLA-B*18:01,FEDLRVLSF,9,"2,9","1,2,9","C_+0,N_+1","C_+0,N_+0,N_+1"
662,1FZK_A.pdb,H2-Kb,FAPGNYPAL,9,"2,9","9,1,2","C_+0,N_+1","C_+0,N_+0,N_+1"
663,6AVG.pdb,HLA-B*07:02,APRGPHGGAASGL,13,"2,13","1,2,13","C_+0,N_+1","C_+0,N_+0,N_+1"
664,3P4O.pdb,H2-Kb,YTAKYPNL,8,"2,8","2,5,8","C_+0,N_+1","C_+0,C_-3,N_+1"
665,5YMV.pdb,Gaga-BF2*012:01:01,AVKGVGTMV,9,"2,8","1,2,5,8","C_-1,N_+1","C_-1,N_+0,N_+1,N_+4"
666,1NAM.pdb,H2-Kb,RGYVYQGL,8,"2,8","1,2,5,8","C_+0,N_+1","C_+0,C_-3,N_+0,N_+1"
667,3LKS_B.pdb,HLA-B*35:01,LPFEKSTVM,9,"2,9","1,2,9","C_+0,N_+1","C_+0,N_+0,N_+1"
668,1JGD_A.pdb,HLA-B*27:09,RRLLRGHNQY,10,"2,10","2,10","C_+0,N_+1","C_+0,N_+1"
669,4HUV_A.pdb,H2-Db,ASNENWETM,9,"2,9","1,2,5,9","C_+0,N_+1","C_+0,N_+0,N_+1,N_+4"
670,3FQW_A.pdb,HLA-A*02:01,RVASPTSGV,9,"2,9","9,2","C_+0,N_+1","C_+0,N_+1"
672,4WUU.pdb,HLA-A*02:01,RMFPNAPYL,9,"2,9","9,2","C_+0,N_+1","C_+0,N_+1"
673,5SWZ_A.pdb,H2-Db,ASNENMETM,9,"2,9","1,2,5,9","C_+0,N_+1","C_+0,N_+0,N_+1,N_+4"
674,3GSV_A.pdb,HLA-A*02:01,NLVPQVATV,9,"2,9","1,2,9","C_+0,N_+1","C_+0,N_+0,N_+1"
675,4IHO_B.pdb,H2-Db,EGPRNQDWL,9,"2,9","1,2,3,5,9","C_+0,N_+1","C_+0,N_+0,N_+1,N_+2,N_+4"
676,6V2O_A.pdb,HLA-B*57:01,ASLNLPAVSW,10,"2,10","1,2,10","C_+0,N_+1","C_+0,N_+0,N_+1"
677,5GRD_B.pdb,HLA-A*11:01,SSCSSCPLSK,10,"2,10","6,1,2,10","C_+0,N_+1","C_+0,C_-4,N_+0,N_+1"
678,3LN5_B.pdb,HLA-B*41:04,HEEAVSVDRVL,11,"2,11","1,2,11","C_+0,N_+1","C_+0,N_+0,N_+1"
679,6AMU.pdb,HLA-A*02:01,MMWDRGLGMM,10,"2,10","9,2,10","C_+0,N_+1","C_+0,C_-1,N_+1"
680,5NQ2_B.pdb,SLA-2*11:04,IAYERMCNI,9,"2,9","6,1,2,9","C_+0,N_+1","C_+0,C_-3,N_+0,N_+1"
681,4G9F_B.pdb,HLA-B*27:05,KRWIIMGLNK,10,"2,10","1,2,10","C_+0,N_+1","C_+0,N_+0,N_+1"
682,1S7W_B.pdb,H2-Db,KALYNFATM,9,"2,9","1,2,3,5,9","C_+0,N_+1","C_+0,N_+0,N_+1,N_+2,N_+4"
683,6PYW_A.pdb,HLA-B*27:05,LRNQSVFNF,9,"2,9","1,2,9","C_+0,N_+1","C_+0,N_+0,N_+1"
684,4G8G_B.pdb,HLA-B*27:05,KRWIILGLNK,10,"2,10","1,2,10","C_+0,N_+1","C_+0,N_+0,N_+1"
685,5DDH_A.pdb,HLA-A*02:01,FVLELEPEWTVK,12,"2,11","2,11","C_-1,N_+1","C_-1,N_+1"
686,2GIT_B.pdb,HLA-A*02:01,LLFGKPVYV,9,"2,9","9,2","C_+0,N_+1","C_+0,N_+1"
687,5C0J_A.pdb,HLA-A*02:01,RQFGPDWIVA,10,"2,10","2,10","C_+0,N_+1","C_+0,N_+1"
688,6D78_A.pdb,HLA-A*02:01,AAGIGILTV,9,"1,9","9,1","C_+0,N_+0","C_+0,N_+0"
689,6O4Y_A.pdb,HLA-A*02:01,KLVVGAVGV,9,"2,9","9,2","C_+0,N_+1","C_+0,N_+1"
690,1WBZ.pdb,H2-Kb,SSYRRPVGI,9,"2,9","9,1,2","C_+0,N_+1","C_+0,N_+0,N_+1"
691,5HYJ.pdb,HLA-A*02:01,AQWGPDPAAA,10,"2,10","1,2,10","C_+0,N_+1","C_+0,N_+0,N_+1"
692,1VAC.pdb,H2-Kb,SIINFEKL,8,"2,8","1,2,5,8","C_+0,N_+1","C_+0,C_-3,N_+0,N_+1"
693,4Z76_A.pdb,H2-Kd,LYLVCGERV,9,"2,9","1,2,3,5,9","C_+0,N_+1","C_+0,N_+0,N_+1,N_+2,N_+4"
694,5C0E_B.pdb,HLA-A*02:01,YQFGPDFPIA,10,"2,10","2,10","C_+0,N_+1","C_+0,N_+1"
695,5HHO.pdb,HLA-A*02:01,GILEFVFTL,9,"2,9","1,2,9","C_+0,N_+1","C_+0,N_+0,N_+1"
696,6GH1.pdb,HLA-E*01:03,RLPAKAPLL,9,"2,9","2,7,9","C_+0,N_+1","C_+0,C_-2,N_+1"
697,1S7W_A.pdb,H2-Db,KALYNFATM,9,"2,9","1,2,3,5,9","C_+0,N_+1","C_+0,N_+0,N_+1,N_+2,N_+4"
698,5IB1_A.pdb,HLA-B*27:05,RRKWRRWHL,9,"2,9","9,2","C_+0,N_+1","C_+0,N_+1"
699,1KPU_B.pdb,H2-Kb,RGYVYQGL,8,"2,8","8,2","C_+0,N_+1","C_+0,N_+1"
700,4JFQ_A.pdb,HLA-A*02:01,ELAGIGIATV,10,"2,10","2,7,10","C_+0,N_+1","C_+0,C_-3,N_+1"
701,1E28.pdb,HLA-B*51:01,TAFTIPSI,8,"2,8","1,8,2","C_+0,N_+1","C_+0,N_+0,N_+1"
702,3HAE.pdb,HLA-A*02:01,SLLMWITQV,9,"2,9","1,2,9","C_+0,N_+1","C_+0,N_+0,N_+1"
703,6KWL.pdb,SLA-1*04:01:01,MTAHITVPY,9,"2,9","9,2","C_+0,N_+1","C_+0,N_+1"
704,1G7P.pdb,H2-Kb,SRDHSRTPM,9,"2,9","6,1,2,9","C_+0,N_+1","C_+0,C_-3,N_+0,N_+1"
705,3DMM.pdb,H2-Dd,RGPGRAFVTI,10,"2,10","1,2,3,5,10","C_+0,N_+1","C_+0,N_+0,N_+1,N_+2,N_+4"
706,1HHI.pdb,HLA-A*02:01,GILGFVFTL,9,"2,9","1,2,9","C_+0,N_+1","C_+0,N_+0,N_+1"
707,5EU3_A.pdb,HLA-A*02:01,YLEPGPVTA,9,"2,9","9,2","C_+0,N_+1","C_+0,N_+1"
708,2NX5.pdb,HLA-B*35:01,EPLPQGQLTAY,11,"2,11","1,2,11","C_+0,N_+1","C_+0,N_+0,N_+1"
709,4O2F.pdb,HLA-B*39:01,HVAVENAL,8,"1,8","1,8","C_+0,N_+0","C_+0,N_+0"
710,3CCH_A.pdb,H2-Db,EGSRNQDWL,9,"2,9","5,2,9","C_+0,N_+1","C_+0,N_+1,N_+4"
711,5TJE.pdb,H2-Db,KAVYNFATM,9,"2,9","1,2,3,5,9","C_+0,N_+1","C_+0,N_+0,N_+1,N_+2,N_+4"
712,1S7Q.pdb,H2-Kb,AVYNFATM,8,"2,8","1,2,3,5,8","C_+0,N_+1","C_+0,C_-3,N_+0,N_+1,N_+2"
713,6P64.pdb,HLA-A*02:06,KQWLVWLFL,9,"2,9","9,2","C_+0,N_+1","C_+0,N_+1"
714,3RL2_A.pdb,HLA-A*03:01,QVPLRPMTYK,10,"2,10","2,7,10","C_+0,N_+1","C_+0,C_-3,N_+1"
715,5NQ2_A.pdb,SLA-2*11:04,IAYERMCNI,9,"2,9","6,2,9","C_+0,N_+1","C_+0,C_-3,N_+1"
716,4E5X.pdb,HLA-A*02:01,LLFGYPVYV,9,"2,9","9,2","C_+0,N_+1","C_+0,N_+1"
717,5E8N.pdb,H2-Db,MCLRMTAVM,9,"2,9","1,2,3,5,9","C_+0,N_+1","C_+0,N_+0,N_+1,N_+2,N_+4"
718,6PYW_B.pdb,HLA-B*27:05,LRNQSVFNF,9,"2,9","1,2,9","C_+0,N_+1","C_+0,N_+0,N_+1"
719,3V5D_A.pdb,HLA-A*02:01,KVAELVHFL,9,"2,9","9,2","C_+0,N_+1","C_+0,N_+1"
720,6MT3_A.pdb,HLA-B*18:01,FEDLRVLSF,9,"2,9","1,2,9","C_+0,N_+1","C_+0,N_+0,N_+1"
721,5C0F_B.pdb,HLA-A*02:01,RQWGPDPAAV,10,"2,10","2,10","C_+0,N_+1","C_+0,N_+1"
722,5NMF.pdb,HLA-A*02:01,SLYNTIATL,9,"2,9","6,1,2,9","C_+0,N_+1","C_+0,C_-3,N_+0,N_+1"
723,1QQD.pdb,HLA-C*04:01,QYDDAVYKL,9,"2,9","1,2,7,9","C_+0,N_+1","C_+0,C_-2,N_+0,N_+1"
724,3KPL_A.pdb,HLA-B*44:02,EEYLQAFTY,9,"2,9","1,2,9","C_+0,N_+1","C_+0,N_+0,N_+1"
725,6ID4_B.pdb,HLA-A*11:01,AIFQSSMTK,9,"2,9","1,2,9","C_+0,N_+1","C_+0,N_+0,N_+1"
726,5C0I_A.pdb,HLA-A*02:01,RQFGPDFPTI,10,"2,10","2,10","C_+0,N_+1","C_+0,N_+1"
727,5GSR.pdb,H2-Kd,YYSIAPHSI,9,"2,9","1,2,9","C_+0,N_+1","C_+0,N_+0,N_+1"
729,1S7S.pdb,H2-Kb,ALYNFATM,8,"2,8","1,2,3,5,8","C_+0,N_+1","C_+0,C_-3,N_+0,N_+1,N_+2"
730,1HOC.pdb,H2-Db,ASNENMETM,9,"2,9","1,2,5,9","C_+0,N_+1","C_+0,N_+0,N_+1,N_+4"
731,4MJI.pdb,HLA-B*51:01,TAFTIPSI,8,"2,8","8,1,2","C_+0,N_+1","C_+0,N_+0,N_+1"
732,5IM7_B.pdb,HLA-B*58:11,QASQEVKNW,9,"2,9","9,2","C_+0,N_+1","C_+0,N_+1"
733,3QDG_B.pdb,HLA-A*02:01,ELAGIGILTV,10,"2,10","2,10","C_+0,N_+1","C_+0,N_+1"
734,3WS6.pdb,H2-Db,YAIENYLEL,9,"2,9","2,3,5,9","C_+0,N_+1","C_+0,N_+1,N_+2,N_+4"
735,1T22.pdb,HLA-A*02:01,SLYNTVATL,9,"2,9","1,2,9","C_+0,N_+1","C_+0,N_+0,N_+1"
736,3SKO_A.pdb,HLA-B*08:01,FLRGRAYGL,9,"2,9","1,2,9","C_+0,N_+1","C_+0,N_+0,N_+1"
737,1OGT_A.pdb,HLA-B*27:05,RRKWRRWHL,9,"2,9","9,2","C_+0,N_+1","C_+0,N_+1"
738,4D0D.pdb,Gaga-BF2*002:01:01,VIFPAKSL,8,"2,8","8,2","C_+0,N_+1","C_+0,N_+1"
739,1FZM_B.pdb,H2-Kb,RGYVYQGL,8,"2,8","1,8,2","C_+0,N_+1","C_+0,N_+0,N_+1"
740,1LEG.pdb,H2-Kb,EQYKFYSV,8,"2,8","1,2,8","C_+0,N_+1","C_+0,N_+0,N_+1"
741,6O51_A.pdb,HLA-A*02:01,YLVVVGAVGV,10,"2,10","2,10","C_+0,N_+1","C_+0,N_+1"
742,4U6Y_A.pdb,HLA-A*02:01,FLNKDLEVDGHFVTM,15,"2,15","6,2,15","C_+0,N_+1","C_+0,N_+1,N_+5"
743,3P9L_B.pdb,H2-Kb,SIINFEKL,8,"2,8","1,2,5,8","C_+0,N_+1","C_+0,C_-3,N_+0,N_+1"
744,3SJV.pdb,HLA-B*08:01,FLRGRAYGL,9,"2,9","9,2","C_+0,N_+1","C_+0,N_+1"
745,3L3G_B.pdb,HLA-B*44:02,EEFGAAFSF,9,"2,9","1,2,9","C_+0,N_+1","C_+0,N_+0,N_+1"
746,2AXG.pdb,HLA-B*35:01,APQPAPENAY,10,"2,10","1,2,10","C_+0,N_+1","C_+0,N_+0,N_+1"
747,2P5E_B.pdb,HLA-A*02:01,SLLMWITQC,9,"2,9","1,2,9","C_+0,N_+1","C_+0,N_+0,N_+1"
748,5C0G_B.pdb,HLA-A*02:01,YLGGPDFPTI,10,"2,10","2,10","C_+0,N_+1","C_+0,N_+1"
749,1ZVS.pdb,Mafa-A1*001:01:01,TTPESANL,8,"2,8","1,2,3,8","C_+0,N_+1","C_+0,N_+0,N_+1,N_+2"
750,6R2L_A.pdb,HLA-A*02:01,SLSKILDTV,9,"2,9","1,2,9","C_+0,N_+1","C_+0,N_+0,N_+1"
751,5NMH_B.pdb,HLA-A*02:01,SLYNTIATL,9,"2,9","1,2,9","C_+0,N_+1","C_+0,N_+0,N_+1"
752,2RFX_A.pdb,HLA-B*57:01,LSSPVTKSF,9,"2,9","7,2,9","C_+0,N_+1","C_+0,C_-2,N_+1"
753,4JFE.pdb,HLA-A*02:01,ELAGIGALTV,10,"2,10","2,10","C_+0,N_+1","C_+0,N_+1"
754,1MWA.pdb,H2-Kb,EQYKFYSV,8,"2,8","1,2,8","C_+0,N_+1","C_+0,N_+0,N_+1"
755,3MRJ_A.pdb,HLA-A*02:01,CINGMCWTV,9,"2,9","1,2,9","C_+0,N_+1","C_+0,N_+0,N_+1"
756,2VLL.pdb,HLA-A*02:01,GILGFVFTL,9,"2,9","1,2,9","C_+0,N_+1","C_+0,N_+0,N_+1"
757,3FQR_A.pdb,HLA-A*02:01,YLDSGIHSGA,10,"2,10","2,10","C_+0,N_+1","C_+0,N_+1"
758,2ESV.pdb,HLA-E*01:01,VMAPRTLIL,9,"2,9","6,1,2,7,9","C_+0,N_+1","C_+0,C_-2,C_-3,N_+0,N_+1"
759,5NQ1_A.pdb,SLA-1*14:02,DFEREGYSL,9,"2,9","1,2,5,9","C_+0,N_+1","C_+0,N_+0,N_+1,N_+4"
760,4G8I_A.pdb,HLA-B*27:05,KRWIIMGLNK,10,"2,10","1,2,10","C_+0,N_+1","C_+0,N_+0,N_+1"
761,3GSU_A.pdb,HLA-A*02:01,NLVPTVATV,9,"2,9","1,2,9","C_+0,N_+1","C_+0,N_+0,N_+1"
762,1E27.pdb,HLA-B*51:01,LPPVVAKEI,9,"2,9","2,3,9","C_+0,N_+1","C_+0,N_+1,N_+2"
763,5IEH_A.pdb,HLA-B*40:02,REFSKEPEL,9,"2,9","9,2","C_+0,N_+1","C_+0,N_+1"
764,3ROO_B.pdb,H2-Kb,AVYNFATM,8,"2,8","1,2,3,5,8","C_+0,N_+1","C_+0,C_-3,N_+0,N_+1,N_+2"
765,4PGE_A.pdb,H2-Kb,FAPGNYPAW,9,"2,9","9,1,2","C_+0,N_+1","C_+0,N_+0,N_+1"
767,3WLB.pdb,HLA-A*24:02,NYTPGPGTRF,10,"2,10","1,2,10","C_+0,N_+1","C_+0,N_+0,N_+1"
768,1QRN.pdb,HLA-A*02:01,LLFGYAVYV,9,"2,9","9,2","C_+0,N_+1","C_+0,N_+1"
769,5V5L_A.pdb,HLA-B*58:01,TSTLQEQIGW,10,"2,10","2,10,3","C_+0,N_+1","C_+0,N_+1,N_+2"
770,5WEU_B.pdb,H2-Dd,RGPGCAFVTI,10,"2,10","1,2,3,5,10","C_+0,N_+1","C_+0,N_+0,N_+1,N_+2,N_+4"
771,5NQK.pdb,HLA-A*02:01,ELAGIGILTV,10,"2,10","2,10","C_+0,N_+1","C_+0,N_+1"
772,3VFT_B.pdb,HLA-B*35:08,LPEPLAQGQLTAY,13,"2,13","1,2,13","C_+0,N_+1","C_+0,N_+0,N_+1"
773,6UON.pdb,HLA-C*08:02,GADGVGKSAL,10,"2,10","1,2,3,10","C_+0,N_+1","C_+0,N_+0,N_+1,N_+2"
774,1YN7.pdb,H2-Db,SSLENFAAYV,10,"2,10","1,2,3,5,10","C_+0,N_+1","C_+0,N_+0,N_+1,N_+2,N_+4"
775,4HX1_A.pdb,HLA-A*68:02,SVYDFFVWL,9,"2,9","1,2,9","C_+0,N_+1","C_+0,N_+0,N_+1"
776,4U1K_B.pdb,HLA-B*07:02,RPQVPLRPM,9,"2,9","9,2","C_+0,N_+1","C_+0,N_+1"
777,5EU5_A.pdb,HLA-A*02:01,YLEPAPVTA,9,"2,9","9,2","C_+0,N_+1","C_+0,N_+1"
778,3VFU_B.pdb,HLA-B*35:08,LPEPLPAGQLTAY,13,"2,13","1,2,13","C_+0,N_+1","C_+0,N_+0,N_+1"
779,3DXA.pdb,HLA-B*44:05,EENLLDFVRF,10,"2,10","1,2,10","C_+0,N_+1","C_+0,N_+0,N_+1"
780,6LHH.pdb,Gaga-BF2*015:01:01,RRREQTDY,8,"2,8","8,2","C_+0,N_+1","C_+0,N_+1"
781,4G8G_A.pdb,HLA-B*27:05,KRWIILGLNK,10,"2,10","1,2,10","C_+0,N_+1","C_+0,N_+0,N_+1"
782,5IEH_B.pdb,HLA-B*40:02,REFSKEPEL,9,"2,9","9,2","C_+0,N_+1","C_+0,N_+1"
783,6VRN.pdb,HLA-A*02:01,HMTEVVRHC,9,"2,9","9,2","C_+0,N_+1","C_+0,N_+1"
784,5NQ3_A.pdb,SLA-1*14:02,EFEDLTFLA,9,"2,9","6,1,2,9","C_+0,N_+1","C_+0,C_-3,N_+0,N_+1"
785,4L3E.pdb,HLA-A*02:01,ELAGIGILTV,10,"2,10","2,10","C_+0,N_+1","C_+0,N_+1"
786,6GGM.pdb,HLA-E*01:03,RFPAKAPLL,9,"2,9","1,2,7,9","C_+0,N_+1","C_+0,C_-2,N_+0,N_+1"
787,1T20.pdb,HLA-A*02:01,SLYNTIATL,9,"2,9","1,2,9","C_+0,N_+1","C_+0,N_+0,N_+1"
788,5W69_A.pdb,HLA-C*06:02,ARFNDLRFV,9,"2,9","1,2,7,9","C_+0,N_+1","C_+0,C_-2,N_+0,N_+1"
789,3TBY.pdb,H2-Db,KAPFNFATM,9,"2,9","1,2,3,5,9","C_+0,N_+1","C_+0,N_+0,N_+1,N_+2,N_+4"
790,6P27.pdb,HLA-B*08:01,AAAKKKYCL,9,"2,9","6,2,9","C_+0,N_+1","C_+0,C_-3,N_+1"
791,5DEG_A.pdb,HLA-B*27:06,RRKWRRWHL,9,"2,9","9,2","C_+0,N_+1","C_+0,N_+1"
792,6AMT.pdb,HLA-A*02:01,MMWDRGLGMM,10,"2,10","2,7,10","C_+0,N_+1","C_+0,C_-3,N_+1"
793,6V2O_B.pdb,HLA-B*57:01,ASLNLPAVSW,10,"2,10","1,2,10","C_+0,N_+1","C_+0,N_+0,N_+1"
794,5INC.pdb,HLA-B*58:11,QATQEVANW,9,"2,9","9,2","C_+0,N_+1","C_+0,N_+1"
795,3FQX_A.pdb,HLA-A*02:01,RVASPTSGV,9,"2,9","9,2","C_+0,N_+1","C_+0,N_+1"
796,5C0A.pdb,HLA-A*02:01,MVWGPDPLYV,10,"2,10","2,10","C_+0,N_+1","C_+0,N_+1"
797,5V5M_B.pdb,HLA-B*57:01,TSTLQEQIGW,10,"2,10","2,3,10","C_+0,N_+1","C_+0,N_+1,N_+2"
798,6PYV_B.pdb,HLA-B*27:03,LRNQSVFNF,9,"2,9","1,2,9","C_+0,N_+1","C_+0,N_+0,N_+1"
799,3MRE_B.pdb,HLA-A*02:01,GLCTLVAML,9,"2,9","1,2,9","C_+0,N_+1","C_+0,N_+0,N_+1"
800,3H9H_A.pdb,HLA-A*02:01,MLWGYLQYV,9,"2,9","9,2","C_+0,N_+1","C_+0,N_+1"
801,6JOZ_A.pdb,HLA-A*11:01,ATIGTAMYK,9,"2,9","1,2,9","C_+0,N_+1","C_+0,N_+0,N_+1"
802,3P9M_B.pdb,H2-Kb,SIIGFEKL,8,"2,8","1,2,5,8","C_+0,N_+1","C_+0,C_-3,N_+0,N_+1"
803,4PR5_A.pdb,HLA-B*35:01,HPVGDADYFEY,11,"2,11","2,9,11","C_+0,N_+1","C_+0,C_-2,N_+1"
804,4L8B_B.pdb,H2-Db,ASNEHMETM,9,"2,9","1,2,5,9","C_+0,N_+1","C_+0,N_+0,N_+1,N_+4"
805,6PYL_A.pdb,HLA-B*27:03,KRWIILGLNK,10,"2,10","2,10","C_+0,N_+1","C_+0,N_+1"
806,3CZF_A.pdb,HLA-B*27:09,RRRWHRWRL,9,"2,9","9,2","C_+0,N_+1","C_+0,N_+1"
807,3D25_A.pdb,HLA-A*02:01,VLHDDLLEA,9,"2,9","6,1,2,9","C_+0,N_+1","C_+0,C_-3,N_+0,N_+1"
808,6G3K_B.pdb,HLA-A*02:01,ITSGIGVLPV,10,"2,10","1,2,10","C_+0,N_+1","C_+0,N_+0,N_+1"
809,4PRP_B.pdb,HLA-B*35:01,HPVGQADYFEY,11,"2,11","1,2,11","C_+0,N_+1","C_+0,N_+0,N_+1"
810,5HHM.pdb,HLA-A*02:01,GILGLVFTL,9,"2,9","1,2,9","C_+0,N_+1","C_+0,N_+0,N_+1"
811,5JHD_A.pdb,HLA-A*02:01,GILGFVFTL,9,"2,9","1,2,9","C_+0,N_+1","C_+0,N_+0,N_+1"
812,5XMF.pdb,BoLA-2*012:01,RMANVSTGR,9,"2,9","1,2,9","C_+0,N_+1","C_+0,N_+0,N_+1"
813,6H6H.pdb,H2-Db,SGPSNTPPEI,10,"2,10","1,2,3,5,10","C_+0,N_+1","C_+0,N_+0,N_+1,N_+2,N_+4"
814,6J2A_B.pdb,HLA-A*30:03,CTELKLSDY,9,"2,9","6,1,2,9","C_+0,N_+1","C_+0,C_-3,N_+0,N_+1"
815,3UTT_A.pdb,HLA-A*02:01,ALWGPDPAAA,10,"2,10","1,2,10","C_+0,N_+1","C_+0,N_+0,N_+1"
816,4PRI_A.pdb,HLA-B*35:08,HPVGEADYFEY,11,"2,11","1,2,11","C_+0,N_+1","C_+0,N_+0,N_+1"
817,1INQ.pdb,H2-Db,SSVVGVWYL,9,"2,9","1,2,3,9","C_+0,N_+1","C_+0,N_+0,N_+1,N_+2"
818,4F7T_A.pdb,HLA-A*24:02,RYGFVANF,8,"2,8","2,5,8","C_+0,N_+1","C_+0,C_-3,N_+1"
819,5V5L_B.pdb,HLA-B*58:01,TSTLQEQIGW,10,"2,10","2,10,3","C_+0,N_+1","C_+0,N_+1,N_+2"
820,6IEX.pdb,HLA-B*40:01,GETALALLLL,10,"2,10","1,2,10","C_+0,N_+1","C_+0,N_+0,N_+1"
821,3FFC_A.pdb,HLA-B*08:01,FLRGRAYGL,9,"2,9","9,2","C_+0,N_+1","C_+0,N_+1"
822,3VFW_B.pdb,HLA-B*35:08,LPEPLPQGQATAY,13,"2,13","1,2,13","C_+0,N_+1","C_+0,N_+0,N_+1"
823,5YXN.pdb,HLA-A*02:01,KLVALGINAV,10,"2,10","2,7,10","C_+0,N_+1","C_+0,C_-3,N_+1"
824,3KPQ_A.pdb,HLA-B*44:05,EEYLKAWTF,9,"2,9","1,2,9","C_+0,N_+1","C_+0,N_+0,N_+1"
825,4L8D_A.pdb,H2-Db,ASNEDMETM,9,"2,9","1,2,5,9","C_+0,N_+1","C_+0,N_+0,N_+1,N_+4"
826,4NQX_A.pdb,HLA-A*01:01,CTELKLNDY,9,"2,9","6,1,2,9","C_+0,N_+1","C_+0,C_-3,N_+0,N_+1"
827,4LNR.pdb,HLA-B*35:01,RPQVPLRPMTY,11,"2,11","1,2,11","C_+0,N_+1","C_+0,N_+0,N_+1"
828,3KPL_B.pdb,HLA-B*44:02,EEYLQAFTY,9,"2,9","1,2,9","C_+0,N_+1","C_+0,N_+0,N_+1"
829,3OXR.pdb,HLA-A*02:06,FLPSDFFPSV,10,"2,10","2,7,10","C_+0,N_+1","C_+0,C_-3,N_+1"
830,5HHP_B.pdb,HLA-A*02:01,GILEFVFTL,9,"2,9","1,2,9","C_+0,N_+1","C_+0,N_+0,N_+1"
831,5V5M_A.pdb,HLA-B*57:01,TSTLQEQIGW,10,"2,10","2,3,10","C_+0,N_+1","C_+0,N_+1,N_+2"
832,5WMR_B.pdb,HLA-B*08:01,QIKVRVDMV,9,"2,9","1,2,5,9","C_+0,N_+1","C_+0,N_+0,N_+1,N_+4"
833,3BP4_A.pdb,HLA-B*27:05,IRAAPPPLF,9,"2,9","1,2,9","C_+0,N_+1","C_+0,N_+0,N_+1"
834,4ZUV.pdb,Eqca-N*006:01,RVEDVTNTAEYW,12,"2,12","2,12","C_+0,N_+1","C_+0,N_+1"
835,2CKB_A.pdb,H2-Kb,EQYKFYSV,8,"2,8","2,5,8","C_+0,N_+1","C_+0,C_-3,N_+1"
836,4G9D_A.pdb,HLA-B*27:05,KRWIILGLNK,10,"2,10","1,2,10","C_+0,N_+1","C_+0,N_+0,N_+1"
837,3RWG_A.pdb,Mamu-B*017:01:01:01,MHPAQTSQW,9,"2,9","1,2,3,9","C_+0,N_+1","C_+0,N_+0,N_+1,N_+2"
838,3BP7_A.pdb,HLA-B*27:09,IRAAPPPLF,9,"2,9","1,2,9","C_+0,N_+1","C_+0,N_+0,N_+1"
839,5TXS_B.pdb,HLA-B*15:01,AQDIYRASY,9,"2,9","1,2,9","C_+0,N_+1","C_+0,N_+0,N_+1"
840,4LCY.pdb,HLA-B*46:01,FTMRLLSPV,9,"2,9","1,2,9","C_+0,N_+1","C_+0,N_+0,N_+1"
841,1LP9.pdb,HLA-A*02:01,ALWGFFPVL,9,"2,9","1,2,9","C_+0,N_+1","C_+0,N_+0,N_+1"
842,1T0N.pdb,H2-Kb,SSIEFARL,8,"2,8","1,2,5,8","C_+0,N_+1","C_+0,C_-3,N_+0,N_+1"
843,3SKM_A.pdb,HLA-B*08:01,FLRGRAYVL,9,"2,9","1,2,9","C_+0,N_+1","C_+0,N_+0,N_+1"
844,1S9W.pdb,HLA-A*02:01,SLLMWITQC,9,"2,9","6,1,2,3,9","C_+0,N_+1","C_+0,C_-3,N_+0,N_+1,N_+2"
845,1HHJ.pdb,HLA-A*02:01,ILKEPVHGV,9,"2,9","9,2","C_+0,N_+1","C_+0,N_+1"
846,6J1W.pdb,HLA-A*30:01,AIFQSSMTK,9,"2,9","1,2,9","C_+0,N_+1","C_+0,N_+0,N_+1"
847,1AGD.pdb,HLA-B*08:01,GGKKKYKL,8,"2,8","1,2,5,8","C_+0,N_+1","C_+0,C_-3,N_+0,N_+1"
848,5JWE_B.pdb,H2-Db,CSANNSHHYI,10,"2,10","1,2,5,10","C_+0,N_+1","C_+0,N_+0,N_+1,N_+4"
849,3L3D_B.pdb,HLA-B*44:02,EEAGRAFSF,9,"2,9","1,2,9","C_+0,N_+1","C_+0,N_+0,N_+1"
850,6Y29_B.pdb,HLA-B*27:09,GRLNEPIKV,9,"2,9","1,2,9","C_+0,N_+1","C_+0,N_+0,N_+1"
851,5XS3.pdb,HLA-C*06:02,VRSRRCLRL,9,"2,9","2,7,9","C_+0,N_+1","C_+0,C_-2,N_+1"
852,1FZJ_A.pdb,H2-Kb,RGYVYQGL,8,"2,8","1,8,2","C_+0,N_+1","C_+0,N_+0,N_+1"
853,3D3V_A.pdb,HLA-A*02:01,LLFGFPVYV,9,"2,9","9,2","C_+0,N_+1","C_+0,N_+1"
854,1OGA.pdb,HLA-A*02:01,GILGFVFTL,9,"2,9","1,2,9","C_+0,N_+1","C_+0,N_+0,N_+1"
855,1A1N.pdb,HLA-B*35:01,VPLRPMTY,8,"2,8","8,2","C_+0,N_+1","C_+0,N_+1"
856,3VFR_A.pdb,HLA-B*35:08,LPEALPQGQLTAY,13,"2,13","1,2,13","C_+0,N_+1","C_+0,N_+0,N_+1"
857,3CH1_A.pdb,H2-Db,EGPRNQDWL,9,"2,9","1,2,3,5,9","C_+0,N_+1","C_+0,N_+0,N_+1,N_+2,N_+4"
858,5H5Z_B.pdb,Onmy-UBA*18:01,FANFCLMMI,9,"2,9","9,2","C_+0,N_+1","C_+0,N_+1"
859,4U1L_B.pdb,HLA-B*81:01,RPQVPLRPM,9,"2,9","9,2","C_+0,N_+1","C_+0,N_+1"
860,1M6O.pdb,HLA-B*44:02,EEFGRAFSF,9,"2,9","1,2,9","C_+0,N_+1","C_+0,N_+0,N_+1"
861,3MRM_A.pdb,HLA-A*02:01,KLVALGINAV,10,"2,10","2,7,10","C_+0,N_+1","C_+0,C_-3,N_+1"
862,6Q3S.pdb,HLA-A*02:01,SLLMWITQV,9,"2,9","6,1,2,9","C_+0,N_+1","C_+0,C_-3,N_+0,N_+1"
863,3GSN.pdb,HLA-A*02:01,NLVPMVATV,9,"2,9","9,2","C_+0,N_+1","C_+0,N_+1"
864,4EUP.pdb,HLA-A*02:01,ALGIGILTV,9,"2,9","6,1,2,9","C_+0,N_+1","C_+0,C_-3,N_+0,N_+1"
865,5IB5_A.pdb,HLA-B*27:09,RRKWRRWHL,9,"2,9","9,2","C_+0,N_+1","C_+0,N_+1"
866,3FQT_A.pdb,HLA-A*02:01,GLLGSPVRA,9,"2,9","1,2,9","C_+0,N_+1","C_+0,N_+0,N_+1"
867,5H5Z_A.pdb,Onmy-UBA*18:01,FANFCLMMI,9,"2,9","9,2","C_+0,N_+1","C_+0,N_+1"
868,1S7U.pdb,H2-Db,KAVYNFATM,9,"2,9","1,2,3,5,9","C_+0,N_+1","C_+0,N_+0,N_+1,N_+2,N_+4"
869,5CNZ_B.pdb,Onmy-UBA*18:01,FANFCLMMI,9,"2,9","9,2","C_+0,N_+1","C_+0,N_+1"
870,5VUD_A.pdb,HLA-B*57:01,LSSPVTKSW,9,"2,9","9,2","C_+0,N_+1","C_+0,N_+1"
871,5WLG_A.pdb,H2-Db,SQLLNAKYL,9,"2,9","1,2,3,5,9","C_+0,N_+1","C_+0,N_+0,N_+1,N_+2,N_+4"
872,1MHE.pdb,HLA-E*01:01,VMAPRTVLL,9,"2,9","6,1,2,7,9","C_+0,N_+1","C_+0,C_-2,C_-3,N_+0,N_+1"
873,6PA1.pdb,HLA-C*07:02,RYRPGTVAL,9,"2,9","9,2,3","C_+0,N_+1","C_+0,N_+1,N_+2"
874,5EU6_A.pdb,HLA-A*02:01,YLEPGPVTV,9,"2,9","9,2","C_+0,N_+1","C_+0,N_+1"
875,3VFS_B.pdb,HLA-B*35:08,LPEPAPQGQLTAY,13,"2,13","1,2,13","C_+0,N_+1","C_+0,N_+0,N_+1"
876,5VUF_A.pdb,HLA-B*57:01,LTVQVARVY,9,"2,9","9,2","C_+0,N_+1","C_+0,N_+1"
877,4G9F_A.pdb,HLA-B*27:05,KRWIIMGLNK,10,"2,10","1,2,10","C_+0,N_+1","C_+0,N_+0,N_+1"
878,5WMQ_A.pdb,HLA-B*08:01,ELRSRYWAI,9,"2,9","1,2,9","C_+0,N_+1","C_+0,N_+0,N_+1"
879,2JCC.pdb,HLA-A*02:01,ALWGFFPVL,9,"2,9","9,2","C_+0,N_+1","C_+0,N_+1"
880,5FA3_B.pdb,HLA-A*02:01,GLLPELPAV,9,"2,9","6,1,2,9","C_+0,N_+1","C_+0,C_-3,N_+0,N_+1"
881,4HKJ.pdb,H2-Kb,SIINFEKL,8,"2,8","1,2,5,8","C_+0,N_+1","C_+0,C_-3,N_+0,N_+1"
882,1VAD.pdb,H2-Kb,SRDHSRTPM,9,"2,9","6,1,2,9","C_+0,N_+1","C_+0,C_-3,N_+0,N_+1"
883,2VAB.pdb,H2-Kb,FAPGNYPAL,9,"2,9","9,2","C_+0,N_+1","C_+0,N_+1"
884,1TVB_B.pdb,HLA-A*02:01,ITDQVPFSV,9,"2,9","9,2","C_+0,N_+1","C_+0,N_+1"
885,6UJO.pdb,HLA-A*02:06,KQWLVWLFL,9,"2,9","9,2","C_+0,N_+1","C_+0,N_+1"
886,3BW9_A.pdb,HLA-B*35:08,CPSQEPMSIYVY,12,"2,12","1,2,12","C_+0,N_+1","C_+0,N_+0,N_+1"
887,6MT5_A.pdb,HLA-B*37:01,FEDLRLLSF,9,"2,9","1,2,5,9","C_+0,N_+1","C_+0,N_+0,N_+1,N_+4"
888,1X7Q_A.pdb,HLA-A*11:01,KTFPPTEPK,9,"2,9","1,2,9","C_+0,N_+1","C_+0,N_+0,N_+1"
889,4U1I_A.pdb,HLA-B*81:01,TPQDLNTML,9,"2,9","1,2,9","C_+0,N_+1","C_+0,N_+0,N_+1"
890,1AGF.pdb,HLA-B*08:01,GGKKRYKL,8,"2,8","1,2,5,8","C_+0,N_+1","C_+0,C_-3,N_+0,N_+1"
891,3MRM_B.pdb,HLA-A*02:01,KLVALGINAV,10,"2,10","2,7,10","C_+0,N_+1","C_+0,C_-3,N_+1"
892,3WUW.pdb,HLA-B*57:01,LSSPVTKSF,9,"2,9","9,2","C_+0,N_+1","C_+0,N_+1"
893,4HUX_A.pdb,H2-Db,ASNENMETM,9,"2,9","1,2,5,9","C_+0,N_+1","C_+0,N_+0,N_+1,N_+4"
894,5HHN_A.pdb,HLA-A*02:01,GILGLVFTL,9,"2,9","1,2,9","C_+0,N_+1","C_+0,N_+0,N_+1"
895,6VMX_B.pdb,HLA-B*07:02,RPPIFIRRL,9,"2,9","9,2","C_+0,N_+1","C_+0,N_+1"
896,3MRL_B.pdb,HLA-A*02:01,CINGVVWTV,9,"2,9","1,2,9","C_+0,N_+1","C_+0,N_+0,N_+1"
897,5CNZ_A.pdb,Onmy-UBA*18:01,FANFCLMMI,9,"2,9","9,2","C_+0,N_+1","C_+0,N_+1"
898,5WMQ_B.pdb,HLA-B*08:01,ELRSRYWAI,9,"2,9","1,2,9","C_+0,N_+1","C_+0,N_+0,N_+1"
899,4Z76_B.pdb,H2-Kd,LYLVCGERV,9,"2,9","1,2,3,5,9","C_+0,N_+1","C_+0,N_+0,N_+1,N_+2,N_+4"
900,5D9S_A.pdb,HLA-A*02:01,FVLELEPEWTV,11,"2,11","2,11","C_+0,N_+1","C_+0,N_+1"
901,6K60.pdb,HLA-C*14:71,RIIPRHLQL,9,"2,9","6,2,3,7,9","C_+0,N_+1","C_+0,C_-2,C_-3,N_+1,N_+2"
902,3KPN_B.pdb,HLA-B*44:03,EEYLQAFTY,9,"2,9","1,2,9","C_+0,N_+1","C_+0,N_+0,N_+1"
903,3BXN_A.pdb,HLA-B*14:02,IRAAPPPLF,9,"2,9","9,2","C_+0,N_+1","C_+0,N_+1"
904,5KD4.pdb,H2-Dd,IGPGRAFYVI,10,"2,10","1,2,3,5,10","C_+0,N_+1","C_+0,N_+0,N_+1,N_+2,N_+4"
905,4FTV.pdb,HLA-A*02:01,LLFGYPVYV,9,"2,9","9,2","C_+0,N_+1","C_+0,N_+1"
906,3QUL_B.pdb,H2-Db,KAVSNFATM,9,"2,9","1,2,3,5,9","C_+0,N_+1","C_+0,N_+0,N_+1,N_+2,N_+4"
907,3MRO.pdb,HLA-A*02:01,ELAGWGILTV,10,"2,10","2,7,10","C_+0,N_+1","C_+0,C_-3,N_+1"
908,3H7B_A.pdb,HLA-A*02:01,MLWGYLQYV,9,"2,9","9,2","C_+0,N_+1","C_+0,N_+1"
909,2P5E_A.pdb,HLA-A*02:01,SLLMWITQC,9,"2,9","1,2,9","C_+0,N_+1","C_+0,N_+0,N_+1"
910,3MV7_A.pdb,HLA-B*35:01,HPVGEADYFEY,11,"2,11","1,2,11","C_+0,N_+1","C_+0,N_+0,N_+1"
911,4QRT_A.pdb,HLA-B*08:01,ELNRKMIYM,9,"2,9","1,2,9","C_+0,N_+1","C_+0,N_+0,N_+1"
912,6JTN_A.pdb,HLA-C*08:02,GADGVGKSAL,10,"2,10","1,2,3,10","C_+0,N_+1","C_+0,N_+0,N_+1,N_+2"
913,2GTW_B.pdb,HLA-A*02:01,LAGIGILTV,9,"1,9","6,1,9","C_+0,N_+0","C_+0,C_-3,N_+0"
914,6PYJ_B.pdb,HLA-B*27:05,LRNQSVFNF,9,"2,9","1,2,9","C_+0,N_+1","C_+0,N_+0,N_+1"
915,6KWN.pdb,SLA-1*13:01,NSDTVGWSW,9,"2,9","1,2,3,5,9","C_+0,N_+1","C_+0,N_+0,N_+1,N_+2,N_+4"
916,4PR5_B.pdb,HLA-B*35:01,HPVGDADYFEY,11,"2,11","2,9,11","C_+0,N_+1","C_+0,C_-2,N_+1"
917,3VCL_B.pdb,HLA-B*07:02,RPHERNGFTVL,11,"2,11","2,11","C_+0,N_+1","C_+0,N_+1"
918,4PRD_B.pdb,HLA-B*35:08,HPVGDADYFEY,11,"2,11","1,2,3,11","C_+0,N_+1","C_+0,N_+0,N_+1,N_+2"
919,4NT6.pdb,HLA-C*08:01,GILGFVFTL,9,"2,9","1,2,9","C_+0,N_+1","C_+0,N_+0,N_+1"
920,3MRF_A.pdb,HLA-A*02:01,GLCPLVAML,9,"2,9","1,2,9","C_+0,N_+1","C_+0,N_+0,N_+1"
921,5M01_A.pdb,H2-Db,KAPANFATM,9,"2,9","1,2,3,5,9","C_+0,N_+1","C_+0,N_+0,N_+1,N_+2,N_+4"
922,4K7F_B.pdb,HLA-A*02:01,VCWGELMNL,9,"2,9","1,2,9","C_+0,N_+1","C_+0,N_+0,N_+1"
923,1OGT_B.pdb,HLA-B*27:05,RRKWRRWHL,9,"2,9","9,2","C_+0,N_+1","C_+0,N_+1"
924,3FQU_A.pdb,HLA-A*02:01,GLLGSPVRA,9,"2,9","1,2,9","C_+0,N_+1","C_+0,N_+0,N_+1"
925,5M02_A.pdb,H2-Db,KAPFNFATM,9,"2,9","2,3,5,9","C_+0,N_+1","C_+0,N_+1,N_+2,N_+4"
926,3KPN_A.pdb,HLA-B*44:03,EEYLQAFTY,9,"2,9","1,2,9","C_+0,N_+1","C_+0,N_+0,N_+1"
927,3RWF_A.pdb,Mamu-B*017:01:01:01,QTSQWDDPW,9,"2,9","1,2,9","C_+0,N_+1","C_+0,N_+0,N_+1"
928,3FT3_A.pdb,HLA-A*02:01,VLHDDLLEA,9,"2,9","6,1,2,9","C_+0,N_+1","C_+0,C_-3,N_+0,N_+1"
929,4U1L_A.pdb,HLA-B*81:01,RPQVPLRPM,9,"2,9","9,2","C_+0,N_+1","C_+0,N_+1"
930,4JQV_A.pdb,HLA-B*18:01,SELEIKRY,8,"2,8","1,2,5,8","C_+0,N_+1","C_+0,C_-3,N_+0,N_+1"
931,1KJM.pdb,Rano-A1*b,AQFSASASR,9,"2,9","1,2,9","C_+0,N_+1","C_+0,N_+0,N_+1"
932,4CVX.pdb,Gaga-BF2*002:01:01,YPYLGPNTL,9,"2,9","9,2","C_+0,N_+1","C_+0,N_+1"
933,3V5H.pdb,HLA-A*02:01,KVAEIVHFL,9,"2,9","9,2","C_+0,N_+1","C_+0,N_+1"
934,5WJN_A.pdb,HLA-A*11:01,GTSGSPIINR,10,"2,10","1,2,10","C_+0,N_+1","C_+0,N_+0,N_+1"
935,3CZF_B.pdb,HLA-B*27:09,RRRWHRWRL,9,"2,9","9,2","C_+0,N_+1","C_+0,N_+1"
936,1KPR.pdb,HLA-E*01:03,VMAPRTVLL,9,"2,9","6,1,2,9","C_+0,N_+1","C_+0,C_-3,N_+0,N_+1"
937,6MT5_B.pdb,HLA-B*37:01,FEDLRLLSF,9,"2,9","2,5,9","C_+0,N_+1","C_+0,N_+1,N_+4"
938,3UTQ.pdb,HLA-A*02:01,ALWGPDPAAA,10,"2,10","1,2,10","C_+0,N_+1","C_+0,N_+0,N_+1"
939,1W0W_B.pdb,HLA-B*27:09,RRLPIFSRL,9,"2,9","9,2","C_+0,N_+1","C_+0,N_+1"
940,1RJY.pdb,H2-Kb,SSIEFARL,8,"2,8","1,2,5,8","C_+0,N_+1","C_+0,C_-3,N_+0,N_+1"
941,3LKN_A.pdb,HLA-B*35:01,LPFERATIM,9,"2,9","1,2,9","C_+0,N_+1","C_+0,N_+0,N_+1"
942,1BZ9.pdb,H2-Db,FAPGVFPYM,9,"2,9","6,1,2,3,9","C_+0,N_+1","C_+0,C_-3,N_+0,N_+1,N_+2"
943,6AEE.pdb,Mamu-B*008:01:01:01,RIIPRHLQL,9,"2,9","6,2,3,7,9","C_+0,N_+1","C_+0,C_-2,C_-3,N_+1,N_+2"
944,3VFW_A.pdb,HLA-B*35:08,LPEPLPQGQATAY,13,"2,13","1,2,13","C_+0,N_+1","C_+0,N_+0,N_+1"
945,3WS3_A.pdb,H2-Db,YQLENYCGL,9,"2,9","2,3,5,9","C_+0,N_+1","C_+0,N_+1,N_+2,N_+4"
946,1W72.pdb,HLA-A*01:01,EADPTGHSY,9,"2,9","9,1,2","C_+0,N_+1","C_+0,N_+0,N_+1"
947,5XOT.pdb,HLA-B*35:01,IPLTEEAEL,9,"2,9","9,2","C_+0,N_+1","C_+0,N_+1"
948,1A1O.pdb,HLA-B*53:01,KPIVQYDNF,9,"2,9","9,2","C_+0,N_+1","C_+0,N_+1"
949,2P5W_A.pdb,HLA-A*02:01,SLLMWITQC,9,"2,9","1,2,9","C_+0,N_+1","C_+0,N_+0,N_+1"
950,3H9H_B.pdb,HLA-A*02:01,MLWGYLQYV,9,"2,9","9,2","C_+0,N_+1","C_+0,N_+1"
951,4D0B.pdb,Gaga-BF2*021:01:01,TAGQEDYDRL,10,"2,10","1,2,8,10","C_+0,N_+1","C_+0,C_-2,N_+0,N_+1"
952,3I6G.pdb,HLA-A*02:01,GLMWLSYFV,9,"2,9","1,2,9","C_+0,N_+1","C_+0,N_+0,N_+1"
953,2NW3_B.pdb,HLA-B*35:08,EPLPQGQLTAY,11,"2,11","1,2,11","C_+0,N_+1","C_+0,N_+0,N_+1"
954,3X14.pdb,HLA-B*08:01,FLRGRAYGL,9,"2,9","1,2,5,9","C_+0,N_+1","C_+0,N_+0,N_+1,N_+4"
955,5MER_A.pdb,HLA-A*02:01,ILAKFLHEL,9,"2,9","1,2,9","C_+0,N_+1","C_+0,N_+0,N_+1"
956,6WZY_A.pdb,H2-Db,SGPDNGAVAV,10,"2,10","1,2,3,5,10","C_+0,N_+1","C_+0,N_+0,N_+1,N_+2,N_+4"
957,5VCL.pdb,H2-Dk,AMAPRTLLL,9,"2,7","6,1,2,7,9","C_-2,N_+1","C_+0,C_-2,C_-3,N_+0,N_+1"
958,5HHP_A.pdb,HLA-A*02:01,GILEFVFTL,9,"2,9","1,2,9","C_+0,N_+1","C_+0,N_+0,N_+1"
959,4U1H_A.pdb,HLA-B*07:02,TPQDLNTML,9,"2,9","1,2,3,9","C_+0,N_+1","C_+0,N_+0,N_+1,N_+2"
960,3FQX_B.pdb,HLA-A*02:01,RVASPTSGV,9,"2,9","9,2","C_+0,N_+1","C_+0,N_+1"
961,1ZHL.pdb,HLA-B*35:08,LPEPLPQGQLTAY,13,"2,13","1,2,13","C_+0,N_+1","C_+0,N_+0,N_+1"
962,6P2S.pdb,HLA-B*08:01,AAAKKKYCL,9,"2,9","6,2,9","C_+0,N_+1","C_+0,C_-3,N_+1"
963,5T6X_B.pdb,HLA-B*57:01,TSTTSVASSW,10,"2,10","2,3,10","C_+0,N_+1","C_+0,N_+1,N_+2"
964,4QRU_A.pdb,HLA-B*08:01,ELRRKMMYM,9,"2,9","1,2,5,9","C_+0,N_+1","C_+0,N_+0,N_+1,N_+4"
965,3PWJ_B.pdb,HLA-A*02:01,LLYGFVNYV,9,"2,9","9,2","C_+0,N_+1","C_+0,N_+1"
966,2UWE_B.pdb,HLA-A*02:01,ALWGFFPVL,9,"2,9","1,2,9","C_+0,N_+1","C_+0,N_+0,N_+1"
967,6ID4_A.pdb,HLA-A*11:01,AIFQSSMTK,9,"2,9","1,2,9","C_+0,N_+1","C_+0,N_+0,N_+1"
968,4G9D_B.pdb,HLA-B*27:05,KRWIILGLNK,10,"2,10","1,2,10","C_+0,N_+1","C_+0,N_+0,N_+1"
969,6JTN_B.pdb,HLA-C*08:02,GADGVGKSAL,10,"2,10","1,2,3,10","C_+0,N_+1","C_+0,N_+0,N_+1,N_+2"
970,1A9B.pdb,HLA-B*35:01,LPPLDITPY,9,"2,9","1,2,9","C_+0,N_+1","C_+0,N_+0,N_+1"
971,1I4F_A.pdb,HLA-A*02:01,GVYDGREHTV,10,"2,10","1,2,10","C_+0,N_+1","C_+0,N_+0,N_+1"
972,5IB4_A.pdb,HLA-B*27:05,RRKWRRWHL,9,"2,9","9,2","C_+0,N_+1","C_+0,N_+1"
973,5NMG.pdb,HLA-A*02:01,SLFNTIAVL,9,"2,9","1,2,9","C_+0,N_+1","C_+0,N_+0,N_+1"
974,5VUD_B.pdb,HLA-B*57:01,LSSPVTKSW,9,"2,9","9,2","C_+0,N_+1","C_+0,N_+1"
975,3SPV_A.pdb,HLA-B*08:01,RAKFKQLL,8,"2,8","2,5,8","C_+0,N_+1","C_+0,C_-3,N_+1"
976,1HHK.pdb,HLA-A*02:01,LLFGYPVYV,9,"2,9","9,2","C_+0,N_+1","C_+0,N_+1"
977,6DKP.pdb,HLA-A*02:01,ELAGIGILTV,10,"2,10","2,10","C_+0,N_+1","C_+0,N_+1"
978,3PAB_A.pdb,H2-Kb,EIINFEKL,8,"2,8","2,5,8","C_+0,N_+1","C_+0,C_-3,N_+1"
979,1M05.pdb,HLA-B*08:01,FLRGRAYGL,9,"2,9","1,2,9","C_+0,N_+1","C_+0,N_+0,N_+1"
980,1S8D.pdb,HLA-A*02:01,SLANTVATL,9,"2,9","1,2,9","C_+0,N_+1","C_+0,N_+0,N_+1"
981,5NMH_A.pdb,HLA-A*02:01,SLYNTIATL,9,"2,9","1,2,9","C_+0,N_+1","C_+0,N_+0,N_+1"
982,2GUO_A.pdb,HLA-A*02:01,AAGIGILTV,9,"2,9","6,1,2,9","C_+0,N_+1","C_+0,C_-3,N_+0,N_+1"
983,3AM8.pdb,HLA-E*01:01,VMGPRTLIL,9,"2,9","6,1,2,7,9","C_+0,N_+1","C_+0,C_-2,C_-3,N_+0,N_+1"
984,3QDJ_A.pdb,HLA-A*02:01,AAGIGILTV,9,"2,9","6,1,2,9","C_+0,N_+1","C_+0,C_-3,N_+0,N_+1"
985,1FZO_A.pdb,H2-Kb,FAPGNYPAL,9,"2,9","9,1,2","C_+0,N_+1","C_+0,N_+0,N_+1"
986,3MRN_A.pdb,HLA-A*02:01,LLFNILGGWV,10,"2,10","2,10","C_+0,N_+1","C_+0,N_+1"
987,2XFX.pdb,BoLA-6*013:01,VGYPKVKEEML,11,"2,11","1,2,5,10,11","C_+0,N_+1","C_+0,C_-1,N_+0,N_+1,N_+4"
988,4HWZ.pdb,HLA-A*68:01,AIFQSSMTK,9,"2,9","1,2,9","C_+0,N_+1","C_+0,N_+0,N_+1"
989,3KPM_A.pdb,HLA-B*44:02,EEYLKAWTF,9,"2,9","1,2,9","C_+0,N_+1","C_+0,N_+0,N_+1"
990,3KPO_B.pdb,HLA-B*44:03,EEYLKAWTF,9,"2,9","1,2,9","C_+0,N_+1","C_+0,N_+0,N_+1"
991,5EU6_B.pdb,HLA-A*02:01,YLEPGPVTV,9,"2,9","9,2","C_+0,N_+1","C_+0,N_+1"
992,2GT9_A.pdb,HLA-A*02:01,EAAGIGILTV,10,"2,10","2,10","C_+0,N_+1","C_+0,N_+1"
993,4MJ6.pdb,HLA-A*11:01,TMVMELIRMIK,11,"1,11","1,11","C_+0,N_+0","C_+0,N_+0"
994,4N8V.pdb,HLA-A*11:01,MLIYSMWGK,9,"2,9","1,2,9","C_+0,N_+1","C_+0,N_+0,N_+1"
995,5XMM.pdb,BoLA-2*012:01,DMANVSTGR,9,"2,9","1,2,9","C_+0,N_+1","C_+0,N_+0,N_+1"
996,5GR7.pdb,H2-Kd,YYSIIPHSI,9,"2,9","1,2,5,9","C_+0,N_+1","C_+0,N_+0,N_+1,N_+4"
997,5F9J.pdb,HLA-A*02:01,YLSPIASPL,9,"2,9","9,2","C_+0,N_+1","C_+0,N_+1"
998,6VR5.pdb,HLA-A*02:01,HMTEVVRHC,9,"2,9","9,2","C_+0,N_+1","C_+0,N_+1"
999,3KPM_B.pdb,HLA-B*44:02,EEYLKAWTF,9,"2,9","1,2,9","C_+0,N_+1","C_+0,N_+0,N_+1"
1000,1ZT1_B.pdb,H2-Kk,FEANGNLI,8,"2,8","8,2","C_+0,N_+1","C_+0,N_+1"
1001,3KPS.pdb,HLA-B*44:05,EEYLQAFTY,9,"2,9","1,2,3,9","C_+0,N_+1","C_+0,N_+0,N_+1,N_+2"
1002,6V3J_A.pdb,HLA-B*57:03,LSSPVTKSF,9,"2,9","9,2","C_+0,N_+1","C_+0,N_+1"
1003,3VFR_B.pdb,HLA-B*35:08,LPEALPQGQLTAY,13,"2,13","1,2,13","C_+0,N_+1","C_+0,N_+0,N_+1"
1004,4WU7.pdb,HLA-A*24:02,RFPLTFGW,8,"2,8","2,3,8","C_+0,N_+1","C_+0,N_+1,N_+2"
1005,1HSA.pdb,HLA-B*27:05,ARAAAAAAA,9,"2,9","9,1,2","C_+0,N_+1","C_+0,N_+0,N_+1"
1006,3GSR_A.pdb,HLA-A*02:01,NLVPVVATV,9,"2,9","1,2,9","C_+0,N_+1","C_+0,N_+0,N_+1"
1007,5N1Y_B.pdb,HLA-A*02:01,MVWGPDPLYV,10,"2,10","2,10","C_+0,N_+1","C_+0,N_+1"
1008,2X4S.pdb,HLA-A*02:01,AMDSNTLEL,9,"2,9","1,2,9","C_+0,N_+1","C_+0,N_+0,N_+1"
1009,4JQX_B.pdb,HLA-B*44:03,EECDSELEIKRY,12,"2,12","1,2,12,10","C_+0,N_+1","C_+0,C_-2,N_+0,N_+1"
1010,3QUL_A.pdb,H2-Db,KAVSNFATM,9,"2,9","1,2,3,5,9","C_+0,N_+1","C_+0,N_+0,N_+1,N_+2,N_+4"
1011,2GUO_B.pdb,HLA-A*02:01,AAGIGILTV,9,"2,9","6,1,2,9","C_+0,N_+1","C_+0,C_-3,N_+0,N_+1"
1012,1I4F_B.pdb,HLA-A*02:01,GVYDGREHTV,10,"2,10","1,2,10","C_+0,N_+1","C_+0,N_+0,N_+1"
1013,6O53_A.pdb,HLA-A*02:01,KLVVVGAVGV,10,"2,10","2,10","C_+0,N_+1","C_+0,N_+1"
1014,3MRH_B.pdb,HLA-A*02:01,CISGVCWTV,9,"2,9","1,2,9","C_+0,N_+1","C_+0,N_+0,N_+1"
1015,3MV7_B.pdb,HLA-B*35:01,HPVGEADYFEY,11,"2,11","1,2,11","C_+0,N_+1","C_+0,N_+0,N_+1"
1016,5EU4_B.pdb,HLA-A*02:01,YLAPGPVTA,9,"2,9","9,2","C_+0,N_+1","C_+0,N_+1"
1017,1XR9_A.pdb,HLA-B*15:01,ILGPPGSVY,9,"2,9","1,2,9","C_+0,N_+1","C_+0,N_+0,N_+1"
1018,6P2C.pdb,HLA-B*08:01,AAAKKKYCL,9,"2,9","6,2,9","C_+0,N_+1","C_+0,C_-3,N_+1"
1019,1OF2_B.pdb,HLA-B*27:09,RRKWRRWHL,9,"2,9","9,2","C_+0,N_+1","C_+0,N_+1"
1020,1KJ3_A.pdb,H2-Kb,KVITFIDL,8,"2,8","2,5,8","C_+0,N_+1","C_+0,C_-3,N_+1"
1021,4G43.pdb,Gaga-BF2*004:01:01,IDWFEGKE,8,"2,8","2,5,8","C_+0,N_+1","C_+0,C_-3,N_+1"
1022,1S9X.pdb,HLA-A*02:01,SLLMWITQA,9,"2,9","6,1,2,3,9","C_+0,N_+1","C_+0,C_-3,N_+0,N_+1,N_+2"
1023,5M01_B.pdb,H2-Db,KAPANFATM,9,"2,9","1,2,3,5,9","C_+0,N_+1","C_+0,N_+0,N_+1,N_+2,N_+4"
1024,1ED3.pdb,Rano-A1*b,ILFPSSERLISNR,13,"2,13","2,3,10,13","C_+0,N_+1","C_+0,C_-3,N_+1,N_+2"
1025,3D25_B.pdb,HLA-A*02:01,VLHDDLLEA,9,"2,9","6,1,2,9","C_+0,N_+1","C_+0,C_-3,N_+0,N_+1"
1026,6TRO.pdb,HLA-A*02:01,GVYDGREHTV,10,"2,10","1,2,10","C_+0,N_+1","C_+0,N_+0,N_+1"
1027,1QEW.pdb,HLA-A*02:01,FLWGPRALV,9,"2,9","9,2","C_+0,N_+1","C_+0,N_+1"
1028,4PRA_B.pdb,HLA-B*35:01,HPVGQADYFEY,11,"2,11","1,2,11","C_+0,N_+1","C_+0,N_+0,N_+1"
1029,3RWH_B.pdb,Mamu-B*017:01:01:01,MRHVLEPF,8,"2,8","1,2,5,8","C_+0,N_+1","C_+0,C_-3,N_+0,N_+1"
1030,3W0W.pdb,HLA-A*24:02,RFPLTFGWCF,10,"2,10","2,10","C_+0,N_+1","C_+0,N_+1"
1031,6O4Z_B.pdb,HLA-A*02:01,KLVVVAVGV,9,"2,9","9,2","C_+0,N_+1","C_+0,N_+1"
1032,3TBS.pdb,H2-Db,KAPANFATM,9,"2,9","1,2,3,5,9","C_+0,N_+1","C_+0,N_+0,N_+1,N_+2,N_+4"
1033,4I4W_A.pdb,HLA-A*02:01,ILAKFLHRL,9,"2,9","2,5,9","C_+0,N_+1","C_+0,N_+1,N_+4"
1034,4JRX.pdb,HLA-B*35:08,LPEPLPQGQLTAY,13,"2,13","1,2,3,13","C_+0,N_+1","C_+0,N_+0,N_+1,N_+2"
1035,6O4Z_A.pdb,HLA-A*02:01,KLVVVAVGV,9,"2,9","9,2","C_+0,N_+1","C_+0,N_+1"
1036,3FQT_B.pdb,HLA-A*02:01,GLLGSPVRA,9,"2,9","1,2,9","C_+0,N_+1","C_+0,N_+0,N_+1"
1037,2BVP.pdb,HLA-B*57:03,ISPRTLDAW,9,"2,9","9,2,3","C_+0,N_+1","C_+0,N_+1,N_+2"
1038,4I4W_B.pdb,HLA-A*02:01,ILAKFLHRL,9,"2,9","2,5,9","C_+0,N_+1","C_+0,N_+1,N_+4"
1039,4QRQ_A.pdb,HLA-B*08:01,HSKKKCDEL,9,"2,9","1,2,9","C_+0,N_+1","C_+0,N_+0,N_+1"
1040,5D9S_B.pdb,HLA-A*02:01,FVLELEPEWTV,11,"2,11","2,11","C_+0,N_+1","C_+0,N_+1"
1041,3MYJ_A.pdb,HLA-A*02:01,YMFPNAPYL,9,"2,9","9,2","C_+0,N_+1","C_+0,N_+1"
1042,1FG2.pdb,H2-Db,KAVYNFATC,9,"2,9","1,2,3,5,9","C_+0,N_+1","C_+0,N_+0,N_+1,N_+2,N_+4"
1043,6ULR.pdb,HLA-C*08:02,GADGVGKSA,9,"2,9","1,2,3,5,9","C_+0,N_+1","C_+0,N_+0,N_+1,N_+2,N_+4"
1044,3UTT_B.pdb,HLA-A*02:01,ALWGPDPAAA,10,"2,10","1,2,10","C_+0,N_+1","C_+0,N_+0,N_+1"
1045,1AO7.pdb,HLA-A*02:01,LLFGYPVYV,9,"2,9","9,2","C_+0,N_+1","C_+0,N_+1"
1046,3MRK_B.pdb,HLA-A*02:01,PLFQVPEPV,9,"2,9","1,2,9","C_+0,N_+1","C_+0,N_+0,N_+1"
1047,3KYN.pdb,Mamu-B*008:01:01:01,KGPPAALTL,9,"2,9","1,2,7,9","C_+0,N_+1","C_+0,C_-2,N_+0,N_+1"
1048,5NPZ_A.pdb,SLA-1*14:02,EFEDLTFLA,9,"2,9","9,2","C_+0,N_+1","C_+0,N_+1"
1049,6Y2B_A.pdb,HLA-B*27:09,GRLNQPIKV,9,"2,9","1,2,9","C_+0,N_+1","C_+0,N_+0,N_+1"
1050,6D2T_B.pdb,HLA-B*57:01,LALLTGVRW,9,"2,9","9,2","C_+0,N_+1","C_+0,N_+1"
1051,2H6P.pdb,HLA-B*35:01,KPIVVLHGY,9,"2,9","9,2","C_+0,N_+1","C_+0,N_+1"
1052,3PWL_B.pdb,HLA-A*02:01,LGYGFVNYI,9,"2,9","9,2","C_+0,N_+1","C_+0,N_+1"
1053,4MJ5.pdb,HLA-A*11:01,TIAMELIRMIK,11,"2,11","1,2,11","C_+0,N_+1","C_+0,N_+0,N_+1"
1054,4HUW_A.pdb,H2-Db,ASNENTETM,9,"2,9","1,2,3,5,9","C_+0,N_+1","C_+0,N_+0,N_+1,N_+2,N_+4"
1055,1JGE_B.pdb,HLA-B*27:05,GRFAAAIAK,9,"2,9","1,2,9","C_+0,N_+1","C_+0,N_+0,N_+1"
1056,5ISZ.pdb,HLA-A*02:01,GILGFVFTL,9,"2,9","1,2,9","C_+0,N_+1","C_+0,N_+0,N_+1"
1057,2J8U.pdb,HLA-A*02:01,ALWGFFPVL,9,"2,9","1,2,9","C_+0,N_+1","C_+0,N_+0,N_+1"
1058,2BCK.pdb,HLA-A*24:02,VYGFVRACL,9,"2,9","2,5,9","C_+0,N_+1","C_+0,N_+1,N_+4"
1059,5VWJ_B.pdb,HLA-B*58:01,LTVQVARVW,9,"2,9","2,7,9","C_+0,N_+1","C_+0,C_-2,N_+1"
1060,1B0G.pdb,HLA-A*02:01,ALWGFFPVL,9,"2,9","1,2,9","C_+0,N_+1","C_+0,N_+0,N_+1"
1061,5N6B_B.pdb,HLA-A*02:01,LLWNGPMAV,9,"2,9","9,2","C_+0,N_+1","C_+0,N_+1"
1062,6V3J_B.pdb,HLA-B*57:03,LSSPVTKSF,9,"2,9","9,2","C_+0,N_+1","C_+0,N_+1"
1063,4QRR.pdb,HLA-B*35:01,IPSINVHHY,9,"2,9","1,2,9","C_+0,N_+1","C_+0,N_+0,N_+1"
1064,1JF1_B.pdb,HLA-A*02:01,ELAGIGILTV,10,"2,10","2,10","C_+0,N_+1","C_+0,N_+1"
1065,2BNR.pdb,HLA-A*02:01,SLLMWITQC,9,"2,9","1,2,9","C_+0,N_+1","C_+0,N_+0,N_+1"
1066,4WDI_A.pdb,H2-Kd,LYLVCGERG,9,"2,9","1,2,3,5,9","C_+0,N_+1","C_+0,N_+0,N_+1,N_+2,N_+4"
1067,5SWQ_A.pdb,HLA-A*02:01,CVNGSCFTV,9,"2,9","1,2,9","C_+0,N_+1","C_+0,N_+0,N_+1"
1068,5C0D_B.pdb,HLA-A*02:01,AQWGPDPAAA,10,"2,10","1,2,10","C_+0,N_+1","C_+0,N_+0,N_+1"
1069,1QVO.pdb,HLA-A*11:01,QVPLRPMTYK,10,"2,10","1,2,7,10","C_+0,N_+1","C_+0,C_-3,N_+0,N_+1"
1070,3RWE_B.pdb,Mamu-B*017:01:01:01,FQWMGYELW,9,"2,9","1,2,7,9","C_+0,N_+1","C_+0,C_-2,N_+0,N_+1"
1071,4L8B_A.pdb,H2-Db,ASNEHMETM,9,"2,9","1,2,5,9","C_+0,N_+1","C_+0,N_+0,N_+1,N_+4"
1072,2AV7.pdb,HLA-A*02:01,LLFGYPVYV,9,"2,9","9,2","C_+0,N_+1","C_+0,N_+1"
1073,1S7R.pdb,H2-Kb,KAVYNLATM,9,"2,9","6,2,4,3,9","C_+0,N_+1","C_+0,C_-3,N_+1,N_+2,N_+3"
1074,3KLA.pdb,HLA-A*02:01,SLLMWITQL,9,"2,9","6,1,2,9","C_+0,N_+1","C_+0,C_-3,N_+0,N_+1"
1075,6PTB.pdb,HLA-A*02:01,ILNAMIAKI,9,"2,9","9,2","C_+0,N_+1","C_+0,N_+1"
1076,5VUE_A.pdb,HLA-B*57:01,LTVQVARVW,9,"2,9","9,2","C_+0,N_+1","C_+0,N_+1"
1077,3X11_A.pdb,HLA-B*57:01,LSSPVTKSF,9,"2,9","7,2,9","C_+0,N_+1","C_+0,C_-2,N_+1"
1078,3BH9_B.pdb,HLA-A*02:01,RTYSGPMNKV,10,"2,10","2,10","C_+0,N_+1","C_+0,N_+1"
1079,5IVX_A.pdb,H2-Dd,RGPGRAFVTI,10,"2,10","2,3,5,10","C_+0,N_+1","C_+0,N_+1,N_+2,N_+4"
1080,5VGD_A.pdb,HLA-C*05:01,SAEPVPLQL,9,"2,9","1,2,3,7,9","C_+0,N_+1","C_+0,C_-2,N_+0,N_+1,N_+2"
1081,4JFO.pdb,HLA-A*02:01,ALAGIGILTV,10,"2,10","1,2,10","C_+0,N_+1","C_+0,N_+0,N_+1"
1082,6OPD_B.pdb,HLA-A*02:01,ILNAMIVKI,9,"2,9","9,2","C_+0,N_+1","C_+0,N_+1"
1083,1JF1_A.pdb,HLA-A*02:01,ELAGIGILTV,10,"2,10","2,10","C_+0,N_+1","C_+0,N_+1"
1084,6PTE_A.pdb,HLA-A*02:01,ILNAMITKI,9,"2,9","1,2,9","C_+0,N_+1","C_+0,N_+0,N_+1"
1085,5JWE_A.pdb,H2-Db,CSANNSHHYI,10,"2,10","1,2,5,10","C_+0,N_+1","C_+0,N_+0,N_+1,N_+4"
1086,7K80.pdb,HLA-A*24:02,RYPLTFGW,8,"2,8","2,3,5,8","C_+0,N_+1","C_+0,C_-3,N_+1,N_+2"
1087,4HV8_A.pdb,H2-Db,ASNENIETM,9,"2,9","1,2,5,9","C_+0,N_+1","C_+0,N_+0,N_+1,N_+4"
1088,3MV8_B.pdb,HLA-B*35:01,HPVGEADYFEY,11,"2,11","1,2,11","C_+0,N_+1","C_+0,N_+0,N_+1"
1089,1CE6.pdb,H2-Db,FAPGNYPAL,9,"2,9","2,3,5,9","C_+0,N_+1","C_+0,N_+1,N_+2,N_+4"
1090,2BSR.pdb,HLA-B*27:05,RRIYDLIEL,9,"2,9","9,2","C_+0,N_+1","C_+0,N_+1"
1091,6MT4_A.pdb,HLA-B*37:01,FEDLRVSSF,9,"2,9","1,2,5,9","C_+0,N_+1","C_+0,N_+0,N_+1,N_+4"
1092,5MEO_B.pdb,HLA-A*02:01,ILGKFLHRL,9,"2,9","2,5,9","C_+0,N_+1","C_+0,N_+1,N_+4"
1093,3NFJ.pdb,HLA-A*24:02,RYPLTFGWCF,10,"2,10","2,10","C_+0,N_+1","C_+0,N_+1"
1094,1QLF.pdb,H2-Db,FAPSNYPAL,9,"2,9","2,3,5,9","C_+0,N_+1","C_+0,N_+1,N_+2,N_+4"
1095,4PRD_A.pdb,HLA-B*35:08,HPVGDADYFEY,11,"2,11","1,2,3,11","C_+0,N_+1","C_+0,N_+0,N_+1,N_+2"
1097,6Y28_B.pdb,HLA-B*27:05,GRLNEPIKV,9,"2,9","1,2,9","C_+0,N_+1","C_+0,N_+0,N_+1"
1098,3CDG.pdb,HLA-E*01:01,VMAPRTLFL,9,"2,9","6,1,2,7,9","C_+0,N_+1","C_+0,C_-2,C_-3,N_+0,N_+1"
1099,2V2X.pdb,HLA-A*02:01,SLFNTVATL,9,"2,9","1,2,9","C_+0,N_+1","C_+0,N_+0,N_+1"
1100,3VJ6_A.pdb,H2-Dk,AMAPRTLLL,9,"2,7","6,1,2,7,9","C_-2,N_+1","C_+0,C_-2,C_-3,N_+0,N_+1"
1101,1DUY.pdb,HLA-A*02:01,LFGYPVYV,8,"1,8","1,8","C_+0,N_+0","C_+0,N_+0"
1102,3BW9_B.pdb,HLA-B*35:08,CPSQEPMSIYVY,12,"2,12","1,2,12","C_+0,N_+1","C_+0,N_+0,N_+1"
1103,3LV3_A.pdb,HLA-B*27:05,SRRWRRWNR,9,"2,9","1,2,9","C_+0,N_+1","C_+0,N_+0,N_+1"
1104,5BS0.pdb,HLA-A*01:01,ESDPIVAQY,9,"2,9","1,2,9","C_+0,N_+1","C_+0,N_+0,N_+1"
1105,3BHB.pdb,HLA-A*02:01,KMDSFLDMQL,10,"2,10","2,10","C_+0,N_+1","C_+0,N_+1"
1106,3PAB_B.pdb,H2-Kb,EIINFEKL,8,"2,8","2,5,8","C_+0,N_+1","C_+0,C_-3,N_+1"
1107,3MRK_A.pdb,HLA-A*02:01,PLFQVPEPV,9,"2,9","1,2,9","C_+0,N_+1","C_+0,N_+0,N_+1"
1108,2YEZ_B.pdb,Gaga-BF2*021:01:01,TNPESKVFYL,10,"2,10","2,3,10","C_+0,N_+1","C_+0,N_+1,N_+2"
1109,3MRE_A.pdb,HLA-A*02:01,GLCTLVAML,9,"2,9","1,2,9","C_+0,N_+1","C_+0,N_+0,N_+1"
1110,6R2L_B.pdb,HLA-A*02:01,SLSKILDTV,9,"2,9","1,2,9","C_+0,N_+1","C_+0,N_+0,N_+1"
1111,1A1M.pdb,HLA-B*53:01,TPYDINQML,9,"2,9","1,2,9","C_+0,N_+1","C_+0,N_+0,N_+1"
1112,1ZT1_A.pdb,H2-Kk,FEANGNLI,8,"2,8","8,2","C_+0,N_+1","C_+0,N_+1"
1113,4F7T_B.pdb,HLA-A*24:02,RYGFVANF,8,"2,8","2,5,8","C_+0,N_+1","C_+0,C_-3,N_+1"
1114,4NNY.pdb,HLA-A*02:01,RQASLSISV,9,"2,9","9,2","C_+0,N_+1","C_+0,N_+1"
1115,1KJV_A.pdb,Rano-A1*b,NPRAMQALL,9,"2,9","1,2,9","C_+0,N_+1","C_+0,N_+0,N_+1"
1116,2HJL.pdb,HLA-B*57:06,KAFNPEIIPMF,11,"2,11","2,11","C_+0,N_+1","C_+0,N_+1"
1117,5FDW_A.pdb,HLA-A*02:01,YLSPIASPLL,10,"2,10","2,10","C_+0,N_+1","C_+0,N_+1"
1118,1YN6.pdb,H2-Db,SSLENFRAYV,10,"2,10","1,2,3,5,10","C_+0,N_+1","C_+0,N_+0,N_+1,N_+2,N_+4"
1119,2F74.pdb,H2-Db,KAVYNFATM,9,"2,9","1,2,3,5,9","C_+0,N_+1","C_+0,N_+0,N_+1,N_+2,N_+4"
1120,6AT5_A.pdb,HLA-B*07:02,APRGPHGGAASGL,13,"2,13","1,2,13","C_+0,N_+1","C_+0,N_+0,N_+1"
1121,5WEU_A.pdb,H2-Dd,RGPGCAFVTI,10,"2,10","1,2,3,10","C_+0,N_+1","C_+0,N_+0,N_+1,N_+2"
1122,3TBW.pdb,H2-Db,KGPSNFATM,9,"2,9","1,2,3,5,9","C_+0,N_+1","C_+0,N_+0,N_+1,N_+2,N_+4"
1123,3QFJ.pdb,HLA-A*02:01,LLFGFPVYV,9,"2,9","9,2","C_+0,N_+1","C_+0,N_+1"
1124,6H6D_A.pdb,H2-Db,SGPSNTPPEI,10,"2,10","1,2,3,5,10","C_+0,N_+1","C_+0,N_+0,N_+1,N_+2,N_+4"
1125,1T21.pdb,HLA-A*02:01,SLYNTVATL,9,"2,9","1,2,9","C_+0,N_+1","C_+0,N_+0,N_+1"
1126,2YEZ_A.pdb,Gaga-BF2*021:01:01,TNPESKVFYL,10,"2,10","2,3,10","C_+0,N_+1","C_+0,N_+1,N_+2"
1127,1K8D.pdb,H2-Dk,ILMEHIHKL,9,"2,9","2,3,7,9","C_+0,N_+1","C_+0,C_-2,N_+1,N_+2"
1128,6PTE_B.pdb,HLA-A*02:01,ILNAMITKI,9,"2,9","1,2,9","C_+0,N_+1","C_+0,N_+0,N_+1"
1129,5T6W.pdb,HLA-B*57:01,SSTRGISQLW,10,"2,10","2,3,10","C_+0,N_+1","C_+0,N_+1,N_+2"
1130,1DDH.pdb,H2-Dd,RGPGRAFVTI,10,"2,10","2,3,5,10","C_+0,N_+1","C_+0,N_+1,N_+2,N_+4"
1131,5IVX_B.pdb,H2-Dd,RGPGRAFVTI,10,"2,10","2,3,5,10","C_+0,N_+1","C_+0,N_+1,N_+2,N_+4"
1132,2P5W_B.pdb,HLA-A*02:01,SLLMWITQC,9,"2,9","1,2,9","C_+0,N_+1","C_+0,N_+0,N_+1"
1133,3SKM_B.pdb,HLA-B*08:01,FLRGRAYVL,9,"2,9","1,2,5,9","C_+0,N_+1","C_+0,N_+0,N_+1,N_+4"
1134,3O4L.pdb,HLA-A*02:01,GLCTLVAML,9,"2,9","1,2,9","C_+0,N_+1","C_+0,N_+0,N_+1"
1135,5C0C.pdb,HLA-A*02:01,RQFGPDWIVA,10,"2,10","2,10","C_+0,N_+1","C_+0,N_+1"
1136,1BQH.pdb,H2-Kb,RGYVYQGL,8,"2,8","8,2","C_+0,N_+1","C_+0,N_+1"
1137,1I1Y.pdb,HLA-A*02:01,YLKEPVHGV,9,"2,9","9,2","C_+0,N_+1","C_+0,N_+1"
1138,3QUK_B.pdb,H2-Db,KAVANFATM,9,"2,9","1,2,3,5,9","C_+0,N_+1","C_+0,N_+0,N_+1,N_+2,N_+4"
1139,7K81_B.pdb,HLA-A*24:02,RYPLTFGW,8,"2,8","2,3,5,8","C_+0,N_+1","C_+0,C_-3,N_+1,N_+2"
1140,4QRU_B.pdb,HLA-B*08:01,ELRRKMMYM,9,"2,9","1,2,9","C_+0,N_+1","C_+0,N_+0,N_+1"
1141,4HUU_A.pdb,H2-Db,ASNENIETM,9,"2,9","1,2,5,9","C_+0,N_+1","C_+0,N_+0,N_+1,N_+4"
1142,6V2Q_A.pdb,HLA-B*57:03,LSSPVTKSF,9,"2,9","9,2","C_+0,N_+1","C_+0,N_+1"
1143,2AXF_B.pdb,HLA-B*35:08,APQPAPENAY,10,"2,10","1,2,10","C_+0,N_+1","C_+0,N_+0,N_+1"
1144,3KPO_A.pdb,HLA-B*44:03,EEYLKAWTF,9,"2,9","1,2,9","C_+0,N_+1","C_+0,N_+0,N_+1"
1145,6IRL.pdb,Gaga-BF2*015:01:01,RREVHTYY,8,"2,8","8,2","C_+0,N_+1","C_+0,N_+1"
1146,2YPL.pdb,HLA-B*57:06,KAFSPEVIPMF,11,"2,11","2,11","C_+0,N_+1","C_+0,N_+1"
1147,1QR1.pdb,HLA-A*02:01,IISAVVGIL,9,"2,9","9,2","C_+0,N_+1","C_+0,N_+1"
1148,3RWF_B.pdb,Mamu-B*017:01:01:01,QTSQWDDPW,9,"2,9","1,2,9","C_+0,N_+1","C_+0,N_+0,N_+1"
1149,4NO0.pdb,HLA-A*02:01,RQASIELPSMAV,12,"2,12","2,12","C_+0,N_+1","C_+0,N_+1"
1150,2X4R_A.pdb,HLA-A*02:01,NLVPMVATV,9,"2,9","9,2","C_+0,N_+1","C_+0,N_+1"
1151,2AV1.pdb,HLA-A*02:01,LLFGYPVYV,9,"2,9","9,2","C_+0,N_+1","C_+0,N_+1"
1152,5IB3_A.pdb,HLA-B*27:05,RRKWRRWHL,9,"2,9","9,2","C_+0,N_+1","C_+0,N_+1"
1153,1KTL.pdb,HLA-E*01:03,VTAPRTLLL,9,"2,9","6,1,2,7,9","C_+0,N_+1","C_+0,C_-2,C_-3,N_+0,N_+1"
1154,3HPJ_B.pdb,HLA-A*02:01,RMFPNAPYL,9,"2,9","9,2","C_+0,N_+1","C_+0,N_+1"
1155,5WXD.pdb,HLA-A*24:02,LYKKLKREMTF,11,"2,11","2,3,11","C_+0,N_+1","C_+0,N_+1,N_+2"
1156,5FDW_B.pdb,HLA-A*02:01,YLSPIASPLL,10,"2,10","2,10","C_+0,N_+1","C_+0,N_+1"
1157,1LD9.pdb,H2-Ld,YPNVNIHNF,9,"2,9","1,2,3,9","C_+0,N_+1","C_+0,N_+0,N_+1,N_+2"
1158,3PWU.pdb,BoLA-2*018:01,IPAYGVLTI,9,"2,9","6,2,9","C_+0,N_+1","C_+0,C_-3,N_+1"
1159,4JRY.pdb,HLA-B*35:08,LPEPLPQGQLTAY,13,"2,13","1,2,13","C_+0,N_+1","C_+0,N_+0,N_+1"
1160,3VXO.pdb,HLA-A*24:02,RFPLTFGWCF,10,"2,10","2,8,10","C_+0,N_+1","C_+0,C_-2,N_+1"
1161,6GHN.pdb,HLA-E*01:03,RLPAKAPLF,9,"2,9","9,2","C_+0,N_+1","C_+0,N_+1"
1162,5JZI.pdb,HLA-A*02:01,KLVALGINAV,10,"2,10","2,10","C_+0,N_+1","C_+0,N_+1"
1163,6O9B_A.pdb,HLA-A*03:01,TTAPSLSGK,9,"2,9","6,1,2,9","C_+0,N_+1","C_+0,C_-3,N_+0,N_+1"
1164,6ULI.pdb,HLA-C*08:02,GADGVGKSA,9,"2,9","1,2,3,5,9","C_+0,N_+1","C_+0,N_+0,N_+1,N_+2,N_+4"
1165,4K7F_A.pdb,HLA-A*02:01,VCWGELMNL,9,"2,9","1,2,9","C_+0,N_+1","C_+0,N_+0,N_+1"
1166,3VXR.pdb,HLA-A*24:02,RYPLTFGWCF,10,"2,10","2,10","C_+0,N_+1","C_+0,N_+1"
1167,3QZW.pdb,HLA-A*24:02,RYPLTFGWCF,10,"2,10","2,8,10","C_+0,N_+1","C_+0,C_-2,N_+1"
1168,3X12_A.pdb,HLA-B*57:01,LSSPVTKSF,9,"2,9","9,2","C_+0,N_+1","C_+0,N_+1"
1169,3H9S.pdb,HLA-A*02:01,MLWGYLQYV,9,"2,9","9,2","C_+0,N_+1","C_+0,N_+1"
1170,5D2N.pdb,HLA-A*02:01,NLVPMVATV,9,"2,9","6,1,2,9","C_+0,N_+1","C_+0,C_-3,N_+0,N_+1"
1171,1T1Z.pdb,HLA-A*02:01,ALYNTAAAL,9,"2,9","1,2,9","C_+0,N_+1","C_+0,N_+0,N_+1"
1172,6KWK.pdb,SLA-1*04:01:01,MTAHITVPY,9,"2,9","9,2","C_+0,N_+1","C_+0,N_+1"
1173,5W1V.pdb,HLA-E*01:01,VMAPRTLIL,9,"2,9","6,1,2,7,9","C_+0,N_+1","C_+0,C_-2,C_-3,N_+0,N_+1"
1174,3MRF_B.pdb,HLA-A*02:01,GLCPLVAML,9,"2,9","6,1,2,9","C_+0,N_+1","C_+0,C_-3,N_+0,N_+1"
1175,1S7T.pdb,H2-Kb,AVFNFATM,8,"2,8","1,2,3,5,8","C_+0,N_+1","C_+0,C_-3,N_+0,N_+1,N_+2"
1176,4Z77.pdb,H2-Kd,LYLVCGERV,9,"2,9","1,2,3,5,9","C_+0,N_+1","C_+0,N_+0,N_+1,N_+2,N_+4"
1177,2MHA.pdb,H2-Kb,RGYVYQGL,8,"2,8","8,2","C_+0,N_+1","C_+0,N_+1"
1178,3LKR_B.pdb,HLA-B*35:01,LPFERATVM,9,"2,9","1,2,9","C_+0,N_+1","C_+0,N_+0,N_+1"
1179,3KYO.pdb,Mamu-B*008:01:01:01,KLPAQFYIL,9,"2,9","9,2","C_+0,N_+1","C_+0,N_+1"
1180,3QQ3.pdb,SLA-1*04:01:01,NSDTVGWSW,9,"2,9","9,2","C_+0,N_+1","C_+0,N_+1"
1181,4JFP_A.pdb,HLA-A*02:01,ELAAIGILTV,10,"2,10","2,10","C_+0,N_+1","C_+0,N_+1"
1182,1G6R.pdb,H2-Kb,SIYRYYGL,8,"2,8","1,2,8","C_+0,N_+1","C_+0,N_+0,N_+1"
1183,3BVN.pdb,HLA-B*14:02,RRRWRRLTV,9,"2,9","9,2","C_+0,N_+1","C_+0,N_+1"
1184,1N2R.pdb,HLA-B*44:03,EEFGRAFSF,9,"2,9","1,2,9","C_+0,N_+1","C_+0,N_+0,N_+1"
1185,5VWH_A.pdb,HLA-B*58:01,LSSPVTKSW,9,"2,9","7,2,9","C_+0,N_+1","C_+0,C_-2,N_+1"
1186,5MEO_A.pdb,HLA-A*02:01,ILGKFLHRL,9,"2,9","2,5,9","C_+0,N_+1","C_+0,N_+1,N_+4"
